Patient_ID,Age,Gender,BMI,Blood_Pressure,Glucose_Level,Insulin_Level,Physical_Activity,Smoking,Family_History,High_Blood_Pressure,Diabetes
P00001,56,Male,32.5,141,141,121,Low,No,No,Yes,No
P00002,69,Female,36.3,103,176,135,Low,No,Yes,No,Yes
P00003,46,Male,29.0,142,87,89,Low,Yes,Yes,Yes,No
P00004,32,Female,25.8,91,214,72,Medium,Yes,No,No,No
P00005,60,Male,31.7,97,105,121,Low,Yes,No,No,No
P00006,25,Male,30.9,109,78,79,Low,No,No,No,No
P00007,78,Female,25.6,133,163,105,Low,Yes,No,No,Yes
P00008,38,Female,26.8,136,129,99,Medium,No,No,No,No
P00009,56,Female,24.0,110,202,181,Low,No,Yes,No,No
P00010,75,Male,27.8,90,91,139,Medium,No,Yes,No,No
P00011,36,Female,28.5,142,131,161,High,Yes,Yes,Yes,No
P00012,40,Female,23.1,136,169,124,Low,Yes,No,No,No
P00013,28,Female,21.6,133,95,118,Low,Yes,No,No,No
P00014,28,Female,20.4,160,170,124,Low,Yes,Yes,Yes,Yes
P00015,41,Female,29.1,128,139,84,Low,No,No,No,No
P00016,70,Male,26.9,107,90,54,Low,No,No,No,No
P00017,53,Female,26.6,149,169,131,Low,No,No,Yes,No
P00018,57,Female,29.3,118,118,128,Medium,No,No,No,No
P00019,41,Male,22.5,123,167,169,Medium,No,Yes,No,Yes
P00020,20,Female,21.6,115,100,144,Medium,No,No,No,No
P00021,39,Female,28.2,110,74,85,High,Yes,Yes,No,No
P00022,70,Female,18.4,117,110,55,Medium,No,No,No,No
P00023,19,Female,25.7,152,121,121,High,Yes,No,Yes,No
P00024,41,Female,39.3,106,132,106,Medium,No,No,No,No
P00025,61,Male,20.3,144,144,80,Medium,No,No,Yes,Yes
P00026,47,Male,24.9,92,194,130,Medium,Yes,No,No,No
P00027,55,Male,16.4,154,121,52,Medium,No,Yes,Yes,No
P00028,19,Female,25.8,156,187,77,Medium,No,No,Yes,No
P00029,77,Male,36.8,107,161,233,Medium,Yes,No,No,Yes
P00030,38,Female,29.3,126,122,61,Medium,Yes,No,No,No
P00031,50,Female,23.9,137,136,125,Medium,No,No,No,No
P00032,29,Female,37.9,114,139,150,Medium,No,No,No,No
P00033,75,Male,18.3,159,161,143,Low,No,Yes,Yes,Yes
P00034,39,Male,29.3,125,166,135,Low,No,No,No,Yes
P00035,78,Male,27.3,116,76,125,High,No,Yes,No,No
P00036,61,Female,25.8,126,159,104,High,No,No,No,Yes
P00037,42,Male,31.0,112,139,170,Low,No,No,No,No
P00038,66,Female,21.1,125,139,167,Low,No,No,No,No
P00039,44,Male,28.6,117,120,150,High,No,No,No,No
P00040,76,Male,27.9,111,150,177,Medium,No,No,No,No
P00041,80,Female,22.6,139,156,148,Low,No,No,No,Yes
P00042,59,Female,36.7,95,129,90,Low,Yes,Yes,No,No
P00043,45,Male,26.1,157,161,74,Medium,No,Yes,Yes,No
P00044,77,Male,26.3,129,103,122,Low,No,No,No,No
P00045,33,Male,21.9,158,125,118,Medium,No,Yes,Yes,No
P00046,32,Female,26.2,142,138,126,Medium,No,No,Yes,No
P00047,79,Female,38.7,101,114,174,Medium,Yes,No,No,Yes
P00048,79,Male,25.7,126,113,88,Low,Yes,Yes,No,No
P00049,64,Male,29.6,93,92,98,High,Yes,No,No,No
P00050,79,Female,31.8,109,140,118,Low,Yes,No,No,No
P00051,68,Male,26.1,123,193,98,Medium,No,Yes,No,Yes
P00052,61,Female,25.0,112,146,23,Low,No,Yes,No,No
P00053,72,Female,29.4,116,119,84,Low,Yes,No,No,Yes
P00054,69,Female,25.8,113,171,61,Medium,Yes,No,No,No
P00055,74,Female,25.3,165,124,167,Low,No,No,Yes,No
P00056,20,Female,31.7,127,151,68,Medium,No,No,No,No
P00057,54,Female,26.7,136,145,103,Low,Yes,No,No,No
P00058,68,Male,33.1,124,73,107,Medium,No,Yes,No,No
P00059,24,Female,26.5,131,129,127,Low,Yes,No,No,No
P00060,38,Female,20.4,88,200,117,High,No,No,No,No
P00061,26,Male,16.0,155,106,119,Medium,Yes,No,Yes,No
P00062,56,Female,17.8,112,181,65,Medium,No,No,No,No
P00063,35,Male,18.7,146,160,93,Medium,No,Yes,Yes,Yes
P00064,21,Female,28.3,146,109,43,Medium,No,Yes,Yes,No
P00065,42,Male,22.1,93,129,122,Low,Yes,Yes,No,No
P00066,77,Male,17.1,126,91,70,High,No,No,No,No
P00067,31,Female,26.3,132,158,166,Medium,No,Yes,No,No
P00068,67,Female,21.6,127,92,20,High,No,No,No,No
P00069,75,Female,29.3,125,143,192,Medium,Yes,Yes,No,Yes
P00070,26,Female,29.2,117,192,116,Low,No,Yes,No,Yes
P00071,43,Male,29.7,112,106,91,Medium,Yes,Yes,No,No
P00072,70,Male,16.0,144,141,130,Medium,No,Yes,Yes,No
P00073,19,Male,27.2,132,76,171,Low,Yes,No,No,No
P00074,37,Female,26.4,128,130,190,Medium,No,Yes,No,No
P00075,45,Male,20.9,96,93,105,Medium,No,No,No,No
P00076,64,Female,16.3,120,137,20,Low,No,No,No,No
P00077,77,Female,26.5,124,110,101,Low,No,Yes,No,Yes
P00078,24,Male,32.3,140,94,81,Medium,Yes,Yes,Yes,No
P00079,61,Female,16.0,94,124,135,Low,No,Yes,No,No
P00080,78,Male,22.8,105,65,86,High,No,Yes,No,No
P00081,25,Female,27.7,157,92,54,Low,No,No,Yes,No
P00082,64,Male,32.6,111,211,81,High,Yes,No,No,Yes
P00083,52,Female,25.4,92,120,166,High,No,No,No,No
P00084,31,Male,36.7,112,112,111,High,No,No,No,No
P00085,34,Male,18.0,111,142,149,Low,Yes,No,No,No
P00086,53,Female,16.9,137,166,86,Low,Yes,Yes,No,Yes
P00087,67,Female,32.1,136,186,158,Low,No,Yes,No,Yes
P00088,57,Male,16.0,108,127,66,High,No,No,No,No
P00089,21,Female,29.3,118,122,71,High,Yes,No,No,No
P00090,19,Female,25.5,135,143,167,Low,Yes,Yes,No,No
P00091,79,Female,22.5,135,131,164,Low,Yes,No,No,No
P00092,23,Male,24.9,106,123,20,Medium,No,Yes,No,No
P00093,71,Male,20.6,108,150,150,Low,No,No,No,No
P00094,59,Female,25.4,163,150,45,Medium,No,No,Yes,Yes
P00095,21,Female,27.1,120,131,153,High,No,Yes,No,No
P00096,71,Male,24.9,152,214,152,Medium,Yes,No,Yes,Yes
P00097,46,Female,24.1,129,196,176,Medium,No,Yes,No,Yes
P00098,80,Male,28.3,145,149,182,Low,Yes,No,Yes,Yes
P00099,35,Female,35.3,136,170,116,Low,Yes,No,No,No
P00100,43,Female,25.7,128,106,94,Medium,No,Yes,No,No
P00101,61,Female,31.1,128,130,104,High,No,No,No,No
P00102,51,Male,22.2,103,155,99,Medium,No,No,No,No
P00103,27,Male,20.3,122,178,93,Low,Yes,No,No,No
P00104,79,Male,29.3,116,93,97,Low,No,Yes,No,No
P00105,53,Male,25.8,119,106,156,Medium,No,Yes,No,No
P00106,31,Female,32.6,118,132,47,Low,No,No,No,No
P00107,48,Female,33.6,128,183,154,Low,Yes,No,No,No
P00108,65,Male,31.2,136,132,105,Low,Yes,No,No,Yes
P00109,32,Female,31.1,123,169,39,Medium,Yes,Yes,No,Yes
P00110,25,Female,16.0,142,124,132,Medium,Yes,No,Yes,No
P00111,31,Male,29.2,118,155,35,Low,No,No,No,No
P00112,40,Female,31.3,127,91,109,Low,No,Yes,No,No
P00113,77,Female,20.6,170,103,200,Low,No,No,Yes,Yes
P00114,74,Male,27.0,103,120,85,Medium,No,No,No,No
P00115,79,Female,21.8,117,87,88,Medium,No,No,No,No
P00116,57,Female,32.1,92,85,140,Low,No,Yes,No,No
P00117,38,Female,22.2,129,113,134,High,Yes,Yes,No,No
P00118,33,Male,23.0,125,76,134,Medium,Yes,No,No,No
P00119,62,Male,24.7,127,123,85,Medium,No,No,No,No
P00120,35,Female,38.2,109,137,126,High,Yes,Yes,No,No
P00121,64,Female,32.0,111,97,79,High,Yes,No,No,No
P00122,70,Female,35.1,126,114,126,High,No,Yes,No,No
P00123,41,Male,17.9,100,113,99,Medium,Yes,No,No,No
P00124,43,Male,20.7,141,181,139,Medium,Yes,No,Yes,Yes
P00125,42,Male,33.7,100,131,146,Low,No,No,No,No
P00126,77,Female,18.2,122,204,125,High,No,Yes,No,Yes
P00127,77,Female,23.6,117,111,70,Low,No,No,No,No
P00128,77,Female,37.3,116,110,37,Medium,No,No,No,No
P00129,62,Female,22.2,96,165,54,Medium,No,No,No,No
P00130,58,Female,17.9,124,65,61,Low,Yes,Yes,No,No
P00131,46,Male,27.2,103,152,240,Medium,No,No,No,No
P00132,32,Female,18.1,128,122,135,Medium,No,No,No,No
P00133,62,Female,33.2,111,129,115,High,No,No,No,No
P00134,18,Female,22.5,124,113,80,Low,No,No,No,No
P00135,42,Male,21.5,92,146,147,High,No,No,No,No
P00136,24,Female,27.1,141,65,96,High,Yes,No,Yes,No
P00137,26,Male,25.0,145,99,120,Medium,No,No,Yes,No
P00138,41,Male,28.3,115,194,132,Low,Yes,No,No,No
P00139,18,Male,29.6,175,127,124,High,No,No,Yes,No
P00140,61,Male,25.9,139,84,108,Medium,No,No,No,No
P00141,25,Male,21.2,120,127,59,Medium,Yes,Yes,No,No
P00142,41,Female,30.7,116,151,108,High,No,Yes,No,No
P00143,80,Female,23.5,111,128,154,Medium,No,No,No,No
P00144,28,Male,22.7,114,121,139,Low,No,No,No,No
P00145,68,Male,27.7,123,104,119,Low,No,No,No,No
P00146,34,Male,17.4,124,81,142,Medium,No,No,No,No
P00147,25,Female,29.0,100,65,51,Low,Yes,No,No,No
P00148,52,Female,28.0,149,96,98,Low,No,Yes,Yes,No
P00149,52,Male,32.6,139,171,103,Medium,Yes,No,No,Yes
P00150,50,Female,24.5,158,110,57,Medium,No,No,Yes,No
P00151,76,Female,33.6,132,119,128,High,Yes,Yes,No,No
P00152,22,Male,29.6,144,72,136,Low,Yes,Yes,Yes,No
P00153,59,Male,26.9,102,125,112,High,Yes,No,No,No
P00154,56,Female,36.1,136,111,114,Medium,Yes,Yes,No,No
P00155,75,Female,27.5,93,113,78,High,No,No,No,No
P00156,58,Female,24.4,108,104,79,High,No,No,No,No
P00157,45,Male,27.6,170,105,44,Medium,No,No,Yes,No
P00158,24,Male,24.3,119,116,97,Medium,No,No,No,No
P00159,26,Male,28.9,125,124,78,High,No,Yes,No,No
P00160,25,Female,33.6,138,65,69,Medium,No,No,No,No
P00161,29,Female,27.0,124,66,107,Medium,No,Yes,No,No
P00162,51,Male,27.5,107,107,88,Medium,No,No,No,No
P00163,50,Female,31.0,107,157,42,Low,No,No,No,No
P00164,65,Male,32.9,139,75,80,High,No,No,No,No
P00165,72,Female,24.7,130,145,99,Medium,No,No,No,Yes
P00166,40,Male,27.9,140,183,56,Low,Yes,No,Yes,Yes
P00167,79,Female,31.0,136,116,121,Low,No,Yes,No,No
P00168,41,Female,28.6,126,109,108,Medium,No,No,No,No
P00169,54,Male,17.7,125,144,66,High,No,No,No,No
P00170,52,Male,31.9,127,129,140,Medium,No,No,No,No
P00171,61,Male,29.6,118,103,167,High,No,No,No,No
P00172,57,Male,30.0,119,135,102,Low,Yes,No,No,No
P00173,39,Male,21.0,134,101,95,Medium,No,No,No,No
P00174,44,Female,27.8,151,173,91,Low,No,Yes,Yes,Yes
P00175,52,Male,31.2,95,117,81,Low,No,No,No,No
P00176,18,Male,22.6,168,140,63,Medium,No,No,Yes,Yes
P00177,52,Male,23.9,137,183,110,Low,No,Yes,No,No
P00178,54,Male,31.3,133,119,71,Low,No,No,No,No
P00179,64,Male,23.7,107,99,20,Low,No,No,No,Yes
P00180,31,Female,26.0,112,105,196,Low,No,Yes,No,No
P00181,20,Male,21.8,136,125,181,Medium,Yes,No,No,No
P00182,18,Male,36.1,130,120,110,High,No,No,No,No
P00183,22,Male,29.6,102,119,47,Low,Yes,Yes,No,No
P00184,43,Female,25.7,109,137,208,Low,No,Yes,No,No
P00185,72,Female,24.8,112,129,128,Low,No,No,No,No
P00186,80,Male,20.9,110,109,88,High,No,No,No,No
P00187,31,Male,26.4,130,125,173,Low,Yes,No,No,No
P00188,56,Female,30.3,107,101,60,Medium,No,No,No,No
P00189,44,Female,23.0,139,108,20,Low,No,Yes,No,No
P00190,26,Female,27.5,98,65,76,Medium,No,No,No,No
P00191,32,Male,25.2,143,96,137,Medium,No,No,Yes,No
P00192,32,Male,33.9,180,154,208,Low,No,No,Yes,No
P00193,43,Female,23.8,139,147,73,Medium,No,Yes,No,No
P00194,59,Male,30.9,115,151,53,Medium,Yes,No,No,No
P00195,77,Female,34.0,116,140,106,Medium,No,No,No,No
P00196,30,Female,25.1,105,108,104,Low,Yes,Yes,No,No
P00197,68,Female,24.1,144,81,190,Medium,No,No,Yes,No
P00198,80,Male,31.6,128,114,116,Medium,No,No,No,Yes
P00199,49,Female,18.1,92,65,200,Low,No,Yes,No,No
P00200,56,Female,29.2,99,165,167,High,Yes,Yes,No,No
P00201,66,Male,19.1,93,132,147,Low,No,Yes,No,No
P00202,69,Female,33.1,139,155,39,High,Yes,No,No,No
P00203,78,Male,25.7,107,107,87,Medium,No,No,No,No
P00204,49,Female,26.5,140,69,117,Medium,Yes,No,Yes,No
P00205,21,Male,23.4,115,131,20,Low,No,No,No,No
P00206,47,Female,19.1,139,131,75,Low,No,Yes,No,Yes
P00207,54,Female,33.3,120,120,91,Medium,Yes,No,No,No
P00208,40,Female,26.1,142,135,70,High,Yes,Yes,Yes,No
P00209,56,Female,43.0,111,108,200,High,No,Yes,No,No
P00210,62,Female,22.9,112,132,127,High,Yes,Yes,No,No
P00211,32,Male,23.8,117,141,96,Low,No,No,No,Yes
P00212,60,Male,22.5,140,184,22,Low,Yes,No,Yes,Yes
P00213,46,Female,26.1,106,152,81,Medium,Yes,No,No,No
P00214,53,Female,34.9,115,82,177,High,No,Yes,No,No
P00215,30,Female,32.1,121,111,78,Low,No,Yes,No,No
P00216,49,Male,19.5,132,95,87,Medium,No,No,No,No
P00217,24,Male,33.0,118,173,46,High,Yes,No,No,No
P00218,76,Female,30.4,135,108,112,Medium,Yes,No,No,No
P00219,68,Male,29.4,112,116,119,High,No,Yes,No,No
P00220,39,Female,23.6,143,121,113,Low,No,No,Yes,No
P00221,45,Female,24.0,139,139,52,Medium,No,No,No,No
P00222,19,Female,27.7,115,83,128,Medium,Yes,Yes,No,No
P00223,59,Male,24.2,138,125,86,Medium,Yes,Yes,No,Yes
P00224,62,Female,33.6,105,158,116,Low,No,Yes,No,No
P00225,79,Female,24.0,128,113,141,Medium,No,No,No,No
P00226,74,Female,17.3,111,189,124,Medium,No,No,No,No
P00227,70,Male,20.5,131,94,134,Medium,Yes,Yes,No,No
P00228,23,Male,20.8,122,107,136,High,Yes,Yes,No,No
P00229,45,Male,25.7,111,152,144,Low,No,No,No,No
P00230,45,Female,28.1,97,126,149,Medium,Yes,Yes,No,No
P00231,61,Male,27.3,121,117,159,High,No,No,No,No
P00232,61,Female,29.3,146,86,125,High,No,Yes,Yes,No
P00233,37,Male,25.7,130,105,143,Medium,No,Yes,No,No
P00234,47,Female,25.9,97,189,113,High,No,No,No,No
P00235,79,Male,35.8,121,136,136,Low,No,Yes,No,No
P00236,28,Female,33.0,146,145,84,Medium,Yes,Yes,Yes,Yes
P00237,75,Male,29.0,119,103,26,High,Yes,Yes,No,No
P00238,72,Male,31.6,107,132,170,High,No,No,No,No
P00239,45,Male,17.4,156,115,114,Medium,No,No,Yes,No
P00240,42,Female,22.9,106,81,113,Low,Yes,No,No,No
P00241,56,Male,24.8,121,99,145,Low,No,No,No,No
P00242,79,Male,22.9,114,107,75,High,No,No,No,No
P00243,50,Male,19.3,137,198,100,High,No,No,No,Yes
P00244,18,Male,29.1,134,190,79,Low,No,No,No,Yes
P00245,74,Female,33.9,109,66,97,High,No,Yes,No,No
P00246,44,Male,26.9,112,96,87,Low,No,No,No,No
P00247,79,Female,30.2,128,119,80,Low,No,No,No,No
P00248,74,Female,26.8,129,126,122,Medium,Yes,No,No,No
P00249,69,Female,24.8,121,120,21,Low,Yes,No,No,No
P00250,30,Female,31.6,119,190,164,High,Yes,No,No,No
P00251,58,Male,19.9,103,108,73,Low,Yes,No,No,No
P00252,20,Female,17.7,158,189,127,Low,No,Yes,Yes,Yes
P00253,56,Female,19.8,136,159,129,Medium,No,Yes,No,No
P00254,23,Female,31.3,125,123,92,Medium,No,No,No,No
P00255,25,Female,27.4,143,102,125,Low,No,No,Yes,No
P00256,44,Male,28.9,121,102,56,Medium,Yes,Yes,No,No
P00257,26,Male,35.4,110,193,80,Low,Yes,Yes,No,Yes
P00258,79,Female,21.2,131,150,94,Low,No,No,No,Yes
P00259,54,Female,33.0,128,135,125,Low,No,Yes,No,No
P00260,50,Female,25.0,155,65,90,Medium,No,Yes,Yes,No
P00261,68,Male,24.3,112,108,98,Medium,Yes,Yes,No,No
P00262,59,Male,27.4,108,112,142,Low,No,No,No,No
P00263,61,Male,28.2,163,133,123,Medium,No,No,Yes,Yes
P00264,41,Male,25.9,146,120,210,Medium,No,No,Yes,No
P00265,32,Male,30.1,136,112,64,Medium,No,No,No,No
P00266,76,Female,27.4,113,136,47,Low,Yes,No,No,No
P00267,71,Male,26.0,133,156,191,High,No,Yes,No,No
P00268,49,Male,24.9,102,104,117,Medium,No,No,No,No
P00269,49,Female,28.2,116,90,165,Low,No,Yes,No,No
P00270,41,Male,20.2,104,105,60,Low,No,No,No,No
P00271,58,Male,21.6,111,91,83,Medium,Yes,Yes,No,No
P00272,69,Male,25.2,104,116,111,Medium,No,No,No,No
P00273,66,Female,29.7,138,195,105,Medium,No,Yes,No,Yes
P00274,79,Male,37.7,157,113,102,Medium,No,No,Yes,Yes
P00275,66,Female,26.2,143,86,34,Medium,No,No,Yes,No
P00276,75,Female,18.1,138,110,100,Low,Yes,No,No,No
P00277,69,Male,23.0,119,180,120,Medium,Yes,Yes,No,No
P00278,29,Male,30.3,128,115,90,Medium,Yes,Yes,No,No
P00279,79,Male,22.1,106,97,149,Low,No,No,No,Yes
P00280,56,Male,20.5,102,65,149,High,Yes,No,No,No
P00281,19,Female,30.3,99,113,115,Medium,No,No,No,No
P00282,20,Male,29.3,103,74,72,High,Yes,No,No,No
P00283,66,Female,19.6,137,133,121,Medium,No,No,No,No
P00284,54,Female,22.5,139,110,127,High,Yes,No,No,No
P00285,66,Female,33.2,109,65,109,Medium,No,No,No,No
P00286,73,Female,31.3,130,183,71,High,Yes,No,No,No
P00287,34,Female,21.0,146,200,143,Medium,No,Yes,Yes,No
P00288,76,Male,17.1,122,134,124,Low,No,No,No,Yes
P00289,66,Female,28.3,112,179,87,Low,No,No,No,Yes
P00290,19,Female,25.5,118,133,112,Low,No,Yes,No,No
P00291,19,Male,27.9,151,65,64,Medium,Yes,No,Yes,No
P00292,45,Male,30.2,124,116,20,High,No,No,No,No
P00293,71,Female,22.2,163,103,36,Medium,Yes,Yes,Yes,Yes
P00294,40,Female,24.8,113,73,117,Medium,No,No,No,No
P00295,54,Male,22.5,116,125,92,Medium,Yes,Yes,No,No
P00296,49,Female,22.7,100,99,124,High,Yes,No,No,No
P00297,50,Male,29.8,144,132,142,Medium,No,Yes,Yes,Yes
P00298,18,Male,27.7,127,151,121,Medium,No,No,No,No
P00299,36,Female,19.2,109,184,76,High,No,Yes,No,No
P00300,79,Male,30.6,119,124,124,High,No,Yes,No,No
P00301,19,Female,25.2,134,86,88,Medium,No,No,No,No
P00302,70,Female,30.9,110,106,90,High,Yes,No,No,Yes
P00303,61,Female,21.9,131,110,152,High,No,No,No,No
P00304,43,Male,22.4,141,205,131,Medium,No,Yes,Yes,No
P00305,49,Female,28.3,117,121,86,Medium,Yes,No,No,No
P00306,23,Male,21.5,91,143,68,High,No,No,No,No
P00307,49,Female,25.6,120,163,167,Medium,No,No,No,No
P00308,72,Female,20.9,116,173,103,High,No,Yes,No,No
P00309,21,Male,25.0,103,132,53,Medium,No,No,No,No
P00310,72,Female,26.8,136,113,85,Low,Yes,Yes,No,No
P00311,28,Female,27.1,136,108,26,Medium,No,Yes,No,No
P00312,73,Male,25.2,129,80,20,Low,No,Yes,No,No
P00313,76,Male,28.7,117,156,148,Low,Yes,No,No,Yes
P00314,34,Male,27.7,127,221,65,High,No,No,No,No
P00315,80,Female,26.6,113,172,50,Low,No,No,No,No
P00316,55,Male,23.9,137,126,80,Low,No,No,No,No
P00317,41,Male,32.3,117,80,90,Medium,No,No,No,No
P00318,22,Female,28.9,120,106,78,High,No,No,No,No
P00319,69,Male,21.8,122,139,64,Low,No,Yes,No,Yes
P00320,51,Female,30.2,184,113,103,Medium,No,No,Yes,No
P00321,23,Female,31.4,107,121,94,Low,Yes,No,No,No
P00322,39,Male,26.6,117,138,181,Low,No,Yes,No,No
P00323,28,Female,26.9,96,132,89,High,No,Yes,No,No
P00324,80,Male,16.7,130,206,103,High,Yes,No,No,Yes
P00325,65,Male,22.8,156,205,64,Medium,Yes,No,Yes,Yes
P00326,33,Male,31.2,121,114,134,Medium,No,No,No,No
P00327,50,Male,23.1,113,161,180,Medium,No,No,No,No
P00328,26,Female,26.2,124,76,101,Low,Yes,Yes,No,No
P00329,77,Female,22.7,144,158,77,Low,Yes,No,Yes,Yes
P00330,76,Male,28.2,150,142,113,Medium,No,Yes,Yes,No
P00331,23,Male,29.0,106,93,126,Medium,No,No,No,No
P00332,33,Female,29.1,137,165,235,High,Yes,No,No,No
P00333,46,Male,21.3,123,89,98,Medium,No,No,No,No
P00334,20,Female,27.5,151,120,90,High,Yes,No,Yes,No
P00335,37,Male,34.9,166,130,53,High,No,Yes,Yes,No
P00336,77,Female,30.7,158,66,92,High,No,No,Yes,No
P00337,76,Female,27.5,107,131,86,Medium,No,No,No,No
P00338,53,Female,17.3,110,93,130,Medium,No,No,No,No
P00339,36,Male,25.8,155,111,93,Medium,No,No,Yes,No
P00340,43,Male,35.2,123,122,59,Low,No,No,No,No
P00341,20,Male,33.6,111,66,57,Low,No,Yes,No,No
P00342,80,Male,29.3,100,107,86,Low,No,Yes,No,Yes
P00343,36,Male,23.4,128,119,139,Low,No,No,No,No
P00344,37,Female,27.3,118,112,113,Medium,Yes,Yes,No,No
P00345,49,Female,30.9,132,92,126,High,Yes,No,No,No
P00346,24,Female,31.7,128,78,106,Low,No,No,No,No
P00347,69,Female,28.6,103,89,123,Medium,Yes,No,No,No
P00348,58,Female,31.3,110,65,89,Medium,No,No,No,No
P00349,50,Female,26.7,142,95,66,Low,No,No,Yes,No
P00350,57,Female,26.5,144,168,67,Medium,No,No,Yes,No
P00351,56,Male,24.7,118,71,65,Medium,No,Yes,No,No
P00352,35,Female,29.1,128,157,162,High,No,No,No,No
P00353,57,Male,32.0,106,78,149,High,No,Yes,No,No
P00354,18,Female,30.5,124,143,86,Low,No,No,No,Yes
P00355,28,Female,20.9,145,217,113,Low,Yes,Yes,Yes,No
P00356,45,Male,21.2,155,146,136,Medium,Yes,Yes,Yes,Yes
P00357,74,Female,32.5,123,118,78,Low,No,No,No,No
P00358,42,Male,27.9,119,119,99,Low,No,Yes,No,No
P00359,67,Female,28.1,99,156,62,High,No,No,No,No
P00360,40,Male,28.0,114,139,66,Low,No,No,No,No
P00361,48,Female,35.8,124,134,135,Medium,Yes,Yes,No,No
P00362,47,Male,24.8,122,109,108,Medium,No,Yes,No,No
P00363,59,Male,32.6,115,137,106,Low,Yes,Yes,No,No
P00364,52,Female,28.2,146,65,156,High,No,No,Yes,No
P00365,24,Female,19.0,132,104,86,High,Yes,No,No,No
P00366,77,Male,22.9,122,188,137,Low,No,No,No,No
P00367,33,Female,24.0,137,156,68,Medium,No,No,No,No
P00368,43,Male,32.5,125,120,86,Low,No,No,No,No
P00369,65,Female,33.1,153,87,72,Low,No,Yes,Yes,Yes
P00370,74,Male,28.8,111,195,69,Low,No,No,No,Yes
P00371,69,Female,24.4,131,103,185,Medium,No,No,No,No
P00372,77,Male,22.4,87,91,48,Medium,Yes,No,No,No
P00373,66,Female,32.7,118,131,74,Low,No,Yes,No,No
P00374,19,Male,20.6,128,106,20,Low,No,No,No,No
P00375,18,Male,26.5,119,65,81,Medium,No,No,No,No
P00376,65,Female,38.8,105,75,97,Medium,No,No,No,No
P00377,79,Female,24.4,113,118,143,Low,No,Yes,No,No
P00378,29,Male,20.6,107,85,82,Medium,No,No,No,No
P00379,22,Male,18.2,123,71,53,Low,No,Yes,No,No
P00380,54,Male,39.0,139,74,82,Low,No,No,No,No
P00381,49,Male,28.7,119,118,117,High,No,Yes,No,No
P00382,76,Female,22.7,158,120,139,Medium,No,No,Yes,No
P00383,72,Male,26.1,129,154,76,High,No,No,No,No
P00384,26,Male,23.7,88,83,62,Low,No,No,No,No
P00385,58,Male,17.7,131,119,88,Medium,No,Yes,No,No
P00386,52,Female,30.9,124,102,120,Low,No,No,No,No
P00387,36,Male,27.2,150,144,141,Medium,No,No,Yes,No
P00388,65,Female,30.5,125,126,59,Medium,Yes,No,No,No
P00389,33,Female,27.0,120,137,73,High,No,Yes,No,No
P00390,20,Female,27.7,162,168,20,High,No,No,Yes,Yes
P00391,37,Female,16.0,87,132,20,Low,No,No,No,No
P00392,41,Female,31.5,119,163,55,Medium,Yes,No,No,No
P00393,71,Female,21.6,130,79,60,Medium,No,No,No,No
P00394,73,Female,22.8,118,74,83,Low,No,Yes,No,No
P00395,50,Male,24.4,87,171,119,Low,No,No,No,No
P00396,41,Male,16.7,132,135,101,Low,No,No,No,No
P00397,69,Female,24.1,117,146,117,Medium,No,Yes,No,No
P00398,28,Male,23.7,123,166,146,Low,No,No,No,No
P00399,66,Male,25.1,148,98,116,High,No,No,Yes,Yes
P00400,25,Female,18.5,130,103,96,Medium,Yes,Yes,No,No
P00401,53,Male,31.6,114,154,126,Medium,No,Yes,No,No
P00402,55,Female,29.0,132,113,20,Medium,No,No,No,No
P00403,57,Male,22.7,117,106,93,Low,No,Yes,No,No
P00404,37,Female,24.1,120,81,134,High,No,Yes,No,No
P00405,79,Female,31.2,139,156,98,Low,No,No,No,Yes
P00406,52,Male,25.7,113,106,115,High,No,Yes,No,No
P00407,65,Male,20.8,135,156,96,Medium,No,No,No,Yes
P00408,79,Female,26.6,121,142,132,Medium,No,No,No,No
P00409,42,Female,21.6,116,174,145,High,No,Yes,No,Yes
P00410,52,Female,23.5,116,66,20,Low,No,No,No,No
P00411,42,Male,26.7,114,65,75,Medium,No,No,No,No
P00412,46,Male,32.3,127,186,20,Medium,Yes,No,No,No
P00413,35,Male,37.1,120,160,20,High,No,No,No,No
P00414,63,Male,33.8,150,89,131,Medium,No,Yes,Yes,No
P00415,35,Female,26.6,109,96,141,High,No,No,No,No
P00416,19,Female,38.3,135,127,82,High,No,No,No,No
P00417,71,Female,29.8,146,118,74,High,No,Yes,Yes,No
P00418,52,Female,22.1,156,102,97,High,No,No,Yes,No
P00419,33,Male,27.5,110,95,231,Medium,Yes,Yes,No,No
P00420,78,Female,23.7,143,108,58,Medium,Yes,No,Yes,No
P00421,58,Female,20.8,129,142,44,Low,No,Yes,No,No
P00422,53,Male,21.1,144,126,132,Medium,No,No,Yes,No
P00423,50,Male,26.3,113,108,134,High,No,Yes,No,No
P00424,21,Female,30.8,123,102,122,High,No,No,No,No
P00425,50,Male,32.3,118,200,108,Low,No,No,No,No
P00426,31,Female,20.8,117,105,91,Medium,No,Yes,No,No
P00427,38,Male,25.5,126,143,38,Medium,No,Yes,No,No
P00428,65,Male,29.4,170,211,189,Medium,No,No,Yes,Yes
P00429,37,Female,27.8,137,149,192,Low,No,No,No,No
P00430,73,Male,30.5,119,142,83,Low,Yes,No,No,No
P00431,25,Female,24.8,120,168,168,High,No,No,No,No
P00432,24,Male,33.4,135,174,120,Low,No,Yes,No,Yes
P00433,20,Male,27.0,122,124,26,Low,No,No,No,No
P00434,34,Male,30.8,122,79,30,Medium,Yes,No,No,No
P00435,50,Male,25.1,105,120,139,Medium,No,Yes,No,No
P00436,65,Male,27.3,124,145,163,Medium,Yes,No,No,No
P00437,29,Female,19.0,85,113,121,Low,No,No,No,No
P00438,76,Male,22.8,93,117,116,High,No,No,No,No
P00439,68,Female,26.0,119,182,65,Low,No,Yes,No,No
P00440,39,Male,27.5,137,152,54,Low,No,No,No,No
P00441,72,Female,40.4,154,146,140,Medium,Yes,Yes,Yes,Yes
P00442,39,Male,25.1,132,89,107,Medium,Yes,No,No,No
P00443,63,Female,20.1,135,116,100,Low,No,No,No,No
P00444,47,Female,35.5,127,138,161,Low,No,Yes,No,No
P00445,55,Male,32.4,140,148,181,Low,No,No,Yes,No
P00446,55,Male,21.2,129,181,131,Medium,No,No,No,No
P00447,62,Male,29.3,132,148,63,Low,No,No,No,Yes
P00448,68,Female,31.2,97,106,107,Low,No,No,No,No
P00449,71,Female,27.8,130,191,86,High,No,No,No,No
P00450,25,Male,28.6,125,115,99,Medium,Yes,No,No,No
P00451,44,Male,23.8,118,157,51,Medium,No,Yes,No,No
P00452,44,Female,29.5,119,105,161,Medium,No,No,No,No
P00453,51,Female,24.5,101,98,84,Medium,Yes,No,No,No
P00454,38,Male,16.0,135,78,177,Low,No,Yes,No,No
P00455,47,Female,28.0,129,80,99,Medium,No,Yes,No,No
P00456,50,Male,18.6,126,108,83,Medium,No,Yes,No,No
P00457,45,Male,32.1,129,171,75,Low,No,No,No,No
P00458,64,Male,21.3,103,134,75,Medium,Yes,No,No,No
P00459,50,Female,16.0,157,65,115,Low,No,Yes,Yes,No
P00460,22,Female,18.2,142,154,102,High,No,No,Yes,No
P00461,77,Female,26.8,136,125,141,High,No,No,No,No
P00462,78,Female,27.9,152,178,70,Medium,No,No,Yes,Yes
P00463,65,Male,19.9,129,108,115,High,No,No,No,No
P00464,36,Female,21.6,120,93,160,Medium,No,No,No,No
P00465,21,Male,27.0,130,186,167,Low,Yes,Yes,No,Yes
P00466,52,Male,31.9,152,160,72,High,Yes,No,Yes,Yes
P00467,66,Male,20.9,109,65,90,Medium,No,Yes,No,No
P00468,34,Female,28.9,152,138,77,Medium,No,No,Yes,No
P00469,61,Male,18.3,101,65,66,Low,No,Yes,No,No
P00470,45,Male,28.6,135,158,135,Medium,No,Yes,No,Yes
P00471,47,Female,30.8,143,86,54,Medium,Yes,No,Yes,No
P00472,46,Male,29.6,137,81,202,Medium,No,No,No,No
P00473,63,Female,32.0,144,174,115,High,Yes,No,Yes,Yes
P00474,70,Female,31.6,123,139,97,Medium,No,No,No,No
P00475,23,Female,36.2,102,151,196,Low,No,No,No,No
P00476,52,Male,27.5,144,108,46,Medium,Yes,Yes,Yes,No
P00477,77,Female,36.2,158,122,70,High,Yes,No,Yes,No
P00478,58,Female,22.3,122,180,49,Low,No,No,No,No
P00479,54,Female,26.0,137,136,104,Medium,No,Yes,No,No
P00480,41,Female,26.4,110,207,76,Low,No,No,No,Yes
P00481,46,Male,21.8,109,118,46,Medium,No,Yes,No,No
P00482,66,Female,16.0,127,159,52,Low,Yes,No,No,No
P00483,63,Male,31.3,112,164,120,Medium,Yes,No,No,No
P00484,70,Female,22.4,127,132,134,Medium,No,No,No,No
P00485,48,Male,25.0,180,173,43,Medium,No,No,Yes,Yes
P00486,52,Female,34.9,112,106,96,High,Yes,Yes,No,No
P00487,77,Male,29.9,131,155,86,High,No,No,No,Yes
P00488,50,Female,35.7,93,89,76,Low,No,No,No,No
P00489,69,Male,27.6,134,81,177,Low,No,No,No,No
P00490,80,Male,29.8,112,126,103,Medium,Yes,Yes,No,No
P00491,78,Male,25.8,130,120,113,Medium,No,No,No,No
P00492,38,Female,22.8,130,86,136,Low,No,No,No,No
P00493,49,Male,29.8,128,152,109,Low,No,No,No,No
P00494,40,Male,24.8,108,180,104,Medium,No,No,No,No
P00495,50,Male,30.2,120,114,142,Medium,No,Yes,No,No
P00496,20,Male,24.1,129,161,79,High,No,Yes,No,No
P00497,35,Female,26.1,121,103,85,Low,No,Yes,No,No
P00498,42,Male,26.5,150,118,60,High,No,Yes,Yes,No
P00499,59,Male,32.4,126,123,169,Medium,No,Yes,No,No
P00500,48,Male,24.9,107,154,130,Low,No,Yes,No,No
P00501,71,Female,32.9,133,122,115,High,No,No,No,No
P00502,75,Male,22.5,85,65,175,High,No,No,No,No
P00503,20,Male,28.3,160,167,50,Low,No,Yes,Yes,No
P00504,57,Male,23.6,94,129,101,Low,No,Yes,No,No
P00505,63,Male,32.6,141,65,38,High,No,Yes,Yes,No
P00506,41,Female,22.9,138,175,42,Low,No,No,No,No
P00507,67,Male,23.4,105,177,156,High,No,Yes,No,No
P00508,49,Male,20.7,135,87,181,Low,No,Yes,No,No
P00509,64,Female,27.5,113,75,86,Medium,No,Yes,No,No
P00510,39,Female,30.0,122,165,87,Low,No,No,No,No
P00511,40,Female,29.4,133,165,85,Low,No,No,No,No
P00512,19,Male,26.3,124,142,181,Medium,No,No,No,No
P00513,80,Female,23.7,107,109,79,Medium,No,Yes,No,No
P00514,44,Male,25.6,132,97,180,Low,No,No,No,No
P00515,59,Female,25.8,121,146,107,High,Yes,No,No,No
P00516,19,Male,28.3,123,103,83,High,No,Yes,No,No
P00517,43,Female,27.9,124,103,117,Medium,No,No,No,Yes
P00518,34,Male,35.7,101,152,190,Medium,No,Yes,No,No
P00519,57,Female,27.2,105,159,112,Medium,Yes,Yes,No,No
P00520,50,Male,28.8,114,178,96,High,No,Yes,No,No
P00521,26,Male,27.4,132,65,129,High,Yes,No,No,No
P00522,60,Male,25.4,108,108,95,Low,No,No,No,No
P00523,71,Male,28.8,146,113,54,Medium,No,No,Yes,No
P00524,65,Male,24.9,129,124,102,Low,No,Yes,No,No
P00525,56,Male,26.7,132,80,144,Low,No,No,No,No
P00526,46,Male,32.8,119,145,125,Low,No,No,No,No
P00527,59,Male,24.6,96,191,47,High,No,No,No,No
P00528,72,Female,28.9,135,83,141,Low,No,No,No,No
P00529,43,Male,16.0,112,132,128,Medium,No,No,No,No
P00530,52,Male,26.1,98,169,111,Medium,Yes,No,No,No
P00531,67,Female,24.5,110,117,154,Medium,No,No,No,No
P00532,42,Male,27.6,124,99,146,Low,Yes,Yes,No,No
P00533,41,Female,25.8,85,131,145,Medium,No,No,No,No
P00534,30,Male,27.7,119,151,26,Low,No,Yes,No,No
P00535,77,Female,25.1,143,81,134,High,No,No,Yes,No
P00536,75,Female,28.9,126,161,92,Low,No,No,No,Yes
P00537,24,Male,18.4,147,118,120,Low,Yes,Yes,Yes,No
P00538,74,Female,27.6,118,102,63,Low,Yes,No,No,No
P00539,53,Male,22.3,146,71,146,Low,No,No,Yes,No
P00540,62,Male,32.8,101,102,153,Medium,No,Yes,No,No
P00541,37,Male,22.2,136,104,101,Medium,No,Yes,No,No
P00542,18,Male,32.0,123,83,29,Low,No,No,No,No
P00543,25,Female,26.9,149,142,129,Medium,No,No,Yes,Yes
P00544,63,Male,17.9,118,130,114,Medium,Yes,No,No,No
P00545,33,Female,22.6,106,159,20,Low,Yes,Yes,No,No
P00546,31,Female,31.2,134,150,105,Medium,Yes,No,No,No
P00547,29,Male,31.0,155,103,142,Low,No,Yes,Yes,Yes
P00548,68,Male,20.5,129,114,20,Low,Yes,No,No,No
P00549,40,Male,34.8,124,99,108,Medium,No,No,No,No
P00550,32,Male,26.9,103,69,115,High,Yes,No,No,No
P00551,45,Female,31.4,142,138,115,Low,No,No,Yes,No
P00552,51,Male,20.9,124,131,95,Medium,No,No,No,Yes
P00553,19,Female,24.7,138,104,112,Low,No,Yes,No,No
P00554,49,Male,29.1,129,153,95,Low,Yes,No,No,No
P00555,40,Male,25.4,162,113,93,High,No,No,Yes,No
P00556,80,Male,16.0,115,168,126,High,No,Yes,No,No
P00557,39,Male,26.0,116,120,220,Low,Yes,Yes,No,No
P00558,68,Female,17.2,143,80,103,High,No,Yes,Yes,No
P00559,42,Female,21.6,144,178,74,Low,No,No,Yes,No
P00560,75,Male,20.0,144,138,99,High,Yes,No,Yes,No
P00561,80,Female,32.7,125,92,101,High,No,Yes,No,No
P00562,79,Female,34.2,129,111,75,Low,No,No,No,No
P00563,78,Male,28.7,101,96,75,Low,No,Yes,No,No
P00564,39,Male,25.8,122,160,67,High,No,No,No,No
P00565,75,Female,27.1,130,65,79,Low,No,No,No,No
P00566,75,Female,32.7,130,135,108,Medium,Yes,No,No,No
P00567,39,Female,17.1,111,65,101,Low,No,No,No,No
P00568,66,Female,21.6,105,65,156,Medium,Yes,No,No,No
P00569,69,Male,32.0,144,139,20,Low,No,Yes,Yes,No
P00570,59,Male,33.1,141,83,97,Medium,No,No,Yes,No
P00571,23,Female,29.9,121,149,79,High,No,No,No,No
P00572,32,Male,21.8,144,159,50,High,Yes,No,Yes,No
P00573,71,Female,31.9,142,109,68,Medium,No,Yes,Yes,Yes
P00574,60,Female,33.8,95,142,23,Low,No,No,No,No
P00575,77,Male,30.6,123,177,98,High,No,No,No,No
P00576,54,Female,16.0,149,91,105,Low,No,Yes,Yes,No
P00577,50,Female,27.6,96,155,42,Medium,No,No,No,No
P00578,25,Male,29.9,99,98,102,Medium,No,Yes,No,No
P00579,70,Male,24.4,136,125,108,Medium,No,Yes,No,No
P00580,77,Female,27.9,148,103,63,High,Yes,Yes,Yes,No
P00581,61,Female,24.4,120,105,109,Low,No,No,No,No
P00582,61,Male,22.7,117,112,107,Low,No,Yes,No,No
P00583,22,Female,34.6,94,104,96,High,No,No,No,No
P00584,56,Female,28.1,120,120,140,Medium,No,No,No,No
P00585,21,Male,21.5,99,166,152,Medium,No,No,No,No
P00586,23,Male,20.1,119,77,154,Low,No,No,No,No
P00587,62,Male,22.7,149,140,66,Medium,No,Yes,Yes,Yes
P00588,49,Male,22.7,102,87,97,Medium,No,No,No,No
P00589,69,Male,27.7,120,89,20,Low,No,Yes,No,No
P00590,47,Male,29.4,140,65,136,Low,Yes,Yes,Yes,No
P00591,64,Female,29.4,111,163,143,Low,No,Yes,No,Yes
P00592,52,Female,23.2,132,117,155,High,No,No,No,No
P00593,72,Male,31.6,140,94,189,Low,No,Yes,Yes,No
P00594,57,Male,33.1,126,130,153,High,No,No,No,No
P00595,69,Female,25.7,127,113,129,Medium,No,No,No,No
P00596,33,Female,21.8,105,164,109,Medium,Yes,Yes,No,No
P00597,30,Female,27.5,118,89,222,Low,No,Yes,No,No
P00598,67,Male,37.8,128,120,117,Low,No,No,No,No
P00599,77,Male,21.7,91,155,213,Low,No,No,No,No
P00600,59,Female,24.4,85,88,74,Low,No,No,No,No
P00601,47,Male,27.3,122,109,91,Low,No,Yes,No,No
P00602,36,Male,29.7,132,80,139,Low,No,No,No,No
P00603,34,Male,17.1,127,95,20,Medium,No,Yes,No,No
P00604,73,Female,33.5,96,71,94,Low,No,Yes,No,No
P00605,80,Female,33.5,145,88,159,Medium,No,Yes,Yes,No
P00606,36,Male,24.9,127,79,88,Low,Yes,No,No,No
P00607,45,Male,40.5,142,102,105,Low,No,No,Yes,No
P00608,75,Male,33.1,114,159,34,Medium,Yes,No,No,No
P00609,72,Male,32.9,130,135,87,Medium,No,Yes,No,No
P00610,43,Male,32.9,134,170,68,Low,No,No,No,No
P00611,54,Female,32.8,143,111,139,High,Yes,No,Yes,No
P00612,43,Male,26.9,142,94,141,Medium,No,Yes,Yes,No
P00613,70,Male,26.4,111,121,69,Medium,No,No,No,No
P00614,79,Male,22.3,123,104,62,Low,No,Yes,No,No
P00615,40,Female,24.1,116,139,175,Low,No,Yes,No,No
P00616,80,Female,25.4,128,72,46,Medium,No,No,No,No
P00617,26,Male,27.3,99,122,140,Low,Yes,No,No,No
P00618,29,Female,35.0,96,178,107,Low,No,Yes,No,No
P00619,70,Female,16.5,168,93,155,Medium,No,No,Yes,No
P00620,18,Female,33.7,160,110,114,Medium,Yes,No,Yes,No
P00621,75,Female,21.9,146,65,81,High,No,Yes,Yes,No
P00622,75,Female,26.5,134,164,53,Low,Yes,No,No,No
P00623,18,Female,23.4,139,122,54,Low,No,Yes,No,No
P00624,64,Male,36.3,139,107,48,Low,Yes,Yes,No,Yes
P00625,51,Female,24.5,155,127,100,High,No,No,Yes,No
P00626,49,Female,29.6,116,123,142,Medium,No,Yes,No,No
P00627,79,Male,29.9,111,100,64,Low,No,No,No,No
P00628,71,Male,21.2,125,76,58,Medium,No,No,No,No
P00629,65,Male,26.5,136,130,113,High,No,No,No,No
P00630,42,Male,33.0,120,126,168,Medium,No,No,No,No
P00631,57,Female,22.6,115,111,140,Low,Yes,Yes,No,No
P00632,62,Female,31.1,151,114,101,Low,No,Yes,Yes,Yes
P00633,70,Female,25.3,110,163,59,Low,No,No,No,Yes
P00634,18,Female,32.8,151,135,107,Medium,No,Yes,Yes,No
P00635,33,Male,35.7,142,79,145,Low,Yes,No,Yes,No
P00636,78,Female,17.0,159,170,131,High,No,No,Yes,No
P00637,56,Female,20.3,164,149,117,Medium,No,No,Yes,No
P00638,80,Male,24.8,132,146,155,Low,No,Yes,No,Yes
P00639,22,Female,34.3,162,97,172,Medium,Yes,Yes,Yes,Yes
P00640,39,Female,29.7,134,155,143,Medium,Yes,No,No,No
P00641,46,Female,20.8,132,131,20,Low,Yes,Yes,No,No
P00642,72,Female,30.4,128,84,149,Medium,No,No,No,No
P00643,20,Male,22.4,117,135,98,Low,No,No,No,No
P00644,29,Male,31.4,139,158,111,Low,No,No,No,No
P00645,43,Male,29.7,146,145,94,Low,No,Yes,Yes,No
P00646,33,Male,22.4,100,65,74,Medium,No,No,No,No
P00647,68,Male,26.7,171,139,20,Low,No,No,Yes,Yes
P00648,54,Female,33.1,154,112,118,Low,No,Yes,Yes,No
P00649,39,Female,17.5,115,65,46,Medium,No,Yes,No,No
P00650,74,Male,28.5,135,148,128,Low,No,No,No,Yes
P00651,46,Male,21.5,124,149,87,Low,No,No,No,No
P00652,31,Male,26.9,131,124,155,Low,No,No,No,No
P00653,45,Female,29.3,123,89,183,Low,No,No,No,No
P00654,22,Male,37.1,134,174,99,Medium,No,No,No,No
P00655,64,Female,26.9,106,144,82,Low,No,No,No,No
P00656,66,Female,34.3,164,146,72,Medium,No,No,Yes,No
P00657,47,Female,22.8,107,157,125,Medium,No,No,No,No
P00658,63,Female,24.5,135,167,79,Medium,No,No,No,No
P00659,79,Male,29.9,113,136,104,High,No,No,No,No
P00660,69,Female,28.0,122,85,63,High,Yes,No,No,No
P00661,22,Female,25.4,133,101,107,Medium,No,Yes,No,No
P00662,29,Male,25.2,127,107,180,Low,No,No,No,No
P00663,33,Female,33.7,127,168,72,Medium,No,Yes,No,No
P00664,43,Female,25.6,118,133,106,Low,No,Yes,No,No
P00665,43,Female,21.9,113,101,127,Low,No,No,No,No
P00666,65,Male,22.7,137,118,165,Medium,Yes,Yes,No,No
P00667,38,Female,30.3,110,171,157,Low,No,No,No,No
P00668,56,Female,38.3,113,147,138,Medium,No,Yes,No,No
P00669,53,Male,24.4,114,161,123,Low,No,No,No,No
P00670,50,Male,37.7,119,86,234,Medium,No,No,No,No
P00671,79,Female,26.9,99,118,137,Medium,No,Yes,No,No
P00672,47,Female,25.6,100,103,118,Medium,Yes,No,No,No
P00673,54,Male,22.4,135,178,159,Low,No,No,No,Yes
P00674,40,Female,26.0,135,120,131,Low,Yes,No,No,No
P00675,75,Male,23.2,131,105,219,Medium,No,No,No,No
P00676,27,Female,22.8,150,65,80,Medium,No,No,Yes,No
P00677,71,Male,18.7,109,174,103,Low,Yes,Yes,No,Yes
P00678,22,Female,35.8,94,176,45,Low,No,No,No,No
P00679,53,Male,32.3,139,65,100,High,No,No,No,No
P00680,51,Male,28.4,94,132,52,High,No,No,No,No
P00681,69,Male,26.3,123,158,110,Medium,No,No,No,Yes
P00682,48,Male,27.0,130,142,74,Medium,Yes,Yes,No,No
P00683,27,Male,23.1,162,110,141,Medium,No,Yes,Yes,No
P00684,75,Female,21.3,115,92,83,Medium,Yes,No,No,No
P00685,36,Female,30.6,116,166,137,Low,No,No,No,No
P00686,75,Male,25.7,137,152,96,Medium,Yes,Yes,No,No
P00687,49,Female,28.6,136,147,159,Low,No,No,No,No
P00688,18,Female,18.7,119,166,101,Low,Yes,No,No,No
P00689,73,Female,25.4,128,202,85,Low,No,No,No,No
P00690,22,Female,21.2,112,114,23,Low,Yes,Yes,No,No
P00691,62,Female,29.4,133,114,44,Medium,No,Yes,No,No
P00692,21,Female,32.0,96,111,139,Medium,Yes,No,No,No
P00693,33,Male,34.3,177,93,47,Medium,No,Yes,Yes,Yes
P00694,41,Female,23.9,138,167,148,Low,No,No,No,Yes
P00695,33,Female,21.4,105,172,85,Medium,No,Yes,No,No
P00696,72,Female,24.9,120,162,104,Medium,No,Yes,No,No
P00697,19,Male,23.5,106,183,130,Medium,No,No,No,No
P00698,66,Female,29.2,110,129,153,High,No,Yes,No,No
P00699,45,Female,20.0,129,138,39,Medium,No,No,No,No
P00700,49,Female,18.2,150,148,43,Medium,No,No,Yes,No
P00701,44,Male,25.3,123,110,93,Low,No,Yes,No,No
P00702,37,Female,30.6,91,88,159,Low,No,No,No,No
P00703,41,Male,21.9,114,130,106,Medium,No,No,No,No
P00704,29,Female,31.2,115,109,157,Low,Yes,No,No,No
P00705,67,Male,28.8,127,201,31,Low,No,No,No,Yes
P00706,52,Male,34.7,122,73,80,Medium,No,No,No,No
P00707,77,Male,23.0,85,123,108,Low,Yes,No,No,No
P00708,50,Female,19.0,108,135,57,Medium,No,No,No,No
P00709,50,Male,30.0,105,96,53,Medium,No,No,No,No
P00710,78,Male,28.4,141,109,69,Medium,No,No,Yes,No
P00711,68,Male,28.0,120,127,88,Medium,No,No,No,No
P00712,60,Male,21.8,89,84,54,Medium,No,Yes,No,No
P00713,54,Female,30.9,109,139,160,Low,No,Yes,No,Yes
P00714,29,Female,23.8,146,180,114,Medium,No,No,Yes,No
P00715,20,Female,28.0,114,112,119,Medium,No,No,No,No
P00716,18,Female,24.7,113,152,118,Low,Yes,No,No,Yes
P00717,50,Male,28.8,122,185,176,Medium,No,No,No,No
P00718,57,Female,21.0,129,160,196,Medium,Yes,Yes,No,No
P00719,27,Male,29.5,122,100,93,Low,Yes,No,No,No
P00720,60,Female,30.3,143,71,129,Low,No,No,Yes,No
P00721,61,Female,27.6,122,114,92,High,Yes,No,No,No
P00722,46,Female,35.2,137,127,145,Low,No,Yes,No,No
P00723,30,Male,28.0,129,65,169,Low,No,Yes,No,No
P00724,29,Female,31.6,102,126,105,Medium,Yes,No,No,No
P00725,48,Female,27.5,157,96,148,High,No,No,Yes,No
P00726,63,Female,31.1,146,121,90,Low,Yes,Yes,Yes,Yes
P00727,19,Male,19.3,115,114,157,High,Yes,No,No,No
P00728,78,Female,27.2,123,118,65,Medium,No,Yes,No,No
P00729,68,Female,21.4,136,151,57,Medium,No,No,No,No
P00730,67,Male,27.7,128,90,132,High,No,No,No,No
P00731,52,Male,28.9,127,65,156,High,Yes,Yes,No,No
P00732,40,Female,31.0,134,154,134,Low,No,No,No,Yes
P00733,34,Female,29.4,131,148,153,Low,No,No,No,No
P00734,43,Female,25.3,131,144,67,Low,No,Yes,No,No
P00735,25,Male,23.2,127,94,102,Medium,Yes,No,No,No
P00736,46,Male,16.0,137,146,34,Low,No,No,No,No
P00737,43,Male,27.3,129,80,51,Medium,No,Yes,No,No
P00738,27,Female,32.7,129,114,170,Medium,No,Yes,No,No
P00739,43,Male,27.5,150,178,88,High,No,Yes,Yes,No
P00740,79,Female,26.6,133,146,189,Low,No,No,No,No
P00741,51,Male,27.7,131,122,113,Medium,Yes,Yes,No,No
P00742,68,Male,25.1,109,120,95,Low,No,No,No,No
P00743,58,Male,28.0,110,86,94,Medium,Yes,No,No,No
P00744,24,Female,25.0,146,182,150,Low,Yes,No,Yes,No
P00745,21,Female,22.5,135,160,100,Medium,No,No,No,No
P00746,75,Female,26.6,142,153,107,High,Yes,No,Yes,No
P00747,70,Female,26.5,129,122,119,High,Yes,Yes,No,No
P00748,67,Male,36.4,132,112,45,Low,Yes,Yes,No,Yes
P00749,62,Female,23.0,122,98,109,High,Yes,No,No,No
P00750,28,Male,26.2,125,175,103,Medium,No,No,No,No
P00751,46,Female,25.7,117,65,126,Medium,No,Yes,No,No
P00752,73,Female,24.8,149,145,150,Low,Yes,No,Yes,No
P00753,53,Male,29.6,112,70,94,Medium,No,No,No,No
P00754,42,Male,38.2,131,118,128,Medium,No,Yes,No,No
P00755,38,Female,25.4,122,124,44,Medium,No,Yes,No,No
P00756,78,Female,29.6,142,80,195,Low,No,No,Yes,No
P00757,74,Male,17.4,129,95,174,Medium,Yes,No,No,No
P00758,53,Male,25.0,133,151,90,Medium,No,No,No,No
P00759,27,Male,34.8,129,177,110,Low,No,No,No,Yes
P00760,54,Male,26.7,107,136,20,High,No,Yes,No,No
P00761,26,Male,29.5,135,101,135,Low,No,Yes,No,No
P00762,41,Female,23.9,123,91,72,Low,Yes,Yes,No,No
P00763,52,Female,28.3,111,99,32,Low,No,Yes,No,No
P00764,66,Female,35.2,100,124,121,Medium,No,No,No,No
P00765,52,Female,21.2,110,134,64,High,No,No,No,No
P00766,65,Male,37.9,139,168,59,Medium,No,No,No,No
P00767,53,Male,19.3,157,122,140,Low,No,No,Yes,No
P00768,35,Male,24.6,127,102,178,High,No,No,No,No
P00769,66,Female,22.8,107,86,118,Low,No,No,No,No
P00770,56,Male,25.6,132,118,162,Low,No,Yes,No,No
P00771,49,Male,22.8,144,67,90,Medium,No,No,Yes,No
P00772,41,Female,22.4,160,104,132,High,No,No,Yes,No
P00773,40,Female,21.1,148,81,116,Low,Yes,Yes,Yes,No
P00774,79,Female,30.2,129,116,126,Medium,No,No,No,No
P00775,49,Male,25.8,135,141,63,Low,Yes,No,No,No
P00776,54,Male,24.5,112,138,20,Medium,Yes,No,No,No
P00777,29,Female,28.4,139,149,168,Low,No,Yes,No,Yes
P00778,66,Female,19.5,142,93,94,High,No,No,Yes,No
P00779,72,Male,28.5,85,175,21,Low,No,Yes,No,No
P00780,30,Female,26.5,128,148,104,Low,No,No,No,No
P00781,40,Male,26.7,152,147,122,Low,No,Yes,Yes,Yes
P00782,42,Female,29.6,113,164,107,Medium,No,No,No,No
P00783,52,Female,35.2,87,131,117,Low,No,No,No,No
P00784,58,Female,28.6,125,121,109,Low,Yes,No,No,No
P00785,47,Male,26.0,144,172,91,Low,Yes,No,Yes,Yes
P00786,34,Male,21.1,132,96,113,Medium,No,Yes,No,No
P00787,66,Female,16.0,125,118,98,Medium,No,No,No,No
P00788,79,Male,27.6,108,165,114,High,No,No,No,No
P00789,37,Female,20.7,105,118,123,High,No,No,No,No
P00790,65,Female,16.0,128,104,131,High,No,Yes,No,No
P00791,42,Male,25.2,124,92,83,Medium,Yes,No,No,No
P00792,39,Male,28.2,140,133,136,High,No,Yes,Yes,No
P00793,30,Male,30.7,133,110,125,Medium,Yes,Yes,No,No
P00794,76,Male,32.3,112,142,160,Low,Yes,No,No,Yes
P00795,36,Female,31.4,130,182,114,Low,No,No,No,No
P00796,66,Male,31.5,127,163,151,Medium,No,No,No,No
P00797,53,Male,19.7,95,65,20,High,Yes,No,No,No
P00798,29,Female,26.3,117,150,57,Low,No,Yes,No,No
P00799,78,Female,29.9,126,153,155,High,No,No,No,No
P00800,58,Female,27.2,123,115,120,Low,No,No,No,No
P00801,36,Female,26.2,131,169,58,Medium,No,No,No,No
P00802,29,Male,27.1,126,135,113,Low,No,Yes,No,No
P00803,26,Male,28.2,131,65,153,Medium,No,No,No,No
P00804,24,Female,26.6,128,130,49,High,No,No,No,No
P00805,45,Female,22.8,125,115,118,Medium,No,Yes,No,No
P00806,31,Male,18.5,128,103,203,Low,No,Yes,No,No
P00807,48,Male,26.0,118,138,69,Medium,No,No,No,No
P00808,69,Male,27.3,118,148,64,Medium,Yes,Yes,No,Yes
P00809,36,Male,27.2,127,148,20,High,Yes,Yes,No,No
P00810,75,Male,31.8,89,149,88,Medium,Yes,No,No,No
P00811,64,Female,32.7,118,85,147,Medium,No,Yes,No,No
P00812,33,Female,26.5,112,88,82,High,No,Yes,No,No
P00813,70,Female,26.5,110,134,222,High,No,No,No,No
P00814,22,Female,29.9,119,163,258,Medium,Yes,No,No,Yes
P00815,52,Male,29.1,101,137,186,High,No,Yes,No,No
P00816,29,Female,24.8,119,65,73,Medium,No,Yes,No,No
P00817,42,Male,30.3,129,144,119,Medium,No,No,No,No
P00818,69,Male,26.3,144,70,79,Low,No,No,Yes,No
P00819,76,Male,26.4,165,149,76,Medium,No,Yes,Yes,Yes
P00820,38,Male,29.2,92,105,120,Low,No,Yes,No,No
P00821,53,Male,25.5,108,136,58,Low,No,No,No,No
P00822,70,Male,27.5,119,199,20,Medium,No,Yes,No,No
P00823,40,Male,28.5,127,113,42,Low,Yes,No,No,Yes
P00824,33,Female,31.1,132,99,117,Low,No,No,No,No
P00825,74,Male,30.7,114,110,190,Low,No,No,No,No
P00826,56,Female,28.3,85,72,147,Medium,No,No,No,No
P00827,62,Female,16.0,144,90,100,Medium,Yes,No,Yes,No
P00828,70,Male,28.2,134,162,139,High,No,No,No,No
P00829,59,Male,29.0,138,65,102,Medium,No,No,No,No
P00830,75,Female,30.0,121,103,153,Medium,Yes,No,No,No
P00831,56,Female,22.2,131,133,139,Medium,Yes,Yes,No,No
P00832,31,Female,16.4,89,111,20,High,No,No,No,No
P00833,48,Female,31.0,106,172,76,Low,No,No,No,No
P00834,75,Male,20.9,146,119,136,Low,No,No,Yes,Yes
P00835,22,Male,33.1,126,113,142,Medium,No,No,No,No
P00836,52,Male,24.1,159,130,84,High,No,No,Yes,No
P00837,40,Female,21.9,107,135,20,Medium,No,Yes,No,No
P00838,46,Male,28.7,171,125,114,Low,No,No,Yes,No
P00839,60,Female,30.1,174,122,36,Medium,No,No,Yes,Yes
P00840,28,Male,29.8,113,65,68,High,Yes,No,No,No
P00841,35,Female,29.5,117,85,168,Medium,No,No,No,No
P00842,64,Male,23.5,148,145,84,Low,No,No,Yes,No
P00843,29,Male,19.4,115,160,73,Low,No,No,No,No
P00844,26,Female,25.1,120,170,99,High,Yes,Yes,No,No
P00845,27,Female,21.3,112,74,146,High,Yes,No,No,No
P00846,75,Female,29.2,112,96,94,Low,No,No,No,Yes
P00847,61,Female,31.4,127,177,171,Low,Yes,No,No,Yes
P00848,34,Female,27.9,120,112,64,High,No,Yes,No,No
P00849,78,Male,27.0,87,147,58,High,No,No,No,Yes
P00850,55,Female,25.4,151,243,126,Medium,No,No,Yes,Yes
P00851,24,Male,31.9,154,162,74,Low,No,No,Yes,Yes
P00852,63,Male,17.8,134,117,127,Low,No,No,No,No
P00853,30,Male,21.0,127,120,208,Medium,Yes,No,No,No
P00854,57,Male,36.1,108,143,48,Medium,Yes,No,No,No
P00855,59,Male,20.7,117,65,120,Medium,No,No,No,No
P00856,26,Female,29.7,145,140,147,Low,Yes,Yes,Yes,No
P00857,67,Female,30.7,136,115,75,Low,No,Yes,No,Yes
P00858,44,Male,17.4,133,122,106,Low,Yes,Yes,No,No
P00859,75,Male,18.3,134,129,20,High,No,Yes,No,No
P00860,19,Female,33.3,144,180,105,Medium,No,Yes,Yes,No
P00861,22,Female,22.1,141,134,60,Medium,No,No,Yes,No
P00862,46,Male,22.3,137,133,61,High,No,No,No,No
P00863,54,Female,24.4,119,150,96,Medium,No,No,No,No
P00864,55,Female,22.1,155,128,85,Medium,No,No,Yes,No
P00865,36,Female,29.6,116,148,49,Low,No,Yes,No,No
P00866,25,Male,21.1,109,121,175,Low,No,Yes,No,No
P00867,65,Female,17.2,115,166,112,Low,No,No,No,No
P00868,62,Male,32.8,104,170,123,Medium,No,Yes,No,No
P00869,18,Male,21.3,136,149,80,Medium,No,No,No,No
P00870,39,Male,23.2,125,65,102,Medium,No,Yes,No,No
P00871,69,Male,31.1,145,131,20,High,No,No,Yes,Yes
P00872,34,Male,27.4,85,65,56,Low,No,No,No,No
P00873,80,Female,32.6,129,138,172,Medium,No,Yes,No,No
P00874,24,Male,31.2,120,181,133,Low,Yes,No,No,Yes
P00875,42,Male,24.7,119,165,83,High,No,Yes,No,Yes
P00876,62,Male,32.1,106,116,123,Medium,No,No,No,No
P00877,21,Female,27.8,126,119,26,Medium,Yes,No,No,No
P00878,53,Female,24.0,111,65,87,Medium,No,Yes,No,No
P00879,23,Female,28.5,152,125,105,Low,Yes,Yes,Yes,Yes
P00880,77,Female,20.5,136,118,141,Medium,No,No,No,No
P00881,48,Female,31.2,143,81,69,High,No,Yes,Yes,No
P00882,36,Female,30.5,94,91,107,Low,No,Yes,No,No
P00883,78,Female,27.6,141,83,94,High,Yes,Yes,Yes,Yes
P00884,61,Male,17.4,139,200,122,Low,No,Yes,No,No
P00885,71,Male,32.8,118,129,116,Low,No,Yes,No,No
P00886,56,Female,29.2,122,151,103,Medium,Yes,Yes,No,Yes
P00887,44,Male,26.9,107,157,120,Low,No,Yes,No,No
P00888,27,Male,26.1,119,181,78,Medium,No,No,No,No
P00889,43,Female,24.3,135,180,81,Medium,No,No,No,Yes
P00890,36,Male,25.3,113,158,35,Low,No,Yes,No,No
P00891,56,Male,30.8,126,72,137,Low,No,No,No,No
P00892,79,Female,24.4,171,158,99,Medium,Yes,No,Yes,Yes
P00893,20,Male,25.6,107,111,56,High,Yes,Yes,No,No
P00894,62,Female,26.4,131,81,69,Medium,No,Yes,No,No
P00895,30,Female,26.5,106,112,179,Medium,No,No,No,No
P00896,67,Male,23.9,98,130,93,High,No,No,No,No
P00897,45,Male,26.1,139,65,124,Medium,Yes,No,No,No
P00898,79,Male,28.7,118,139,82,Low,No,No,No,No
P00899,75,Female,22.5,154,165,53,Medium,No,Yes,Yes,Yes
P00900,37,Female,26.2,135,128,107,High,No,No,No,No
P00901,45,Female,36.7,111,87,155,Medium,No,Yes,No,No
P00902,25,Male,26.7,109,146,171,High,Yes,Yes,No,No
P00903,78,Male,22.3,138,124,166,Medium,No,Yes,No,No
P00904,80,Female,21.8,106,186,134,Medium,Yes,No,No,Yes
P00905,58,Male,20.7,106,65,130,Low,No,No,No,No
P00906,56,Male,35.1,94,65,64,Medium,No,No,No,No
P00907,18,Female,32.0,136,122,109,Medium,No,No,No,No
P00908,20,Female,20.6,110,109,150,Medium,No,No,No,No
P00909,30,Male,28.1,131,134,170,High,Yes,No,No,No
P00910,45,Female,33.1,102,140,102,Low,No,No,No,No
P00911,79,Male,26.8,96,178,86,Medium,Yes,Yes,No,Yes
P00912,74,Female,24.5,138,117,64,Low,No,Yes,No,No
P00913,80,Female,38.2,122,141,105,Low,Yes,No,No,Yes
P00914,77,Female,17.5,113,79,158,Medium,No,Yes,No,No
P00915,66,Male,40.2,116,211,83,High,No,No,No,Yes
P00916,42,Male,27.3,116,164,135,High,No,No,No,No
P00917,73,Female,33.5,162,156,158,Medium,No,Yes,Yes,Yes
P00918,50,Female,21.0,130,97,87,Medium,No,No,No,No
P00919,55,Female,23.4,128,173,97,Medium,Yes,Yes,No,No
P00920,70,Male,21.6,111,160,162,Medium,No,No,No,No
P00921,23,Female,26.5,139,147,122,Medium,Yes,Yes,No,No
P00922,75,Female,28.5,104,121,178,Medium,No,Yes,No,No
P00923,61,Female,32.3,134,88,108,High,Yes,No,No,No
P00924,62,Female,18.4,134,123,158,Medium,No,No,No,No
P00925,49,Male,27.8,143,97,54,Low,No,No,Yes,No
P00926,62,Male,31.5,90,138,141,High,No,No,No,No
P00927,78,Female,32.4,145,86,88,Low,Yes,No,Yes,Yes
P00928,64,Male,24.8,131,100,48,High,No,No,No,Yes
P00929,38,Male,24.9,111,65,85,Low,No,No,No,No
P00930,33,Male,26.5,86,144,99,High,Yes,No,No,No
P00931,71,Female,27.9,118,140,131,Medium,No,No,No,No
P00932,38,Male,33.5,128,107,101,Medium,No,Yes,No,No
P00933,28,Male,20.9,98,65,20,High,Yes,Yes,No,No
P00934,77,Male,23.1,110,66,91,Medium,No,Yes,No,No
P00935,54,Female,20.3,102,129,105,High,No,Yes,No,No
P00936,53,Female,29.1,117,160,134,Medium,No,No,No,No
P00937,52,Male,32.5,105,90,147,Low,No,Yes,No,No
P00938,36,Male,19.9,164,167,73,Low,No,Yes,Yes,No
P00939,37,Female,27.4,141,184,72,Medium,No,Yes,Yes,No
P00940,74,Female,32.1,105,141,69,High,No,No,No,No
P00941,35,Male,30.9,108,162,61,Low,No,No,No,No
P00942,64,Male,30.9,98,86,32,Low,No,No,No,No
P00943,58,Female,21.1,122,65,127,Medium,No,No,No,No
P00944,66,Female,30.8,157,190,223,Medium,No,No,Yes,Yes
P00945,31,Male,26.1,147,90,144,Low,No,Yes,Yes,No
P00946,32,Female,32.4,129,165,149,High,No,No,No,No
P00947,48,Male,29.2,120,140,126,Low,No,No,No,No
P00948,18,Male,22.9,135,187,44,Low,Yes,No,No,No
P00949,70,Male,28.4,130,152,91,Medium,No,Yes,No,Yes
P00950,71,Female,31.1,133,84,136,Medium,Yes,Yes,No,No
P00951,71,Male,24.5,129,113,48,Low,No,No,No,No
P00952,20,Male,27.6,133,150,83,High,No,No,No,No
P00953,33,Female,20.3,99,106,46,Low,Yes,No,No,No
P00954,40,Female,29.7,123,162,83,Low,No,No,No,No
P00955,74,Male,26.7,129,128,194,High,Yes,No,No,No
P00956,28,Male,31.6,117,162,178,Low,Yes,No,No,No
P00957,29,Female,29.6,103,165,112,High,No,No,No,No
P00958,27,Female,25.0,125,136,175,Low,No,Yes,No,No
P00959,49,Female,22.8,190,120,135,Low,No,No,Yes,No
P00960,33,Male,21.6,110,106,94,Low,No,Yes,No,No
P00961,25,Male,24.5,122,85,49,Medium,No,Yes,No,No
P00962,55,Male,31.4,148,185,89,Medium,No,No,Yes,Yes
P00963,29,Female,18.2,157,128,92,Low,Yes,No,Yes,No
P00964,41,Male,21.8,115,116,87,Medium,No,No,No,No
P00965,45,Female,31.3,142,117,100,Medium,No,No,Yes,No
P00966,70,Male,33.6,139,123,58,Medium,No,No,No,Yes
P00967,25,Female,22.1,116,108,47,High,No,No,No,No
P00968,75,Male,21.8,136,105,44,Medium,No,No,No,No
P00969,45,Male,34.0,122,77,125,High,No,No,No,No
P00970,53,Female,26.4,114,127,62,Medium,No,Yes,No,No
P00971,43,Female,22.5,156,171,114,Medium,No,Yes,Yes,Yes
P00972,25,Male,32.2,137,100,107,Low,No,Yes,No,No
P00973,75,Female,29.5,95,144,121,Low,No,No,No,Yes
P00974,77,Female,30.7,123,145,90,Medium,No,No,No,No
P00975,67,Male,22.8,116,139,56,High,No,No,No,No
P00976,45,Female,28.9,121,191,183,Low,No,Yes,No,Yes
P00977,45,Male,33.2,134,146,73,Medium,No,No,No,No
P00978,54,Male,30.2,130,127,192,High,No,No,No,No
P00979,58,Female,31.6,151,137,45,Low,No,Yes,Yes,No
P00980,53,Female,34.0,147,155,59,Medium,No,Yes,Yes,No
P00981,44,Male,29.1,103,186,24,Low,No,Yes,No,No
P00982,71,Male,24.2,123,117,109,Medium,Yes,No,No,No
P00983,80,Male,31.4,90,131,134,Low,No,No,No,No
P00984,34,Male,21.5,107,232,39,Low,Yes,No,No,No
P00985,26,Male,25.9,87,123,106,Medium,Yes,No,No,No
P00986,50,Male,29.9,97,122,86,Low,Yes,No,No,No
P00987,70,Female,16.0,150,96,20,Low,No,Yes,Yes,No
P00988,37,Female,28.3,139,128,100,High,No,No,No,No
P00989,30,Female,28.5,136,122,146,Low,Yes,Yes,No,No
P00990,45,Male,21.3,146,139,171,Medium,Yes,No,Yes,No
P00991,65,Female,28.6,136,134,30,High,No,No,No,No
P00992,46,Male,27.9,123,65,151,Low,No,Yes,No,No
P00993,30,Male,27.2,114,79,141,High,No,No,No,No
P00994,63,Female,32.9,156,119,88,Medium,No,Yes,Yes,No
P00995,52,Male,31.4,149,110,28,Medium,No,Yes,Yes,No
P00996,78,Male,30.2,121,89,120,Medium,No,Yes,No,No
P00997,23,Male,21.9,139,65,29,Medium,Yes,No,No,No
P00998,35,Male,26.9,85,182,119,Medium,No,Yes,No,No
P00999,68,Male,32.9,140,181,79,High,No,Yes,Yes,Yes
P01000,22,Male,25.9,116,151,67,Medium,Yes,No,No,No
P01001,64,Female,34.8,174,105,118,Low,Yes,No,Yes,No
P01002,42,Male,30.3,146,176,209,Medium,Yes,No,Yes,Yes
P01003,19,Male,35.5,89,100,171,High,Yes,No,No,No
P01004,27,Male,21.7,112,140,105,Low,No,No,No,No
P01005,73,Male,26.2,126,97,118,Low,Yes,No,No,No
P01006,47,Female,26.7,124,126,100,Medium,Yes,No,No,No
P01007,67,Female,30.0,123,142,92,High,No,No,No,No
P01008,76,Male,23.3,143,73,177,Medium,No,No,Yes,No
P01009,62,Male,19.0,115,110,118,Medium,No,No,No,No
P01010,22,Male,28.9,124,134,129,Low,No,No,No,No
P01011,72,Female,25.2,152,81,123,Medium,Yes,Yes,Yes,No
P01012,73,Female,24.6,153,92,102,Low,No,No,Yes,No
P01013,50,Female,23.5,143,134,58,Low,No,No,Yes,No
P01014,71,Female,27.6,119,106,66,Medium,No,No,No,No
P01015,18,Male,21.6,112,82,119,Medium,Yes,Yes,No,No
P01016,35,Female,26.0,124,126,132,Low,No,Yes,No,No
P01017,49,Female,22.9,126,140,51,High,No,No,No,No
P01018,64,Male,24.0,124,204,74,Medium,No,Yes,No,Yes
P01019,66,Male,28.8,135,128,80,Medium,Yes,No,No,No
P01020,28,Female,30.3,131,125,63,Low,Yes,Yes,No,No
P01021,38,Female,25.5,131,115,20,High,No,No,No,No
P01022,43,Female,31.8,117,165,46,Medium,No,No,No,No
P01023,80,Female,22.1,103,136,103,Medium,No,No,No,No
P01024,42,Male,19.4,138,154,130,High,No,No,No,No
P01025,39,Male,20.3,126,133,74,High,Yes,Yes,No,No
P01026,76,Female,21.6,132,157,125,Medium,No,Yes,No,Yes
P01027,44,Female,20.4,133,138,109,Medium,Yes,No,No,No
P01028,66,Female,37.1,89,76,136,Low,No,No,No,No
P01029,30,Female,19.2,156,115,179,Low,No,No,Yes,No
P01030,50,Female,31.7,115,116,65,Medium,No,No,No,No
P01031,51,Male,26.9,150,141,83,High,Yes,No,Yes,No
P01032,58,Male,28.1,133,130,50,Medium,No,Yes,No,No
P01033,52,Male,22.5,106,172,173,Medium,No,No,No,No
P01034,80,Female,28.6,112,139,85,Low,No,Yes,No,No
P01035,18,Female,22.4,113,142,116,Medium,No,Yes,No,No
P01036,38,Male,31.6,114,90,134,Low,Yes,No,No,No
P01037,65,Male,32.0,93,130,169,Low,Yes,Yes,No,No
P01038,72,Female,26.3,111,117,38,Medium,No,No,No,No
P01039,23,Male,26.7,142,65,147,Low,Yes,No,Yes,No
P01040,45,Female,29.2,144,79,20,Low,No,Yes,Yes,No
P01041,34,Female,28.9,113,150,54,Medium,Yes,Yes,No,No
P01042,22,Male,32.1,91,148,95,Low,No,No,No,No
P01043,48,Male,32.0,136,104,104,High,No,No,No,No
P01044,22,Male,26.9,106,105,173,Low,No,Yes,No,No
P01045,55,Female,24.6,107,85,107,Low,No,Yes,No,No
P01046,20,Female,31.1,120,160,103,Low,No,Yes,No,No
P01047,70,Male,26.2,118,97,114,High,Yes,No,No,No
P01048,40,Female,27.6,111,105,156,Low,No,No,No,No
P01049,54,Female,29.7,112,161,73,Medium,No,No,No,No
P01050,70,Female,31.9,116,160,31,Medium,No,No,No,No
P01051,54,Male,28.3,112,119,109,Low,No,No,No,No
P01052,27,Female,24.1,113,125,109,High,No,Yes,No,No
P01053,27,Male,36.0,119,141,97,Medium,Yes,No,No,No
P01054,36,Male,34.7,131,111,179,Low,No,No,No,No
P01055,34,Female,21.9,129,122,143,Medium,Yes,No,No,No
P01056,38,Male,22.4,115,118,20,Medium,No,No,No,No
P01057,31,Female,23.1,119,149,82,High,No,No,No,No
P01058,26,Male,31.2,149,175,127,Medium,Yes,No,Yes,No
P01059,63,Male,36.2,143,165,124,Low,No,No,Yes,Yes
P01060,18,Female,24.5,135,161,155,Medium,Yes,No,No,No
P01061,68,Male,27.8,93,87,173,Medium,No,Yes,No,No
P01062,62,Male,23.2,127,170,123,Medium,No,Yes,No,No
P01063,30,Male,35.5,113,101,132,Medium,Yes,No,No,No
P01064,21,Female,31.1,108,65,43,Medium,Yes,Yes,No,No
P01065,79,Female,22.9,119,95,74,High,No,No,No,No
P01066,18,Male,16.5,144,122,80,Low,No,Yes,Yes,No
P01067,66,Male,32.2,141,65,41,Medium,No,No,Yes,No
P01068,57,Male,24.1,114,150,139,Low,No,No,No,No
P01069,49,Female,31.2,127,154,111,Medium,No,No,No,No
P01070,51,Female,28.5,117,112,188,Medium,Yes,No,No,No
P01071,45,Male,17.8,121,84,134,Medium,No,No,No,No
P01072,48,Female,23.0,143,157,120,High,No,No,Yes,No
P01073,25,Female,25.2,124,93,175,Medium,Yes,No,No,No
P01074,56,Female,23.6,93,68,73,Medium,No,Yes,No,No
P01075,43,Female,27.6,127,123,23,Low,No,Yes,No,No
P01076,75,Male,29.0,158,126,147,Medium,Yes,No,Yes,No
P01077,51,Female,35.9,112,136,124,Low,No,No,No,Yes
P01078,71,Female,29.4,153,152,99,High,Yes,No,Yes,Yes
P01079,71,Male,34.5,136,156,83,Medium,No,No,No,No
P01080,20,Male,24.6,146,81,72,Medium,No,Yes,Yes,No
P01081,76,Female,32.8,141,65,105,Low,No,No,Yes,No
P01082,67,Female,25.1,128,141,114,High,No,No,No,Yes
P01083,29,Male,22.4,114,127,136,Medium,No,Yes,No,No
P01084,18,Male,22.2,128,109,40,Low,No,Yes,No,No
P01085,71,Male,16.0,129,120,155,Low,Yes,No,No,No
P01086,61,Female,31.3,142,96,96,Medium,No,Yes,Yes,No
P01087,22,Female,20.5,85,185,108,Medium,No,No,No,No
P01088,47,Male,34.0,99,65,72,Low,No,No,No,No
P01089,47,Female,26.1,129,140,126,Low,No,Yes,No,Yes
P01090,76,Male,19.2,131,80,188,Low,No,No,No,No
P01091,74,Female,21.4,109,102,141,Medium,No,No,No,No
P01092,34,Male,28.0,131,110,85,Medium,Yes,No,No,No
P01093,65,Male,17.6,137,91,26,High,No,No,No,No
P01094,80,Female,29.9,121,117,77,Medium,No,Yes,No,No
P01095,64,Female,19.4,151,65,80,Medium,No,Yes,Yes,No
P01096,40,Female,23.3,154,71,124,Medium,No,No,Yes,No
P01097,32,Female,28.0,127,65,75,Medium,No,Yes,No,No
P01098,54,Female,29.3,140,82,70,Medium,No,Yes,Yes,No
P01099,38,Female,31.0,94,97,89,Low,No,Yes,No,No
P01100,31,Male,20.5,144,125,103,Low,No,No,Yes,No
P01101,19,Female,25.5,151,102,90,Medium,No,No,Yes,No
P01102,28,Male,32.5,107,95,87,Low,Yes,No,No,No
P01103,68,Male,25.5,136,107,44,Medium,No,Yes,No,No
P01104,56,Female,28.5,91,101,125,Medium,No,No,No,No
P01105,55,Male,27.8,111,112,58,Medium,No,No,No,No
P01106,77,Male,33.5,116,113,146,High,No,No,No,No
P01107,51,Female,24.7,98,98,155,Medium,No,No,No,No
P01108,55,Female,20.1,121,70,49,Medium,No,No,No,No
P01109,67,Female,22.2,120,123,183,Low,Yes,No,No,No
P01110,51,Male,27.9,136,154,155,High,Yes,Yes,No,No
P01111,35,Female,19.2,98,88,112,High,No,No,No,No
P01112,47,Female,24.3,136,121,61,Low,No,No,No,No
P01113,32,Female,27.4,111,109,20,High,No,Yes,No,No
P01114,44,Female,23.2,102,145,105,Low,Yes,Yes,No,No
P01115,68,Male,28.6,121,95,111,Low,No,Yes,No,No
P01116,80,Female,30.6,139,117,145,High,No,No,No,No
P01117,51,Male,29.3,116,121,20,High,No,No,No,No
P01118,69,Female,19.3,134,134,149,Medium,Yes,Yes,No,No
P01119,74,Male,27.4,130,86,156,Medium,No,No,No,No
P01120,55,Male,27.8,181,136,124,Low,Yes,No,Yes,No
P01121,50,Male,25.1,119,106,44,Low,Yes,No,No,No
P01122,41,Female,28.6,122,143,95,Low,Yes,No,No,No
P01123,32,Male,28.4,145,111,53,Low,No,No,Yes,No
P01124,77,Female,26.5,124,169,46,Medium,No,Yes,No,Yes
P01125,47,Female,22.0,130,69,52,Low,Yes,No,No,No
P01126,72,Female,26.9,93,144,115,Medium,No,No,No,No
P01127,59,Female,36.3,123,136,68,Low,No,No,No,No
P01128,68,Female,25.0,112,141,94,Low,No,Yes,No,No
P01129,34,Male,32.2,116,162,135,Low,No,No,No,No
P01130,22,Female,27.2,130,65,105,Medium,No,No,No,No
P01131,46,Male,23.0,124,201,87,Medium,No,Yes,No,No
P01132,21,Male,25.5,139,143,99,Low,Yes,No,No,No
P01133,27,Male,26.9,142,193,177,Medium,No,Yes,Yes,No
P01134,73,Male,30.3,122,190,163,Medium,No,No,No,Yes
P01135,34,Male,38.9,130,140,20,High,No,Yes,No,No
P01136,27,Male,27.3,88,134,83,Medium,No,No,No,No
P01137,34,Male,20.8,131,151,106,Low,Yes,No,No,Yes
P01138,77,Female,18.7,144,65,198,Low,Yes,No,Yes,No
P01139,37,Male,24.9,109,122,97,Medium,No,No,No,No
P01140,41,Female,21.4,139,159,87,Low,No,No,No,No
P01141,22,Male,29.8,117,178,94,Medium,Yes,No,No,No
P01142,51,Male,29.8,115,114,100,High,No,Yes,No,No
P01143,23,Male,26.3,151,138,115,Low,No,No,Yes,No
P01144,70,Male,30.3,124,145,121,High,No,Yes,No,No
P01145,19,Female,27.3,141,122,96,Low,Yes,No,Yes,No
P01146,30,Female,36.3,90,92,188,Medium,No,Yes,No,No
P01147,79,Female,30.1,114,102,106,Low,No,No,No,No
P01148,60,Male,31.5,138,88,157,Low,No,No,No,No
P01149,60,Male,19.8,127,72,108,Medium,Yes,No,No,No
P01150,65,Male,21.1,122,119,86,Low,No,No,No,No
P01151,28,Female,29.4,136,203,126,Medium,Yes,No,No,No
P01152,68,Male,19.3,110,134,20,Medium,Yes,Yes,No,Yes
P01153,64,Female,23.9,147,115,98,High,No,No,Yes,No
P01154,74,Female,32.9,121,138,20,Low,No,Yes,No,No
P01155,40,Male,23.8,110,96,50,Medium,Yes,No,No,No
P01156,72,Male,21.0,111,67,69,High,No,No,No,No
P01157,33,Female,30.3,124,101,104,Medium,No,Yes,No,No
P01158,48,Female,37.4,117,85,120,Medium,No,Yes,No,No
P01159,28,Female,23.0,134,65,30,Low,Yes,No,No,No
P01160,71,Male,33.1,124,106,83,Medium,No,No,No,No
P01161,33,Male,22.3,119,142,89,High,Yes,No,No,No
P01162,25,Male,26.4,131,139,197,Medium,No,No,No,No
P01163,21,Male,26.7,115,134,102,High,No,Yes,No,No
P01164,57,Male,23.1,134,183,48,Low,Yes,Yes,No,Yes
P01165,21,Male,31.4,131,106,143,High,Yes,No,No,No
P01166,73,Female,19.3,130,140,93,Low,No,Yes,No,No
P01167,42,Female,28.0,119,111,139,High,No,No,No,No
P01168,20,Female,32.4,114,175,150,Low,No,No,No,No
P01169,49,Male,31.0,140,97,67,Medium,No,Yes,Yes,Yes
P01170,20,Female,29.5,136,151,87,Low,No,No,No,No
P01171,44,Male,34.9,107,134,88,Low,No,No,No,No
P01172,46,Male,25.9,117,168,145,Low,No,Yes,No,Yes
P01173,49,Female,19.4,149,125,178,Medium,Yes,Yes,Yes,Yes
P01174,67,Male,27.7,143,117,180,High,Yes,No,Yes,No
P01175,78,Female,26.4,104,112,95,Medium,No,Yes,No,No
P01176,75,Female,16.4,125,120,174,Low,No,No,No,No
P01177,68,Male,21.4,133,65,122,Low,No,No,No,No
P01178,36,Female,20.7,143,107,89,Low,No,Yes,Yes,No
P01179,38,Female,22.9,127,105,70,Low,No,No,No,No
P01180,22,Female,25.2,134,85,126,Medium,No,No,No,No
P01181,35,Female,25.4,142,105,177,Medium,Yes,No,Yes,No
P01182,45,Male,23.1,144,94,160,High,Yes,No,Yes,No
P01183,59,Female,20.7,122,107,69,Low,No,No,No,Yes
P01184,78,Female,28.9,126,147,121,Medium,No,No,No,No
P01185,39,Female,27.6,111,147,67,High,No,No,No,No
P01186,38,Male,27.7,120,180,114,Medium,No,No,No,No
P01187,23,Female,35.9,118,136,126,Medium,No,Yes,No,No
P01188,18,Male,27.8,122,72,119,High,No,No,No,No
P01189,22,Female,25.2,123,113,150,Low,Yes,Yes,No,No
P01190,58,Female,26.5,140,103,73,Low,Yes,Yes,Yes,No
P01191,29,Female,27.5,131,91,165,Medium,Yes,Yes,No,No
P01192,43,Male,30.1,102,163,88,Medium,No,No,No,No
P01193,63,Male,26.8,135,141,54,Medium,No,No,No,No
P01194,51,Male,17.3,115,127,150,Medium,Yes,No,No,No
P01195,66,Male,24.8,105,73,126,High,No,No,No,No
P01196,31,Male,27.0,104,122,149,Medium,No,No,No,No
P01197,43,Male,33.5,128,206,112,Low,No,Yes,No,Yes
P01198,62,Female,23.1,144,96,20,Medium,No,No,Yes,No
P01199,44,Male,18.8,121,117,67,Low,Yes,No,No,No
P01200,26,Female,27.3,142,174,110,Low,No,No,Yes,No
P01201,43,Male,31.3,127,110,102,Low,No,No,No,No
P01202,74,Male,25.0,86,109,186,High,No,No,No,No
P01203,64,Male,38.9,136,117,69,Medium,No,Yes,No,Yes
P01204,74,Female,37.7,115,137,144,Low,No,No,No,No
P01205,39,Male,26.6,110,92,131,High,No,Yes,No,No
P01206,64,Male,27.9,136,157,20,High,Yes,Yes,No,No
P01207,73,Female,33.8,127,111,104,High,Yes,Yes,No,No
P01208,47,Female,26.6,124,132,110,Low,No,No,No,No
P01209,60,Female,23.0,127,110,164,Low,No,Yes,No,No
P01210,80,Female,31.4,110,78,28,Low,No,No,No,No
P01211,65,Male,29.3,157,65,140,High,No,No,Yes,No
P01212,78,Female,23.0,128,133,123,Medium,No,Yes,No,No
P01213,34,Male,28.4,128,65,164,Low,No,Yes,No,No
P01214,43,Male,26.2,123,152,77,High,Yes,No,No,Yes
P01215,53,Female,25.1,96,129,140,Medium,No,No,No,No
P01216,18,Male,23.1,113,196,55,Medium,No,No,No,No
P01217,25,Female,27.6,103,105,198,Medium,No,No,No,No
P01218,66,Male,25.7,101,186,86,Medium,Yes,No,No,No
P01219,52,Female,28.4,97,115,38,Medium,Yes,No,No,No
P01220,78,Female,31.1,114,158,66,Medium,No,No,No,No
P01221,69,Female,28.2,125,144,149,Low,Yes,No,No,No
P01222,32,Female,28.2,99,65,103,Low,No,No,No,No
P01223,64,Female,24.3,138,237,150,High,No,No,No,Yes
P01224,80,Female,32.9,130,182,176,High,Yes,No,No,Yes
P01225,73,Male,22.8,121,139,149,Medium,Yes,No,No,No
P01226,39,Male,18.9,164,172,147,Medium,Yes,Yes,Yes,Yes
P01227,31,Male,21.6,121,135,60,Low,No,No,No,No
P01228,43,Female,32.2,139,156,71,Medium,No,No,No,No
P01229,45,Male,29.3,129,130,52,Medium,No,Yes,No,No
P01230,40,Female,33.6,151,89,106,Low,No,No,Yes,No
P01231,31,Male,20.4,145,121,192,Low,Yes,No,Yes,No
P01232,41,Male,38.6,120,107,94,Medium,No,No,No,No
P01233,19,Female,25.6,120,147,184,Medium,No,Yes,No,No
P01234,62,Male,18.2,101,88,33,Medium,Yes,Yes,No,No
P01235,43,Male,38.0,127,130,85,Medium,No,No,No,No
P01236,31,Male,20.4,137,76,63,High,No,Yes,No,No
P01237,76,Female,25.0,124,152,125,Medium,No,Yes,No,Yes
P01238,73,Male,26.0,150,82,121,Low,No,No,Yes,No
P01239,68,Female,29.2,128,146,30,Low,No,No,No,Yes
P01240,24,Male,23.0,147,129,68,Medium,No,No,Yes,No
P01241,20,Male,32.2,122,161,157,Medium,No,No,No,No
P01242,64,Male,30.8,104,120,148,Medium,No,No,No,No
P01243,40,Male,27.1,114,153,67,High,Yes,No,No,No
P01244,63,Female,33.6,124,130,72,Medium,Yes,Yes,No,Yes
P01245,60,Male,26.7,112,140,100,Low,No,Yes,No,Yes
P01246,64,Female,25.6,95,65,66,Medium,No,No,No,No
P01247,77,Female,37.0,89,102,123,Medium,Yes,No,No,No
P01248,62,Male,28.5,143,119,96,Low,Yes,Yes,Yes,No
P01249,35,Male,22.1,132,173,149,Medium,Yes,No,No,Yes
P01250,75,Female,22.7,130,137,94,High,No,No,No,No
P01251,55,Female,27.1,128,65,145,Medium,No,No,No,No
P01252,52,Male,16.0,115,140,82,Medium,No,No,No,No
P01253,68,Male,23.8,139,94,83,Low,No,No,No,No
P01254,32,Male,26.5,94,97,103,Low,No,No,No,No
P01255,42,Male,26.2,87,123,35,High,No,No,No,No
P01256,72,Male,20.7,121,135,102,Medium,Yes,Yes,No,Yes
P01257,54,Female,24.8,127,98,154,High,No,No,No,No
P01258,45,Male,32.9,109,65,53,High,Yes,No,No,No
P01259,27,Male,31.9,96,119,150,Medium,No,No,No,No
P01260,56,Female,27.5,136,117,108,High,No,No,No,No
P01261,74,Male,26.7,118,175,113,Low,No,No,No,Yes
P01262,34,Male,26.2,137,126,123,Low,No,No,No,No
P01263,56,Female,28.2,149,166,92,Low,Yes,No,Yes,No
P01264,39,Male,27.5,96,199,121,Low,Yes,No,No,No
P01265,43,Female,28.6,129,86,95,Medium,No,Yes,No,No
P01266,79,Male,29.5,129,176,79,Medium,No,No,No,Yes
P01267,61,Male,20.9,138,158,158,Low,No,No,No,Yes
P01268,42,Male,25.4,115,65,49,Low,No,No,No,No
P01269,34,Female,28.0,126,118,83,Medium,No,No,No,No
P01270,30,Female,22.2,138,150,142,Medium,No,No,No,No
P01271,37,Female,23.6,133,137,64,Medium,No,No,No,No
P01272,42,Female,25.9,153,183,97,Medium,No,Yes,Yes,Yes
P01273,21,Male,26.2,109,146,43,Low,No,Yes,No,No
P01274,27,Female,28.1,129,75,86,Low,Yes,Yes,No,No
P01275,20,Female,22.8,123,153,40,Medium,No,Yes,No,No
P01276,58,Female,31.8,121,85,72,Low,No,No,No,No
P01277,62,Male,26.1,136,106,112,High,No,No,No,No
P01278,35,Male,27.7,127,163,102,Medium,No,No,No,No
P01279,64,Female,25.2,106,159,154,Medium,No,No,No,No
P01280,53,Female,28.2,142,126,137,Medium,No,No,Yes,No
P01281,64,Male,35.4,136,100,89,Low,Yes,No,No,No
P01282,39,Female,25.1,152,118,148,Medium,No,No,Yes,No
P01283,51,Female,24.3,138,121,99,Medium,No,No,No,No
P01284,64,Female,22.8,121,105,74,Medium,No,No,No,No
P01285,25,Female,26.7,121,165,49,Low,No,No,No,No
P01286,57,Male,26.6,144,110,171,Medium,No,No,Yes,No
P01287,66,Male,27.3,111,116,162,High,No,No,No,Yes
P01288,61,Male,29.3,109,117,96,Low,Yes,Yes,No,No
P01289,36,Female,28.7,129,149,101,Low,Yes,No,No,No
P01290,59,Female,26.9,98,134,94,Low,No,No,No,No
P01291,58,Male,36.8,131,133,20,Medium,Yes,No,No,No
P01292,54,Male,30.5,133,92,100,Medium,No,No,No,No
P01293,23,Male,21.6,121,133,20,Medium,No,Yes,No,No
P01294,69,Female,19.3,150,151,52,High,Yes,No,Yes,No
P01295,43,Male,23.5,145,113,104,High,No,Yes,Yes,No
P01296,51,Female,27.8,111,130,142,Medium,Yes,Yes,No,No
P01297,76,Female,23.1,137,157,30,Low,No,No,No,No
P01298,73,Male,23.9,143,97,98,Medium,No,No,Yes,Yes
P01299,76,Male,27.1,126,97,102,Low,No,No,No,No
P01300,62,Female,25.3,117,121,98,Low,Yes,Yes,No,No
P01301,23,Male,16.8,105,152,120,High,No,Yes,No,No
P01302,54,Male,32.4,115,65,140,Medium,No,No,No,No
P01303,74,Female,31.2,105,118,107,High,Yes,No,No,No
P01304,50,Female,20.6,141,100,174,High,No,Yes,Yes,No
P01305,70,Female,27.3,120,138,95,Medium,Yes,No,No,No
P01306,39,Female,21.4,134,122,59,High,No,No,No,No
P01307,38,Female,24.0,148,165,187,Medium,Yes,No,Yes,No
P01308,23,Male,29.4,129,148,215,Low,Yes,No,No,No
P01309,23,Female,31.1,146,117,132,Medium,No,No,Yes,No
P01310,72,Female,30.9,119,89,20,Medium,No,No,No,No
P01311,65,Female,28.2,132,137,117,Medium,No,No,No,No
P01312,21,Male,33.4,129,115,74,High,Yes,No,No,No
P01313,47,Female,23.9,112,118,172,Medium,No,No,No,No
P01314,28,Female,25.1,119,84,104,Low,No,Yes,No,No
P01315,79,Female,16.0,150,130,74,Low,No,Yes,Yes,No
P01316,79,Male,26.5,119,107,120,Low,No,Yes,No,No
P01317,47,Female,29.9,95,111,163,Low,No,Yes,No,No
P01318,48,Female,28.4,119,65,68,Low,No,Yes,No,No
P01319,41,Female,23.9,111,126,140,Medium,Yes,No,No,No
P01320,72,Male,31.2,133,92,20,Medium,No,No,No,No
P01321,26,Male,26.6,136,143,101,Medium,No,No,No,No
P01322,72,Male,30.8,131,127,43,Medium,No,Yes,No,No
P01323,20,Male,29.4,118,74,67,Low,No,Yes,No,No
P01324,68,Female,34.1,126,121,159,Medium,No,No,No,No
P01325,48,Female,28.7,119,133,89,Low,No,Yes,No,No
P01326,57,Male,30.0,99,198,72,High,No,No,No,No
P01327,54,Male,26.6,123,146,158,Medium,No,No,No,No
P01328,53,Female,24.5,172,80,131,Low,No,No,Yes,Yes
P01329,41,Female,29.5,106,193,21,Medium,No,No,No,No
P01330,48,Male,34.5,92,115,102,Low,Yes,No,No,No
P01331,23,Male,23.9,151,115,108,Medium,Yes,No,Yes,No
P01332,19,Male,25.8,133,193,140,Low,Yes,No,No,Yes
P01333,37,Male,27.1,130,103,92,Medium,No,Yes,No,No
P01334,45,Female,30.4,119,120,192,Medium,No,No,No,No
P01335,28,Male,28.7,129,68,118,Medium,No,No,No,No
P01336,21,Male,31.6,126,124,34,Low,Yes,Yes,No,No
P01337,32,Female,36.9,149,120,88,Medium,No,Yes,Yes,No
P01338,23,Female,23.8,142,111,154,Medium,No,Yes,Yes,No
P01339,71,Female,30.0,136,131,92,Medium,No,Yes,No,Yes
P01340,66,Female,28.6,113,96,110,High,No,No,No,No
P01341,47,Female,27.1,129,176,103,Low,No,No,No,No
P01342,73,Male,30.0,114,126,20,Medium,No,Yes,No,No
P01343,55,Male,25.7,147,98,87,Low,Yes,Yes,Yes,Yes
P01344,68,Male,28.6,112,76,85,Low,No,No,No,No
P01345,79,Female,20.5,123,127,179,Low,No,Yes,No,No
P01346,74,Male,24.3,105,157,165,Medium,No,Yes,No,No
P01347,19,Female,32.2,116,137,52,Medium,No,No,No,No
P01348,32,Male,32.0,116,194,38,Medium,No,No,No,No
P01349,28,Male,28.3,122,195,137,Low,Yes,No,No,No
P01350,25,Female,24.7,109,80,105,Medium,No,No,No,No
P01351,43,Female,31.1,147,73,113,Low,No,No,Yes,No
P01352,68,Male,33.2,122,98,53,Medium,Yes,Yes,No,No
P01353,62,Male,24.9,115,150,102,Low,No,No,No,No
P01354,61,Male,19.7,139,139,74,Low,No,No,No,No
P01355,22,Male,29.2,164,160,54,Medium,No,No,Yes,No
P01356,23,Male,31.6,118,89,89,High,No,No,No,No
P01357,43,Female,29.9,121,65,97,Low,Yes,No,No,No
P01358,71,Female,34.8,112,104,50,Medium,No,Yes,No,No
P01359,21,Female,34.8,137,146,88,Low,Yes,Yes,No,No
P01360,36,Female,25.5,142,131,73,High,No,No,Yes,No
P01361,37,Male,28.0,124,169,96,Medium,No,Yes,No,No
P01362,50,Male,24.5,117,100,86,Medium,Yes,No,No,No
P01363,37,Female,21.9,135,160,180,Low,No,No,No,No
P01364,66,Male,22.2,138,104,115,High,No,Yes,No,No
P01365,29,Female,30.6,153,152,83,Medium,No,No,Yes,No
P01366,64,Male,28.5,115,152,150,Low,Yes,Yes,No,Yes
P01367,18,Male,31.4,140,180,20,Medium,No,No,Yes,No
P01368,43,Male,39.7,127,78,130,Low,No,No,No,No
P01369,31,Female,29.5,94,173,114,Low,No,No,No,No
P01370,55,Female,23.1,152,141,118,Low,No,Yes,Yes,Yes
P01371,54,Female,32.2,130,127,81,Low,No,No,No,No
P01372,79,Female,23.0,136,120,143,Medium,No,Yes,No,No
P01373,28,Male,35.7,142,122,121,Medium,No,No,Yes,No
P01374,80,Male,17.1,136,126,144,Medium,No,No,No,Yes
P01375,53,Male,24.3,108,69,66,High,Yes,Yes,No,No
P01376,30,Male,30.1,137,134,155,Medium,No,Yes,No,No
P01377,60,Female,32.9,134,130,81,Low,No,No,No,No
P01378,20,Male,23.6,95,102,39,Low,No,No,No,No
P01379,50,Male,22.7,155,126,187,Low,No,Yes,Yes,No
P01380,23,Male,27.7,118,164,142,Medium,No,No,No,No
P01381,67,Female,36.5,143,103,191,Medium,Yes,Yes,Yes,No
P01382,73,Female,19.3,119,85,104,High,No,Yes,No,No
P01383,27,Female,25.4,115,100,150,Low,No,No,No,No
P01384,22,Male,28.3,124,65,161,High,Yes,No,No,No
P01385,40,Female,23.0,163,188,89,Low,No,No,Yes,Yes
P01386,27,Male,23.0,161,96,33,Medium,No,No,Yes,No
P01387,61,Male,25.8,115,169,124,High,No,Yes,No,No
P01388,19,Male,28.5,147,82,118,Medium,No,No,Yes,No
P01389,30,Female,26.0,125,103,120,Medium,No,No,No,No
P01390,57,Female,34.3,161,127,105,Low,No,No,Yes,No
P01391,19,Male,30.0,146,148,82,High,No,No,Yes,No
P01392,37,Male,28.9,130,123,78,Low,No,No,No,No
P01393,18,Female,32.1,126,71,136,Low,No,No,No,No
P01394,80,Female,29.0,136,123,20,Medium,No,No,No,No
P01395,54,Female,24.8,134,169,28,Low,No,No,No,No
P01396,26,Male,25.7,105,136,22,Medium,No,Yes,No,No
P01397,34,Male,21.4,129,203,20,Low,Yes,No,No,Yes
P01398,26,Male,37.0,113,131,99,High,No,Yes,No,No
P01399,28,Female,31.7,115,160,130,Low,No,No,No,No
P01400,32,Female,16.0,145,143,129,Medium,No,No,Yes,No
P01401,41,Female,33.7,129,103,50,High,No,Yes,No,No
P01402,55,Male,19.7,117,123,28,High,No,No,No,No
P01403,72,Male,29.6,103,164,112,High,Yes,No,No,Yes
P01404,52,Female,16.0,111,113,128,Medium,No,No,No,No
P01405,47,Male,24.9,124,139,131,Low,No,No,No,No
P01406,48,Female,33.7,155,103,41,Medium,No,Yes,Yes,Yes
P01407,66,Male,34.0,106,158,142,Medium,No,No,No,No
P01408,22,Female,28.5,130,128,113,Low,Yes,No,No,No
P01409,79,Male,30.9,132,155,60,High,No,No,No,Yes
P01410,77,Male,19.9,147,169,77,High,No,No,Yes,Yes
P01411,61,Female,29.7,127,149,65,Medium,No,No,No,No
P01412,67,Female,31.3,132,119,68,Medium,No,No,No,No
P01413,31,Female,39.8,146,119,154,Medium,No,Yes,Yes,No
P01414,70,Female,23.9,111,65,128,Medium,No,Yes,No,No
P01415,73,Female,27.1,139,140,55,Medium,No,Yes,No,Yes
P01416,28,Male,27.4,100,162,85,Low,Yes,No,No,No
P01417,26,Female,30.5,126,82,132,Medium,No,No,No,No
P01418,51,Female,31.4,121,120,20,Medium,No,No,No,No
P01419,29,Female,32.3,112,119,132,Low,No,No,No,No
P01420,52,Male,31.9,143,141,194,Low,No,No,Yes,No
P01421,52,Female,19.6,144,130,119,High,No,No,Yes,No
P01422,18,Female,16.0,144,93,97,Low,No,No,Yes,No
P01423,57,Female,24.4,132,181,37,Medium,Yes,No,No,No
P01424,39,Male,26.8,103,67,20,Medium,Yes,No,No,No
P01425,77,Male,23.9,119,104,82,High,No,No,No,No
P01426,46,Female,24.7,143,78,127,Medium,No,No,Yes,No
P01427,25,Male,25.3,143,137,98,Low,No,Yes,Yes,No
P01428,28,Female,29.9,147,141,160,Low,No,No,Yes,No
P01429,58,Male,21.8,131,121,122,Low,No,Yes,No,No
P01430,54,Female,26.6,122,83,69,Low,No,No,No,No
P01431,31,Male,26.6,90,92,162,High,No,No,No,No
P01432,77,Female,29.8,141,156,132,Medium,Yes,Yes,Yes,Yes
P01433,47,Female,32.8,123,122,34,Low,No,No,No,No
P01434,52,Male,35.4,102,109,60,Medium,Yes,No,No,No
P01435,38,Female,23.3,139,101,83,Low,Yes,No,No,No
P01436,54,Female,17.0,151,121,184,Medium,Yes,No,Yes,No
P01437,22,Female,25.8,141,145,138,High,No,No,Yes,No
P01438,36,Female,19.1,137,116,59,Medium,No,No,No,No
P01439,76,Male,40.7,142,140,248,Medium,No,No,Yes,Yes
P01440,31,Female,22.6,85,70,140,Medium,No,No,No,No
P01441,43,Male,29.8,156,165,52,Low,No,Yes,Yes,Yes
P01442,79,Male,31.7,111,124,92,Medium,No,Yes,No,No
P01443,21,Male,28.7,112,91,82,Medium,No,No,No,No
P01444,42,Male,37.4,117,140,67,Medium,Yes,Yes,No,No
P01445,62,Female,26.0,119,131,164,Low,Yes,No,No,No
P01446,59,Female,22.8,152,86,99,Medium,Yes,Yes,Yes,No
P01447,42,Male,22.6,135,121,147,Medium,No,No,No,No
P01448,35,Female,30.8,113,107,99,Low,No,No,No,No
P01449,57,Male,26.1,116,81,89,Medium,No,Yes,No,No
P01450,25,Female,22.6,170,110,78,Low,No,Yes,Yes,No
P01451,56,Female,29.2,131,88,106,Low,No,No,No,No
P01452,57,Female,30.5,117,82,70,High,Yes,Yes,No,No
P01453,31,Male,28.4,96,142,104,Medium,No,Yes,No,No
P01454,49,Male,31.5,95,136,79,Low,No,No,No,No
P01455,68,Female,27.4,105,116,45,Low,Yes,Yes,No,No
P01456,78,Male,24.0,127,65,89,High,No,No,No,No
P01457,55,Male,31.1,145,122,25,Low,Yes,Yes,Yes,Yes
P01458,50,Female,22.5,136,152,166,Medium,No,Yes,No,No
P01459,40,Male,21.4,146,167,128,Medium,Yes,No,Yes,No
P01460,80,Female,32.8,135,161,84,Medium,No,Yes,No,No
P01461,32,Female,25.3,103,83,25,Low,No,Yes,No,No
P01462,50,Female,35.3,133,98,106,Low,No,No,No,No
P01463,42,Male,31.3,133,119,115,High,Yes,No,No,No
P01464,34,Female,24.9,123,122,124,Low,No,No,No,No
P01465,50,Female,29.4,119,126,70,Medium,No,Yes,No,No
P01466,64,Male,39.6,122,164,114,High,No,No,No,No
P01467,72,Male,30.8,97,132,191,Medium,Yes,Yes,No,No
P01468,19,Male,29.9,101,167,82,Low,Yes,No,No,No
P01469,31,Male,24.0,171,98,152,Medium,No,Yes,Yes,Yes
P01470,70,Female,36.2,102,111,104,High,No,Yes,No,No
P01471,57,Male,33.6,93,110,99,High,No,Yes,No,No
P01472,57,Male,24.1,112,123,111,Low,No,No,No,Yes
P01473,68,Male,36.4,133,78,81,Low,No,No,No,No
P01474,56,Male,27.8,135,192,111,High,No,No,No,No
P01475,68,Female,22.8,107,128,148,High,No,No,No,No
P01476,23,Male,24.0,127,85,146,Low,No,No,No,No
P01477,23,Female,31.4,115,87,157,High,No,Yes,No,No
P01478,20,Male,22.8,128,128,77,Low,No,Yes,No,No
P01479,24,Female,21.5,120,146,108,Low,No,No,No,No
P01480,68,Female,24.8,113,158,203,Medium,No,No,No,No
P01481,25,Male,25.6,113,127,61,Medium,No,Yes,No,No
P01482,59,Female,23.6,85,146,100,Low,Yes,No,No,No
P01483,69,Male,24.7,121,137,50,High,No,No,No,No
P01484,32,Female,31.6,124,121,110,Medium,No,No,No,No
P01485,64,Female,28.3,100,113,152,Medium,No,No,No,No
P01486,46,Female,24.4,119,126,182,Medium,No,Yes,No,No
P01487,50,Male,24.9,120,121,60,Low,No,No,No,No
P01488,69,Female,26.3,92,125,68,Medium,No,No,No,No
P01489,47,Male,26.6,111,141,176,Medium,Yes,No,No,No
P01490,56,Female,26.6,111,182,20,Medium,No,No,No,No
P01491,44,Female,31.4,128,90,76,Low,No,No,No,No
P01492,53,Female,28.0,147,128,149,Low,No,Yes,Yes,Yes
P01493,46,Female,28.1,126,137,28,Low,Yes,Yes,No,No
P01494,55,Female,34.1,146,112,58,High,No,Yes,Yes,No
P01495,74,Female,36.4,121,163,162,High,No,No,No,No
P01496,50,Male,20.8,132,108,20,High,No,No,No,No
P01497,78,Male,19.1,126,149,20,Medium,No,No,No,No
P01498,54,Male,25.3,168,169,143,Medium,No,No,Yes,Yes
P01499,44,Female,30.9,122,139,178,Low,No,No,No,No
P01500,72,Male,28.9,139,119,169,Low,No,No,No,No
P01501,50,Female,32.3,129,142,20,Medium,No,No,No,No
P01502,79,Male,25.0,145,111,171,Low,No,No,Yes,No
P01503,21,Male,17.2,136,100,109,Low,Yes,Yes,No,No
P01504,39,Female,20.2,131,138,69,Low,No,No,No,No
P01505,19,Female,29.8,104,151,63,Low,No,No,No,No
P01506,27,Male,32.3,106,128,136,Low,No,Yes,No,No
P01507,22,Male,17.5,114,145,125,Low,Yes,Yes,No,No
P01508,76,Male,34.1,120,206,168,Medium,Yes,No,No,Yes
P01509,27,Male,29.3,127,168,77,Low,Yes,No,No,No
P01510,50,Female,26.6,114,105,83,High,No,No,No,No
P01511,71,Male,23.9,89,131,141,High,Yes,Yes,No,No
P01512,55,Female,35.0,143,136,69,High,No,No,Yes,No
P01513,30,Female,31.5,133,96,142,Medium,No,No,No,No
P01514,48,Male,29.5,126,147,55,Medium,No,Yes,No,No
P01515,64,Female,23.3,148,99,197,Medium,Yes,No,Yes,No
P01516,53,Male,35.1,111,149,195,Low,No,Yes,No,No
P01517,62,Female,27.2,123,193,72,Medium,No,Yes,No,Yes
P01518,41,Female,28.5,128,121,108,High,Yes,No,No,No
P01519,69,Male,27.4,118,140,111,Low,No,No,No,Yes
P01520,73,Female,23.2,111,135,99,Medium,No,No,No,No
P01521,32,Female,28.6,141,92,60,Medium,No,Yes,Yes,No
P01522,46,Male,30.5,130,99,110,Medium,Yes,Yes,No,No
P01523,25,Female,24.8,136,138,38,High,No,Yes,No,No
P01524,22,Female,28.2,110,130,174,Low,No,Yes,No,No
P01525,46,Male,27.3,140,120,177,High,Yes,Yes,Yes,No
P01526,64,Male,31.6,114,158,166,Medium,Yes,No,No,No
P01527,21,Female,25.5,129,141,169,High,Yes,No,No,No
P01528,29,Female,28.1,161,202,138,Medium,No,No,Yes,No
P01529,62,Female,29.2,140,93,64,Low,No,Yes,Yes,Yes
P01530,19,Male,25.4,131,111,46,High,Yes,No,No,No
P01531,44,Female,22.9,149,176,57,High,No,No,Yes,No
P01532,48,Female,23.7,115,184,125,Low,No,No,No,No
P01533,68,Female,29.0,134,95,45,Medium,No,Yes,No,No
P01534,68,Female,25.8,110,111,113,Low,Yes,No,No,No
P01535,53,Female,25.8,118,119,130,Low,No,Yes,No,No
P01536,53,Female,30.0,154,174,97,Medium,Yes,No,Yes,Yes
P01537,43,Male,32.1,130,120,107,Low,No,No,No,No
P01538,60,Male,33.0,150,119,222,Medium,Yes,Yes,Yes,No
P01539,44,Female,23.9,123,116,104,Medium,Yes,Yes,No,No
P01540,22,Female,31.6,147,129,123,High,No,No,Yes,No
P01541,37,Male,37.4,126,137,158,Low,No,No,No,No
P01542,28,Male,27.6,127,191,146,Low,No,Yes,No,Yes
P01543,79,Male,26.6,125,176,143,Medium,Yes,No,No,Yes
P01544,27,Female,25.6,131,87,117,Low,No,Yes,No,No
P01545,57,Female,21.7,120,118,117,Low,Yes,Yes,No,Yes
P01546,55,Female,31.2,100,126,23,Low,No,No,No,No
P01547,23,Female,26.7,124,109,183,High,No,No,No,No
P01548,25,Male,26.3,127,160,78,High,No,No,No,No
P01549,40,Male,30.4,154,172,145,High,No,No,Yes,No
P01550,64,Male,30.9,85,108,94,Low,No,No,No,No
P01551,43,Male,24.0,154,125,245,Medium,No,No,Yes,Yes
P01552,63,Female,24.1,144,156,68,High,No,No,Yes,No
P01553,60,Female,23.9,137,162,211,Medium,Yes,No,No,No
P01554,29,Male,37.6,128,107,99,Low,No,No,No,No
P01555,43,Male,34.4,107,142,138,Medium,No,Yes,No,No
P01556,30,Male,30.5,160,101,106,Medium,Yes,No,Yes,No
P01557,57,Male,25.1,147,162,176,Medium,Yes,Yes,Yes,Yes
P01558,79,Male,25.7,130,100,111,Medium,No,No,No,Yes
P01559,35,Female,28.8,130,129,120,Low,No,No,No,No
P01560,42,Female,38.0,123,108,110,Low,Yes,No,No,No
P01561,50,Male,28.4,136,91,130,High,No,No,No,No
P01562,64,Male,29.5,124,105,63,Medium,No,Yes,No,No
P01563,57,Male,16.0,131,113,20,Low,No,Yes,No,No
P01564,77,Female,28.3,133,169,126,Medium,No,No,No,Yes
P01565,60,Female,20.0,169,109,201,Medium,No,Yes,Yes,No
P01566,29,Female,24.6,109,128,87,High,No,No,No,No
P01567,61,Male,27.2,128,101,140,Medium,No,Yes,No,No
P01568,53,Female,25.5,147,157,38,Low,No,No,Yes,No
P01569,65,Male,23.8,140,162,80,Medium,No,No,Yes,Yes
P01570,21,Female,23.9,137,152,107,Medium,No,No,No,No
P01571,22,Female,25.9,179,113,104,High,Yes,Yes,Yes,No
P01572,73,Female,25.7,145,102,155,Low,No,No,Yes,No
P01573,54,Male,27.1,114,93,23,Low,No,No,No,No
P01574,25,Male,26.7,112,152,97,High,No,No,No,No
P01575,80,Female,33.4,124,109,77,Medium,No,No,No,No
P01576,59,Male,16.8,117,155,64,Medium,No,Yes,No,No
P01577,66,Male,28.2,126,95,72,High,No,Yes,No,No
P01578,45,Male,27.4,131,118,117,Low,No,No,No,No
P01579,48,Male,26.3,130,109,112,Medium,No,Yes,No,No
P01580,75,Male,23.5,85,100,96,Medium,No,Yes,No,No
P01581,26,Male,26.3,111,65,44,Medium,No,Yes,No,No
P01582,71,Male,18.8,138,79,93,Low,No,No,No,No
P01583,68,Female,28.0,155,164,156,Medium,No,No,Yes,No
P01584,46,Male,28.9,118,96,31,Low,No,No,No,No
P01585,31,Male,23.5,118,148,73,High,Yes,No,No,No
P01586,57,Female,36.7,123,126,53,Medium,No,No,No,No
P01587,58,Female,26.4,156,113,55,Low,No,No,Yes,No
P01588,39,Female,27.2,126,110,94,Medium,No,Yes,No,No
P01589,28,Female,33.7,85,122,76,Low,No,No,No,No
P01590,40,Male,37.7,157,148,66,Medium,No,No,Yes,Yes
P01591,18,Female,21.4,137,82,106,High,Yes,No,No,No
P01592,63,Female,24.1,102,123,34,Low,Yes,Yes,No,No
P01593,54,Male,26.5,116,138,195,Low,No,No,No,No
P01594,38,Male,23.3,111,151,79,Medium,No,No,No,No
P01595,43,Male,31.2,121,160,88,Medium,Yes,No,No,No
P01596,63,Female,22.7,152,119,90,Medium,No,No,Yes,No
P01597,53,Male,33.3,91,76,61,Medium,No,No,No,No
P01598,71,Female,30.1,119,139,161,Low,No,No,No,No
P01599,40,Male,32.8,127,121,117,Low,No,No,No,No
P01600,74,Male,22.8,124,167,20,Low,No,Yes,No,Yes
P01601,18,Female,25.1,111,132,49,Medium,No,No,No,No
P01602,80,Male,31.5,146,168,76,Low,No,No,Yes,Yes
P01603,71,Male,30.6,122,107,134,Medium,No,Yes,No,No
P01604,72,Male,25.6,120,168,159,Low,Yes,No,No,Yes
P01605,68,Male,26.3,131,130,99,High,No,No,No,No
P01606,57,Male,24.8,120,140,177,High,Yes,No,No,Yes
P01607,32,Female,26.1,115,65,140,Medium,No,No,No,No
P01608,38,Female,22.2,108,164,201,High,No,No,No,No
P01609,64,Male,21.3,164,119,80,High,No,No,Yes,No
P01610,26,Female,32.0,139,142,87,Low,No,No,No,No
P01611,70,Female,26.0,118,114,115,High,Yes,No,No,No
P01612,26,Female,32.8,148,165,72,High,No,Yes,Yes,Yes
P01613,27,Male,30.0,134,133,140,Medium,No,No,No,No
P01614,69,Male,28.6,126,130,49,High,No,No,No,No
P01615,74,Male,23.4,106,191,38,High,No,No,No,No
P01616,70,Female,20.9,110,65,102,Low,Yes,No,No,No
P01617,43,Female,24.7,142,111,172,High,No,Yes,Yes,No
P01618,58,Male,34.7,139,120,127,Medium,No,Yes,No,No
P01619,52,Male,31.4,100,96,142,High,Yes,No,No,No
P01620,80,Female,24.2,118,137,180,Low,No,No,No,No
P01621,69,Female,24.8,137,78,124,Low,No,No,No,No
P01622,42,Male,22.4,145,80,89,High,No,No,Yes,No
P01623,43,Female,19.3,134,140,171,Medium,No,Yes,No,No
P01624,28,Female,27.5,117,93,148,Medium,No,No,No,No
P01625,55,Female,35.6,129,143,72,Medium,No,No,No,Yes
P01626,19,Female,35.7,121,104,67,Medium,No,Yes,No,No
P01627,24,Female,30.0,132,96,103,Medium,No,No,No,No
P01628,35,Female,24.0,152,90,145,High,No,Yes,Yes,No
P01629,44,Female,19.8,111,92,61,Medium,No,No,No,No
P01630,51,Male,32.2,130,110,111,Medium,No,Yes,No,No
P01631,44,Male,29.2,123,97,146,High,No,No,No,No
P01632,34,Female,25.4,120,121,94,Medium,No,No,No,No
P01633,60,Female,24.6,122,65,118,Medium,No,No,No,No
P01634,76,Female,30.0,149,95,127,High,Yes,No,Yes,No
P01635,61,Male,22.9,135,169,139,High,No,Yes,No,Yes
P01636,76,Male,28.2,116,81,109,High,No,Yes,No,No
P01637,68,Female,20.9,137,102,99,Medium,No,No,No,No
P01638,71,Male,38.1,115,168,151,Medium,Yes,Yes,No,No
P01639,41,Female,23.6,93,124,20,Medium,No,No,No,No
P01640,42,Female,30.2,85,65,144,Low,Yes,No,No,No
P01641,24,Female,21.0,134,146,131,Low,No,Yes,No,No
P01642,69,Female,26.2,120,166,174,Low,No,Yes,No,Yes
P01643,23,Female,31.4,143,124,131,High,No,No,Yes,No
P01644,70,Female,32.5,132,105,58,High,Yes,No,No,No
P01645,41,Female,30.8,130,65,110,Medium,No,Yes,No,No
P01646,50,Male,26.3,117,108,61,Low,Yes,Yes,No,No
P01647,66,Female,23.7,134,81,157,Low,No,No,No,No
P01648,46,Male,21.6,153,125,20,Low,Yes,Yes,Yes,Yes
P01649,80,Female,34.5,89,154,33,Medium,No,No,No,No
P01650,60,Female,27.5,122,90,51,High,No,No,No,No
P01651,39,Male,28.4,149,149,32,Low,No,No,Yes,No
P01652,43,Male,32.8,104,65,90,Low,No,No,No,No
P01653,45,Female,29.9,127,116,86,High,No,Yes,No,No
P01654,67,Male,26.4,113,65,142,Medium,Yes,Yes,No,No
P01655,38,Female,30.7,120,131,20,Low,No,No,No,No
P01656,66,Female,23.9,93,164,81,Low,No,Yes,No,Yes
P01657,24,Male,19.2,143,110,117,Medium,Yes,No,Yes,No
P01658,34,Male,34.1,128,131,63,Medium,No,No,No,No
P01659,37,Male,24.3,99,107,31,Medium,Yes,No,No,No
P01660,58,Male,25.5,133,137,137,High,No,Yes,No,No
P01661,66,Female,25.9,129,153,131,Low,No,No,No,Yes
P01662,37,Male,24.0,113,125,20,Medium,No,No,No,No
P01663,71,Male,32.5,160,106,86,Low,Yes,No,Yes,Yes
P01664,39,Male,28.9,134,135,77,Low,No,No,No,No
P01665,45,Male,25.5,148,189,187,Medium,No,Yes,Yes,Yes
P01666,80,Male,20.6,122,136,20,Low,No,No,No,No
P01667,78,Female,28.5,96,80,85,Medium,No,No,No,No
P01668,57,Female,16.0,85,191,139,Low,No,No,No,No
P01669,66,Male,28.2,107,96,100,Low,Yes,No,No,No
P01670,24,Male,33.7,149,98,153,Low,Yes,No,Yes,Yes
P01671,18,Female,27.3,116,160,20,Medium,Yes,No,No,No
P01672,49,Male,33.0,144,110,47,High,No,Yes,Yes,No
P01673,30,Female,20.9,104,142,91,Medium,No,No,No,No
P01674,47,Female,37.2,113,140,127,High,No,No,No,No
P01675,40,Male,32.5,116,140,105,Medium,No,No,No,No
P01676,68,Female,29.4,129,176,133,Medium,No,No,No,Yes
P01677,76,Male,24.0,101,116,90,High,No,No,No,No
P01678,73,Male,23.2,111,126,46,Low,No,Yes,No,No
P01679,36,Female,26.6,121,93,130,Medium,No,No,No,No
P01680,79,Female,33.0,101,151,36,Medium,Yes,No,No,No
P01681,49,Male,20.4,93,132,61,Low,No,No,No,No
P01682,47,Female,27.1,126,169,43,Low,No,Yes,No,Yes
P01683,46,Male,30.7,101,138,113,Medium,No,No,No,No
P01684,66,Female,31.6,147,186,101,Medium,No,No,Yes,Yes
P01685,62,Female,30.7,147,121,54,Low,Yes,No,Yes,Yes
P01686,46,Male,19.9,114,133,69,Medium,No,No,No,No
P01687,47,Male,32.7,136,127,89,Medium,No,No,No,No
P01688,33,Male,27.3,126,101,134,Medium,No,No,No,No
P01689,57,Female,21.6,144,65,106,High,Yes,No,Yes,No
P01690,36,Male,26.9,117,133,118,Medium,Yes,No,No,No
P01691,35,Male,17.2,134,69,124,Low,No,No,No,No
P01692,18,Female,29.9,131,141,104,High,No,Yes,No,No
P01693,31,Female,26.4,130,165,115,Low,No,No,No,No
P01694,68,Male,20.6,114,123,99,Low,No,No,No,No
P01695,64,Male,25.5,146,138,171,Medium,No,No,Yes,No
P01696,67,Male,23.5,118,140,129,Medium,No,No,No,No
P01697,19,Male,23.8,118,158,188,Medium,No,No,No,No
P01698,71,Female,16.0,112,122,162,Medium,No,Yes,No,No
P01699,45,Female,18.6,113,83,96,Low,No,No,No,No
P01700,66,Male,25.9,121,65,96,Medium,No,No,No,No
P01701,67,Male,25.0,133,113,30,High,Yes,Yes,No,No
P01702,47,Male,31.9,139,68,55,Medium,Yes,No,No,No
P01703,55,Female,23.8,127,126,150,Low,Yes,Yes,No,No
P01704,68,Male,24.4,150,134,148,Low,No,No,Yes,No
P01705,80,Male,24.6,127,107,20,Low,No,No,No,No
P01706,21,Female,26.0,93,151,164,Medium,Yes,No,No,No
P01707,18,Female,27.5,104,131,158,Medium,Yes,Yes,No,No
P01708,25,Male,25.0,138,102,155,High,No,No,No,No
P01709,46,Male,29.9,119,109,128,Medium,No,No,No,No
P01710,72,Female,38.5,118,172,128,High,No,No,No,No
P01711,56,Male,22.9,108,65,97,Medium,Yes,No,No,No
P01712,20,Male,29.0,118,117,77,Low,Yes,No,No,No
P01713,49,Female,27.1,118,132,156,Low,No,Yes,No,No
P01714,27,Female,32.2,134,104,93,Medium,No,No,No,No
P01715,27,Female,28.0,121,100,20,Medium,No,No,No,No
P01716,36,Male,23.4,148,164,133,High,No,No,Yes,No
P01717,63,Female,21.2,113,196,58,Low,No,Yes,No,Yes
P01718,51,Female,30.1,129,113,112,Medium,No,Yes,No,Yes
P01719,77,Male,21.6,95,126,180,Medium,Yes,Yes,No,No
P01720,50,Male,32.9,137,145,200,Medium,No,No,No,No
P01721,40,Female,29.8,99,89,136,Medium,No,No,No,No
P01722,72,Female,27.4,135,127,164,Medium,No,Yes,No,No
P01723,45,Male,20.4,92,179,139,Low,No,No,No,No
P01724,49,Male,30.4,106,208,141,Low,Yes,Yes,No,No
P01725,67,Female,35.1,140,81,146,Medium,No,No,Yes,No
P01726,24,Female,24.9,153,94,57,Medium,No,Yes,Yes,No
P01727,46,Male,23.3,85,110,47,High,No,No,No,No
P01728,25,Female,26.5,105,112,151,Medium,No,No,No,No
P01729,18,Male,29.3,158,163,119,Low,Yes,No,Yes,No
P01730,74,Female,24.3,128,126,112,Medium,No,Yes,No,Yes
P01731,72,Male,31.5,106,160,84,High,No,No,No,No
P01732,20,Male,36.6,152,133,89,Low,No,Yes,Yes,Yes
P01733,41,Female,28.7,136,121,162,Medium,Yes,Yes,No,No
P01734,40,Female,25.4,127,141,67,Medium,No,No,No,No
P01735,76,Male,29.2,90,65,106,Low,No,Yes,No,No
P01736,80,Female,32.9,163,114,70,Low,No,No,Yes,Yes
P01737,78,Female,27.8,130,115,35,Low,Yes,No,No,No
P01738,25,Female,29.4,119,76,110,High,No,Yes,No,No
P01739,71,Male,30.5,151,172,138,Medium,No,No,Yes,Yes
P01740,74,Female,22.6,108,116,57,High,Yes,No,No,No
P01741,64,Female,29.3,105,138,73,High,No,No,No,No
P01742,54,Male,20.3,107,155,52,High,Yes,Yes,No,No
P01743,20,Female,23.7,118,96,111,Low,Yes,No,No,No
P01744,68,Female,32.7,125,135,83,Low,Yes,No,No,Yes
P01745,50,Male,31.4,137,68,20,Low,No,No,No,No
P01746,45,Male,25.6,102,144,89,High,Yes,No,No,No
P01747,64,Female,35.5,130,106,152,Low,No,No,No,No
P01748,25,Female,20.4,114,115,157,Medium,No,No,No,No
P01749,51,Male,26.0,123,164,159,Medium,No,No,No,No
P01750,52,Male,28.4,147,189,60,High,No,Yes,Yes,Yes
P01751,49,Female,16.0,134,100,52,High,No,No,No,No
P01752,41,Female,26.2,135,95,76,Medium,No,No,No,No
P01753,31,Female,21.4,114,149,149,Medium,No,No,No,No
P01754,49,Male,21.5,160,147,147,Medium,No,Yes,Yes,Yes
P01755,73,Female,25.6,137,83,105,Medium,No,No,No,No
P01756,63,Male,17.9,117,124,155,Low,No,Yes,No,No
P01757,60,Male,23.0,146,124,132,Low,No,No,Yes,No
P01758,33,Male,18.0,135,124,83,Medium,No,Yes,No,No
P01759,21,Female,27.6,102,148,89,Low,No,Yes,No,No
P01760,69,Female,27.5,129,178,48,Medium,No,No,No,No
P01761,54,Female,25.3,108,117,99,Low,No,No,No,No
P01762,71,Male,32.0,88,188,78,Medium,No,Yes,No,No
P01763,38,Female,25.5,117,121,60,Medium,No,Yes,No,No
P01764,31,Male,26.9,145,182,72,Low,Yes,No,Yes,Yes
P01765,48,Male,22.5,152,140,172,Medium,No,Yes,Yes,No
P01766,72,Male,16.0,116,163,84,Medium,No,No,No,No
P01767,65,Male,26.3,120,158,176,High,No,No,No,No
P01768,35,Male,25.6,150,97,108,Medium,No,Yes,Yes,No
P01769,24,Male,35.5,137,138,95,High,No,No,No,No
P01770,27,Female,30.3,134,93,128,Medium,No,No,No,No
P01771,24,Male,24.9,128,121,20,Medium,No,Yes,No,No
P01772,50,Female,27.7,138,85,199,Medium,Yes,Yes,No,No
P01773,40,Male,31.5,124,118,148,Medium,Yes,Yes,No,No
P01774,38,Female,29.6,153,127,114,Low,No,Yes,Yes,Yes
P01775,36,Female,35.3,123,95,142,Medium,No,Yes,No,No
P01776,65,Female,23.1,123,125,107,Medium,No,No,No,No
P01777,78,Female,31.9,88,153,78,Medium,Yes,No,No,No
P01778,36,Male,24.9,144,91,104,Medium,No,No,Yes,No
P01779,53,Male,28.0,108,156,86,Low,No,Yes,No,No
P01780,46,Male,24.2,85,157,65,Low,No,Yes,No,No
P01781,77,Male,26.3,122,92,87,Low,Yes,Yes,No,No
P01782,35,Female,28.1,119,65,115,Medium,No,No,No,No
P01783,19,Female,30.0,133,163,121,Medium,No,No,No,No
P01784,18,Female,27.3,137,116,168,High,No,Yes,No,No
P01785,64,Male,16.0,110,125,91,Low,No,Yes,No,No
P01786,22,Female,26.6,174,196,73,Medium,No,No,Yes,No
P01787,37,Male,34.4,121,140,48,Medium,No,No,No,No
P01788,28,Female,26.6,95,141,125,High,No,No,No,No
P01789,59,Female,34.5,153,125,171,High,No,No,Yes,No
P01790,80,Female,26.4,138,118,87,High,Yes,No,No,No
P01791,19,Female,19.1,132,123,80,Medium,No,No,No,No
P01792,20,Female,24.8,117,120,144,Medium,Yes,No,No,No
P01793,40,Male,24.2,126,66,57,Medium,Yes,No,No,No
P01794,72,Female,25.9,86,90,178,Low,No,Yes,No,No
P01795,29,Male,21.1,120,123,102,High,No,No,No,No
P01796,37,Male,27.0,169,196,122,Low,Yes,No,Yes,Yes
P01797,22,Male,25.4,108,76,107,High,No,No,No,No
P01798,54,Male,33.4,128,107,20,Low,Yes,No,No,No
P01799,55,Male,20.9,95,106,102,Medium,No,No,No,No
P01800,47,Male,28.2,116,149,88,Medium,No,Yes,No,No
P01801,26,Male,29.1,102,128,123,Medium,No,No,No,No
P01802,51,Male,30.9,133,102,156,Medium,Yes,No,No,No
P01803,70,Female,25.2,129,165,127,High,No,No,No,No
P01804,61,Female,28.1,102,90,75,Low,No,Yes,No,No
P01805,52,Male,28.8,127,107,179,High,No,No,No,No
P01806,69,Male,18.8,127,86,107,High,No,No,No,No
P01807,75,Male,25.4,128,160,163,Medium,Yes,Yes,No,No
P01808,39,Female,26.8,140,123,145,Medium,Yes,No,Yes,No
P01809,61,Female,27.4,153,100,60,High,No,Yes,Yes,No
P01810,41,Male,27.4,114,141,153,Medium,No,Yes,No,No
P01811,34,Male,29.2,119,180,144,High,Yes,Yes,No,No
P01812,27,Female,36.7,122,65,108,Medium,No,Yes,No,No
P01813,47,Female,24.0,102,147,85,Low,No,No,No,No
P01814,73,Male,28.9,107,186,142,High,No,No,No,No
P01815,76,Male,33.5,135,179,150,Low,No,No,No,Yes
P01816,63,Male,18.0,160,116,87,Low,No,Yes,Yes,No
P01817,40,Male,28.3,106,128,132,Medium,No,Yes,No,No
P01818,49,Female,18.6,166,132,90,Low,No,No,Yes,No
P01819,34,Female,37.9,115,116,80,Low,Yes,Yes,No,No
P01820,67,Male,29.6,147,157,124,Medium,No,No,Yes,No
P01821,68,Male,28.9,133,69,141,Medium,No,No,No,No
P01822,34,Male,17.6,129,145,128,Low,No,No,No,No
P01823,31,Female,24.5,117,122,99,Medium,No,No,No,No
P01824,26,Male,24.5,125,160,53,Low,No,Yes,No,No
P01825,57,Male,35.8,112,164,91,Low,No,No,No,No
P01826,19,Male,30.6,142,129,122,Medium,Yes,Yes,Yes,No
P01827,62,Female,18.7,145,103,202,Medium,Yes,No,Yes,No
P01828,42,Male,29.3,113,161,61,Medium,Yes,Yes,No,No
P01829,56,Female,19.5,95,80,100,Low,No,Yes,No,No
P01830,26,Male,18.9,119,88,98,Low,No,No,No,No
P01831,71,Male,29.3,161,122,20,Low,No,No,Yes,Yes
P01832,39,Male,30.7,129,107,78,Medium,No,Yes,No,No
P01833,60,Female,29.3,146,117,51,High,Yes,Yes,Yes,No
P01834,63,Male,36.4,108,114,87,Medium,Yes,No,No,No
P01835,21,Male,28.8,116,124,173,Low,Yes,No,No,No
P01836,43,Female,27.9,119,177,135,High,No,No,No,No
P01837,75,Female,20.9,104,85,113,Medium,No,No,No,No
P01838,46,Female,31.3,128,109,193,Medium,Yes,No,No,No
P01839,62,Male,18.7,110,154,168,High,No,Yes,No,No
P01840,51,Female,37.1,142,126,69,High,Yes,No,Yes,No
P01841,40,Male,31.4,127,91,23,Medium,No,No,No,No
P01842,54,Female,40.9,152,122,20,Medium,Yes,Yes,Yes,Yes
P01843,28,Female,28.9,95,72,65,Low,No,No,No,No
P01844,23,Female,31.6,115,161,79,Medium,No,Yes,No,No
P01845,35,Male,25.6,118,129,175,Low,No,Yes,No,No
P01846,38,Male,26.8,133,202,159,Medium,Yes,No,No,No
P01847,59,Male,21.7,117,86,146,Medium,No,Yes,No,No
P01848,53,Male,19.8,156,102,82,Low,No,No,Yes,No
P01849,58,Male,27.9,122,131,97,Low,Yes,No,No,Yes
P01850,55,Male,26.8,109,171,87,Medium,No,No,No,No
P01851,51,Male,21.6,122,108,204,Low,No,No,No,No
P01852,34,Male,22.5,119,100,77,High,Yes,No,No,No
P01853,54,Male,27.2,142,128,69,High,No,Yes,Yes,No
P01854,42,Female,21.5,118,101,130,High,No,No,No,No
P01855,55,Female,28.8,98,142,62,Medium,No,Yes,No,No
P01856,75,Male,21.7,128,128,130,Medium,No,No,No,No
P01857,29,Male,28.3,113,149,118,High,No,Yes,No,No
P01858,40,Male,21.2,104,156,72,Low,No,Yes,No,No
P01859,70,Male,21.3,125,138,90,Medium,No,No,No,No
P01860,59,Female,16.0,123,165,67,Low,No,No,No,No
P01861,39,Female,26.2,121,113,151,Low,No,No,No,No
P01862,38,Male,34.3,130,74,98,Medium,No,No,No,No
P01863,44,Female,34.0,115,87,95,High,Yes,No,No,No
P01864,74,Female,28.6,127,122,141,Low,No,No,No,No
P01865,48,Male,17.0,114,140,135,Low,Yes,No,No,No
P01866,23,Male,31.2,140,145,116,Low,No,Yes,Yes,Yes
P01867,44,Male,28.1,125,102,152,High,No,Yes,No,No
P01868,57,Male,25.0,156,155,98,High,Yes,No,Yes,Yes
P01869,51,Female,33.0,116,65,65,Medium,No,Yes,No,No
P01870,29,Male,30.1,131,106,112,Medium,No,No,No,No
P01871,62,Female,36.8,145,142,103,Low,No,No,Yes,Yes
P01872,74,Male,20.0,135,157,170,Medium,No,No,No,Yes
P01873,70,Female,20.4,128,152,93,Low,No,Yes,No,Yes
P01874,24,Male,21.2,131,158,177,High,No,No,No,No
P01875,27,Male,25.6,134,131,50,Medium,No,Yes,No,No
P01876,62,Female,34.9,130,121,94,Low,No,No,No,Yes
P01877,34,Female,23.9,125,65,91,Low,No,Yes,No,No
P01878,43,Female,24.0,138,117,91,Low,Yes,Yes,No,Yes
P01879,38,Male,29.1,123,85,156,Low,No,No,No,No
P01880,45,Female,31.2,107,147,84,Medium,No,No,No,No
P01881,79,Female,16.0,162,77,150,High,No,Yes,Yes,No
P01882,75,Female,32.2,141,120,101,High,No,No,Yes,No
P01883,63,Female,23.7,109,83,101,Low,Yes,No,No,No
P01884,19,Female,26.5,121,125,45,Medium,No,No,No,No
P01885,77,Female,34.1,115,120,161,Low,No,No,No,No
P01886,71,Female,25.9,116,65,174,Low,No,No,No,No
P01887,60,Female,19.3,141,137,49,Medium,No,No,Yes,No
P01888,18,Female,19.6,119,115,178,High,No,No,No,No
P01889,68,Male,26.9,159,126,40,Low,No,Yes,Yes,Yes
P01890,70,Male,25.3,93,110,97,High,No,Yes,No,No
P01891,53,Female,27.3,124,100,100,Medium,No,Yes,No,No
P01892,68,Male,25.0,101,151,91,Medium,No,No,No,No
P01893,43,Male,33.2,131,161,154,Low,No,No,No,No
P01894,46,Female,27.1,133,159,139,Medium,No,No,No,No
P01895,38,Female,18.2,141,77,29,Low,No,No,Yes,No
P01896,28,Female,31.1,103,174,171,Medium,No,No,No,No
P01897,57,Female,36.5,133,145,180,Medium,No,No,No,No
P01898,28,Female,27.8,109,169,136,Low,No,Yes,No,No
P01899,53,Female,28.2,127,168,89,Medium,No,Yes,No,No
P01900,66,Male,23.1,117,137,115,Medium,No,Yes,No,No
P01901,76,Female,25.8,102,97,92,High,Yes,No,No,No
P01902,56,Male,29.5,138,98,149,Medium,Yes,Yes,No,No
P01903,57,Female,32.7,120,101,24,Medium,Yes,No,No,No
P01904,52,Female,29.2,140,119,123,High,No,No,Yes,No
P01905,71,Male,36.1,142,90,157,Medium,Yes,No,Yes,No
P01906,51,Female,27.5,149,65,94,High,No,Yes,Yes,No
P01907,72,Female,21.4,116,66,130,Medium,No,No,No,No
P01908,64,Male,21.5,108,124,26,Medium,No,No,No,No
P01909,41,Female,33.2,147,116,62,Low,No,No,Yes,No
P01910,71,Male,32.0,127,143,123,Medium,No,No,No,No
P01911,39,Female,18.8,149,119,125,High,No,Yes,Yes,No
P01912,22,Female,26.0,104,165,79,Low,Yes,Yes,No,No
P01913,73,Male,26.1,137,104,119,Medium,Yes,No,No,No
P01914,50,Female,23.2,126,137,102,Low,Yes,No,No,No
P01915,75,Male,19.9,124,144,22,High,Yes,No,No,No
P01916,53,Male,23.1,119,127,95,High,No,No,No,No
P01917,64,Male,22.2,105,160,138,Medium,No,No,No,No
P01918,37,Female,20.1,137,143,165,Medium,No,No,No,No
P01919,36,Female,31.1,118,153,94,Medium,No,No,No,No
P01920,52,Male,28.4,129,103,122,High,No,Yes,No,No
P01921,69,Female,24.7,160,117,113,Low,No,No,Yes,No
P01922,60,Female,16.6,115,65,129,High,No,Yes,No,No
P01923,34,Female,25.5,120,123,76,Low,No,No,No,No
P01924,79,Male,29.6,122,77,102,Low,No,No,No,No
P01925,76,Female,23.3,118,207,129,Medium,No,No,No,No
P01926,62,Male,21.3,118,136,123,Medium,Yes,No,No,No
P01927,60,Female,26.4,138,111,132,Low,No,No,No,No
P01928,51,Female,28.7,149,151,141,Medium,Yes,No,Yes,No
P01929,26,Male,17.0,127,76,112,Medium,No,Yes,No,No
P01930,43,Female,33.8,138,108,118,Medium,Yes,No,No,No
P01931,19,Male,20.8,122,113,79,Low,Yes,No,No,No
P01932,70,Female,24.9,121,148,144,Medium,No,No,No,No
P01933,26,Male,32.9,118,91,56,High,No,No,No,No
P01934,26,Female,27.6,111,101,133,Medium,Yes,Yes,No,No
P01935,57,Female,32.5,147,129,111,Medium,Yes,Yes,Yes,Yes
P01936,34,Female,34.8,116,147,73,Medium,No,Yes,No,No
P01937,18,Male,19.7,136,132,75,High,Yes,No,No,No
P01938,42,Male,31.5,110,93,115,Medium,Yes,Yes,No,No
P01939,78,Male,33.6,126,129,94,High,No,No,No,No
P01940,60,Female,25.1,125,101,86,Low,No,Yes,No,No
P01941,57,Male,25.5,110,92,124,Low,Yes,Yes,No,No
P01942,59,Male,17.4,119,139,30,Medium,No,Yes,No,No
P01943,42,Male,30.9,106,144,109,Low,No,No,No,No
P01944,56,Male,16.0,125,125,88,Low,No,No,No,No
P01945,52,Male,31.8,93,143,50,Medium,No,Yes,No,No
P01946,20,Male,19.9,124,152,90,Medium,No,Yes,No,No
P01947,67,Male,34.0,137,65,46,Low,No,No,No,No
P01948,54,Male,29.0,125,139,158,High,No,No,No,No
P01949,61,Male,32.0,112,179,137,Low,No,No,No,No
P01950,61,Male,22.9,113,115,142,High,No,Yes,No,No
P01951,68,Female,20.3,147,179,128,Medium,Yes,No,Yes,No
P01952,47,Female,18.2,128,136,20,Low,Yes,Yes,No,No
P01953,55,Male,32.5,140,128,52,Low,No,No,Yes,No
P01954,51,Female,30.3,142,134,145,Low,No,Yes,Yes,No
P01955,29,Female,30.5,117,72,194,High,Yes,Yes,No,No
P01956,36,Male,28.5,107,184,122,Low,No,No,No,No
P01957,54,Male,29.7,137,108,168,Medium,No,No,No,No
P01958,61,Male,25.5,110,83,68,Medium,No,Yes,No,No
P01959,76,Female,28.9,114,106,77,Low,No,No,No,No
P01960,76,Male,22.7,127,126,135,Medium,Yes,No,No,No
P01961,66,Female,25.3,120,165,69,Medium,No,No,No,No
P01962,78,Male,42.2,85,122,32,Low,No,Yes,No,No
P01963,34,Female,27.2,103,114,139,Low,Yes,Yes,No,No
P01964,27,Female,17.1,143,114,73,Medium,No,No,Yes,No
P01965,74,Male,25.0,124,78,20,Low,No,No,No,No
P01966,72,Male,21.7,138,107,157,High,No,Yes,No,No
P01967,66,Female,27.8,110,104,128,Medium,No,No,No,No
P01968,64,Female,22.6,105,134,136,Low,No,No,No,No
P01969,29,Male,25.9,138,65,139,Medium,No,No,No,No
P01970,79,Male,23.3,148,110,149,Medium,No,Yes,Yes,No
P01971,33,Female,28.0,109,171,128,High,No,Yes,No,No
P01972,41,Male,23.9,143,140,38,Low,Yes,No,Yes,Yes
P01973,36,Female,28.8,107,158,56,Medium,No,No,No,No
P01974,25,Male,36.7,96,111,150,Medium,No,No,No,No
P01975,48,Male,21.2,136,183,131,Low,No,Yes,No,Yes
P01976,38,Male,30.6,108,153,99,Low,No,No,No,No
P01977,34,Female,16.0,103,127,29,Medium,Yes,No,No,No
P01978,40,Male,25.8,104,148,67,High,Yes,No,No,No
P01979,54,Female,28.1,119,82,91,Medium,No,No,No,No
P01980,71,Male,23.3,94,81,71,Medium,No,No,No,No
P01981,33,Female,18.1,136,153,58,Medium,No,No,No,No
P01982,23,Female,26.8,134,165,120,Low,Yes,Yes,No,No
P01983,25,Male,34.7,134,93,171,High,No,Yes,No,No
P01984,42,Female,26.3,147,155,134,High,No,No,Yes,No
P01985,35,Female,29.8,142,144,84,Medium,No,Yes,Yes,No
P01986,42,Female,32.6,109,97,102,Medium,No,No,No,No
P01987,29,Female,39.4,137,90,133,Medium,No,Yes,No,No
P01988,32,Male,21.7,145,100,78,Low,No,No,Yes,No
P01989,76,Male,22.3,140,108,115,Medium,No,No,Yes,No
P01990,43,Male,25.5,141,111,89,Low,No,Yes,Yes,No
P01991,58,Female,30.1,122,69,88,High,No,No,No,No
P01992,62,Female,16.0,113,108,34,Medium,No,No,No,No
P01993,43,Male,30.3,121,136,107,Medium,No,No,No,No
P01994,64,Male,27.7,112,148,123,High,No,Yes,No,No
P01995,49,Female,24.3,143,104,143,High,No,No,Yes,No
P01996,27,Male,29.1,128,177,27,High,No,Yes,No,No
P01997,33,Male,31.4,140,126,148,Medium,No,No,Yes,No
P01998,24,Female,32.1,99,214,138,Low,Yes,Yes,No,No
P01999,34,Male,27.1,117,99,171,Medium,Yes,Yes,No,No
P02000,40,Female,28.6,107,138,89,Low,No,No,No,No
P02001,43,Male,28.4,96,122,108,High,No,No,No,No
P02002,38,Female,33.2,130,102,59,Medium,No,No,No,No
P02003,39,Female,28.9,106,155,102,Medium,No,No,No,No
P02004,75,Female,30.2,118,152,91,Low,No,No,No,Yes
P02005,24,Female,31.5,108,116,112,Medium,Yes,Yes,No,No
P02006,31,Female,36.8,118,136,103,Medium,No,No,No,No
P02007,32,Male,24.1,136,134,142,Medium,Yes,No,No,No
P02008,70,Male,35.1,108,116,96,Low,No,No,No,No
P02009,24,Male,39.4,117,99,162,Medium,Yes,No,No,No
P02010,26,Female,24.4,135,125,20,Medium,Yes,No,No,No
P02011,68,Male,25.9,137,118,163,Low,No,No,No,Yes
P02012,65,Female,24.9,118,88,43,Low,No,No,No,No
P02013,25,Female,30.3,130,148,142,Low,No,Yes,No,No
P02014,67,Male,17.7,140,127,135,Medium,No,Yes,Yes,No
P02015,76,Female,24.5,106,120,57,Low,Yes,Yes,No,No
P02016,40,Male,25.6,112,73,160,Low,No,No,No,No
P02017,46,Female,25.2,118,136,52,Medium,No,No,No,No
P02018,35,Female,25.1,133,73,46,Low,No,No,No,No
P02019,48,Male,24.6,128,130,85,High,No,Yes,No,No
P02020,47,Female,30.9,126,155,87,Medium,Yes,No,No,No
P02021,69,Male,29.7,106,183,78,Low,No,No,No,No
P02022,56,Female,35.5,141,127,108,Low,Yes,No,Yes,Yes
P02023,52,Male,30.9,116,187,122,Low,Yes,No,No,Yes
P02024,35,Female,21.5,120,151,101,Medium,No,No,No,No
P02025,76,Male,26.1,129,142,53,Low,No,No,No,Yes
P02026,59,Male,25.6,161,164,67,Low,No,No,Yes,Yes
P02027,56,Female,28.3,113,172,200,Medium,No,No,No,No
P02028,34,Male,32.5,113,154,58,Medium,Yes,No,No,No
P02029,31,Female,27.9,118,120,59,High,Yes,No,No,No
P02030,48,Female,27.9,146,106,35,Medium,No,No,Yes,No
P02031,41,Male,27.1,128,80,149,Low,No,No,No,No
P02032,52,Male,31.1,132,131,148,Low,No,No,No,No
P02033,61,Male,24.2,140,166,123,Medium,No,No,Yes,Yes
P02034,77,Male,19.7,145,91,163,Low,No,No,Yes,No
P02035,62,Male,30.2,113,87,72,Medium,No,No,No,No
P02036,51,Female,28.9,134,188,53,Low,No,Yes,No,Yes
P02037,20,Male,33.6,146,116,117,High,No,Yes,Yes,No
P02038,54,Female,16.0,129,65,126,High,No,Yes,No,No
P02039,60,Male,26.5,110,74,114,High,No,Yes,No,No
P02040,57,Male,27.5,107,140,91,Low,No,No,No,No
P02041,43,Male,19.4,133,108,151,Medium,No,Yes,No,No
P02042,72,Female,26.6,104,142,103,High,Yes,No,No,No
P02043,40,Male,32.9,110,117,116,Medium,No,No,No,No
P02044,61,Female,37.4,116,132,104,Low,Yes,No,No,No
P02045,56,Female,31.9,130,187,83,Low,No,No,No,Yes
P02046,32,Female,25.4,136,118,57,Medium,No,No,No,No
P02047,73,Male,33.3,112,166,124,Low,No,No,No,No
P02048,66,Female,31.6,102,129,20,Medium,No,No,No,No
P02049,21,Male,24.6,140,85,76,Low,No,No,Yes,No
P02050,46,Female,24.1,137,194,82,Medium,No,Yes,No,No
P02051,39,Male,26.2,133,199,50,Medium,Yes,No,No,No
P02052,42,Female,21.7,132,120,92,Medium,No,Yes,No,No
P02053,30,Male,25.4,118,130,125,Low,No,No,No,No
P02054,35,Male,29.4,122,168,111,Medium,Yes,No,No,No
P02055,50,Male,32.2,126,119,79,Medium,No,No,No,No
P02056,33,Female,25.1,110,159,133,High,No,Yes,No,No
P02057,62,Female,33.9,132,97,117,High,No,Yes,No,No
P02058,59,Male,30.3,127,189,53,Low,No,No,No,Yes
P02059,61,Female,30.5,123,138,70,Medium,No,Yes,No,No
P02060,79,Female,22.4,141,151,41,Medium,No,No,Yes,No
P02061,19,Female,36.0,123,172,89,Low,No,Yes,No,No
P02062,72,Female,29.8,137,154,75,Low,No,Yes,No,Yes
P02063,52,Female,25.3,104,123,95,Low,No,No,No,Yes
P02064,59,Female,24.5,140,185,192,Medium,Yes,No,Yes,No
P02065,51,Female,25.4,136,154,31,High,No,No,No,No
P02066,47,Male,21.9,164,119,20,Low,No,Yes,Yes,Yes
P02067,76,Male,31.9,154,72,172,Low,No,Yes,Yes,No
P02068,72,Female,22.4,142,124,129,Medium,No,No,Yes,No
P02069,30,Male,28.4,115,106,149,Medium,No,No,No,No
P02070,30,Male,24.8,109,126,89,Low,No,Yes,No,No
P02071,35,Male,30.4,112,103,136,Medium,No,Yes,No,No
P02072,49,Female,31.0,134,138,99,Low,No,No,No,No
P02073,49,Female,23.8,148,109,144,Medium,No,Yes,Yes,No
P02074,52,Female,26.8,103,175,151,Medium,No,Yes,No,No
P02075,76,Female,19.8,110,146,147,Medium,No,Yes,No,No
P02076,56,Female,35.5,126,109,76,Medium,No,Yes,No,No
P02077,63,Male,32.3,105,125,109,Medium,Yes,Yes,No,No
P02078,69,Female,20.0,117,143,62,Medium,No,No,No,No
P02079,46,Male,22.7,147,72,130,Low,No,No,Yes,No
P02080,79,Female,26.3,138,141,120,Medium,No,Yes,No,No
P02081,66,Male,27.2,140,65,33,Medium,No,No,Yes,No
P02082,46,Female,23.6,107,179,126,High,No,Yes,No,No
P02083,79,Female,21.3,94,112,125,Low,No,No,No,No
P02084,70,Female,29.0,117,162,131,Low,No,Yes,No,Yes
P02085,61,Female,35.7,85,85,107,Medium,Yes,No,No,No
P02086,74,Female,27.3,133,145,130,Medium,No,Yes,No,Yes
P02087,33,Female,25.5,138,84,119,Medium,No,No,No,No
P02088,73,Male,25.0,111,115,65,Low,Yes,No,No,No
P02089,61,Female,21.5,135,159,133,Medium,No,No,No,No
P02090,64,Male,23.6,135,147,62,Medium,No,Yes,No,No
P02091,74,Female,32.7,105,145,57,Medium,Yes,Yes,No,No
P02092,27,Male,16.6,118,113,115,High,No,Yes,No,No
P02093,47,Male,27.4,117,88,20,Low,No,Yes,No,No
P02094,42,Male,27.1,142,152,75,Low,No,Yes,Yes,Yes
P02095,80,Male,27.6,138,93,91,Medium,No,No,No,No
P02096,56,Male,30.6,135,103,165,Medium,No,No,No,No
P02097,37,Male,27.3,115,175,95,Low,No,Yes,No,Yes
P02098,22,Female,24.7,150,145,192,High,No,No,Yes,No
P02099,18,Male,23.7,128,77,38,Low,No,Yes,No,No
P02100,47,Female,33.5,134,125,126,Medium,No,No,No,No
P02101,66,Female,32.2,156,119,134,High,No,No,Yes,No
P02102,20,Male,41.4,137,112,64,Medium,Yes,No,No,No
P02103,62,Male,25.6,123,113,101,Medium,Yes,No,No,No
P02104,31,Female,23.8,116,171,100,Medium,No,No,No,No
P02105,73,Male,29.3,94,195,154,Low,Yes,Yes,No,Yes
P02106,47,Male,29.1,97,124,40,High,No,Yes,No,No
P02107,67,Male,30.2,140,131,190,Low,No,No,Yes,Yes
P02108,21,Male,31.2,89,77,20,High,No,No,No,No
P02109,35,Male,30.1,143,184,124,Medium,No,Yes,Yes,Yes
P02110,79,Male,32.4,139,102,66,Low,No,Yes,No,Yes
P02111,54,Male,33.0,109,110,126,Low,No,Yes,No,No
P02112,42,Female,33.1,128,153,75,Medium,No,No,No,No
P02113,65,Male,16.0,135,135,166,Medium,No,No,No,No
P02114,18,Female,28.2,127,144,110,High,No,No,No,No
P02115,70,Female,22.4,147,149,86,Low,Yes,Yes,Yes,Yes
P02116,63,Female,32.3,100,125,55,Medium,No,No,No,No
P02117,32,Female,16.0,134,156,122,High,No,No,No,No
P02118,26,Male,34.3,114,65,125,Medium,No,No,No,No
P02119,32,Female,22.7,94,182,89,Medium,Yes,Yes,No,No
P02120,66,Female,21.5,104,119,106,Low,No,No,No,No
P02121,74,Female,28.8,116,156,118,High,No,Yes,No,No
P02122,41,Female,25.1,125,142,134,Medium,No,No,No,No
P02123,21,Female,35.9,109,65,60,Medium,No,No,No,No
P02124,29,Male,33.8,116,133,84,Low,No,No,No,No
P02125,76,Male,24.4,118,65,132,Medium,No,Yes,No,No
P02126,75,Female,32.2,109,142,100,High,No,No,No,No
P02127,54,Male,24.3,115,133,21,Medium,No,Yes,No,No
P02128,78,Male,24.2,135,80,177,Low,No,Yes,No,No
P02129,54,Female,30.6,155,132,143,Medium,No,Yes,Yes,No
P02130,60,Female,34.3,129,108,26,Medium,No,No,No,No
P02131,77,Female,24.8,127,119,75,Low,No,Yes,No,No
P02132,23,Male,25.2,124,65,176,High,No,No,No,No
P02133,56,Female,28.5,118,82,126,Medium,No,Yes,No,No
P02134,73,Male,22.5,135,97,40,Medium,No,Yes,No,No
P02135,80,Male,34.8,143,85,20,Medium,Yes,No,Yes,No
P02136,63,Male,22.5,104,107,26,Low,No,No,No,No
P02137,41,Female,23.8,144,101,83,High,No,No,Yes,No
P02138,28,Male,35.8,154,136,135,Medium,No,Yes,Yes,Yes
P02139,79,Female,28.1,107,65,36,Medium,No,No,No,No
P02140,30,Female,36.7,142,195,131,Low,No,Yes,Yes,Yes
P02141,51,Female,25.9,154,103,65,Medium,No,Yes,Yes,No
P02142,42,Female,39.6,138,114,21,Low,No,No,No,No
P02143,24,Female,30.1,122,146,89,Low,No,No,No,No
P02144,69,Male,23.2,139,186,194,Medium,No,No,No,No
P02145,21,Male,23.2,110,104,165,Medium,Yes,Yes,No,No
P02146,76,Male,19.7,119,149,83,Low,No,Yes,No,Yes
P02147,25,Male,20.3,112,102,114,Low,Yes,Yes,No,No
P02148,37,Male,23.7,101,158,79,Low,No,No,No,No
P02149,46,Female,22.0,126,149,20,Medium,No,No,No,No
P02150,80,Female,16.0,130,88,78,Medium,No,No,No,No
P02151,71,Male,31.2,137,145,134,Medium,Yes,No,No,No
P02152,70,Male,30.9,85,75,52,Medium,No,No,No,No
P02153,68,Male,28.5,128,99,153,Low,Yes,No,No,No
P02154,62,Female,21.3,126,78,155,Low,Yes,No,No,No
P02155,63,Female,35.2,105,125,85,Medium,No,No,No,No
P02156,27,Female,26.1,117,160,110,Medium,No,No,No,No
P02157,60,Male,22.8,139,82,164,Medium,No,Yes,No,No
P02158,51,Male,28.2,127,139,121,Low,No,No,No,No
P02159,74,Male,27.9,125,117,171,Medium,Yes,No,No,No
P02160,43,Male,16.0,141,89,26,Low,No,No,Yes,No
P02161,58,Female,26.8,167,110,79,Medium,Yes,No,Yes,No
P02162,66,Male,27.6,121,145,90,High,No,No,No,No
P02163,75,Male,25.1,129,158,161,Medium,Yes,No,No,No
P02164,20,Male,20.4,109,136,105,Medium,No,Yes,No,No
P02165,73,Female,20.5,164,124,72,Low,No,No,Yes,Yes
P02166,23,Female,29.6,115,126,100,Low,No,No,No,No
P02167,22,Male,30.8,92,99,128,Medium,No,Yes,No,No
P02168,22,Female,24.8,136,128,91,Medium,No,No,No,No
P02169,71,Female,28.9,96,74,143,Medium,No,No,No,No
P02170,64,Female,24.7,148,121,110,Medium,No,No,Yes,No
P02171,40,Female,22.7,136,184,91,High,No,No,No,No
P02172,66,Female,28.1,106,110,158,High,Yes,No,No,No
P02173,26,Male,21.3,137,164,170,High,No,No,No,No
P02174,52,Male,36.5,119,148,158,Medium,No,No,No,Yes
P02175,37,Male,19.8,133,175,69,Medium,No,Yes,No,No
P02176,75,Female,28.4,102,65,159,High,No,No,No,No
P02177,66,Female,27.8,101,131,150,Medium,Yes,Yes,No,No
P02178,78,Female,27.3,131,146,53,Low,Yes,No,No,No
P02179,76,Female,34.4,159,153,90,Low,No,No,Yes,Yes
P02180,59,Male,16.0,113,167,161,High,No,No,No,No
P02181,52,Male,29.1,112,149,148,High,No,No,No,No
P02182,67,Male,25.6,119,133,81,Medium,No,Yes,No,No
P02183,35,Male,29.9,101,91,56,Low,Yes,Yes,No,No
P02184,79,Male,27.3,135,65,163,High,No,No,No,No
P02185,34,Male,26.6,141,172,130,High,No,No,Yes,No
P02186,41,Female,21.0,134,104,107,Medium,Yes,No,No,No
P02187,20,Female,23.6,122,113,69,Low,No,No,No,No
P02188,49,Male,42.7,107,157,137,Medium,Yes,Yes,No,No
P02189,52,Female,30.0,162,124,58,Low,No,Yes,Yes,Yes
P02190,55,Male,32.3,110,84,64,Medium,No,Yes,No,Yes
P02191,30,Male,25.2,109,65,123,Medium,No,No,No,No
P02192,73,Female,22.7,93,112,150,High,No,No,No,No
P02193,78,Male,30.9,99,128,111,Low,Yes,Yes,No,No
P02194,64,Male,17.5,131,153,89,Low,Yes,No,No,No
P02195,42,Male,23.7,117,121,145,Medium,No,No,No,No
P02196,26,Female,25.2,109,126,53,Low,No,No,No,No
P02197,21,Female,31.7,111,79,62,Medium,No,No,No,No
P02198,31,Female,29.1,116,161,154,Low,No,No,No,No
P02199,54,Female,24.6,113,230,52,Medium,No,No,No,Yes
P02200,51,Male,28.8,150,171,25,Low,Yes,No,Yes,Yes
P02201,28,Female,25.5,118,167,61,Medium,No,No,No,No
P02202,58,Female,32.4,128,137,154,Low,No,No,No,No
P02203,73,Female,28.2,126,88,145,Low,Yes,Yes,No,No
P02204,20,Male,35.7,127,95,39,Medium,No,Yes,No,No
P02205,76,Female,25.6,118,148,68,Low,Yes,Yes,No,No
P02206,45,Female,33.1,116,156,38,High,No,No,No,No
P02207,46,Male,27.5,137,92,134,Medium,No,No,No,No
P02208,26,Male,23.5,129,141,50,High,Yes,Yes,No,No
P02209,20,Male,40.0,111,129,125,Low,Yes,No,No,No
P02210,42,Male,33.5,85,142,96,Low,No,No,No,No
P02211,51,Female,28.2,114,138,109,Medium,No,No,No,No
P02212,29,Male,30.8,101,139,30,Medium,Yes,No,No,No
P02213,59,Female,21.6,108,65,145,Low,Yes,No,No,No
P02214,26,Female,21.8,101,189,175,Medium,Yes,Yes,No,No
P02215,32,Female,32.6,146,175,172,Medium,No,No,Yes,Yes
P02216,57,Female,27.0,146,124,108,Low,Yes,No,Yes,No
P02217,42,Female,26.2,139,84,20,Medium,No,No,No,No
P02218,22,Male,25.6,119,145,89,High,No,No,No,No
P02219,28,Female,27.8,113,74,117,Medium,No,Yes,No,No
P02220,76,Female,25.7,98,184,111,High,No,Yes,No,No
P02221,51,Female,16.8,141,119,35,Low,Yes,No,Yes,No
P02222,41,Male,34.1,141,104,137,Low,No,Yes,Yes,No
P02223,77,Female,26.4,134,145,140,Low,No,No,No,No
P02224,32,Female,36.2,105,109,140,Medium,No,Yes,No,No
P02225,55,Male,18.2,119,115,73,Medium,Yes,No,No,Yes
P02226,25,Female,18.2,123,97,40,Low,No,No,No,No
P02227,76,Female,25.6,93,147,83,Medium,No,No,No,No
P02228,22,Male,31.9,151,136,158,Medium,Yes,No,Yes,No
P02229,65,Female,20.9,101,162,61,High,Yes,Yes,No,No
P02230,43,Female,20.7,111,68,66,Low,No,No,No,No
P02231,35,Female,28.9,93,82,57,Low,No,No,No,No
P02232,23,Female,25.4,121,107,86,Medium,No,Yes,No,No
P02233,54,Female,29.7,121,164,124,Low,No,No,No,Yes
P02234,77,Male,25.5,143,75,135,Medium,No,Yes,Yes,Yes
P02235,65,Male,28.9,108,95,48,Medium,No,No,No,No
P02236,30,Male,33.8,105,175,151,High,No,Yes,No,No
P02237,45,Female,20.9,126,144,157,High,Yes,Yes,No,No
P02238,22,Female,32.9,88,163,92,High,Yes,No,No,No
P02239,30,Female,18.5,149,122,43,Medium,No,No,Yes,No
P02240,34,Male,30.0,101,187,162,High,No,No,No,No
P02241,67,Female,34.1,158,74,122,Medium,No,No,Yes,No
P02242,57,Female,24.4,111,117,191,Medium,No,Yes,No,No
P02243,62,Female,30.2,99,115,40,Medium,Yes,No,No,No
P02244,49,Male,24.6,135,115,118,Medium,No,Yes,No,No
P02245,79,Male,29.9,134,81,171,Low,No,No,No,No
P02246,46,Female,16.0,135,144,126,Medium,No,Yes,No,No
P02247,68,Female,27.8,127,82,20,High,Yes,No,No,No
P02248,75,Female,29.0,165,78,20,Low,No,Yes,Yes,No
P02249,20,Male,33.7,101,65,186,Medium,Yes,No,No,No
P02250,73,Male,31.6,150,99,77,Medium,No,Yes,Yes,Yes
P02251,57,Male,26.2,96,130,126,High,No,No,No,No
P02252,51,Female,28.3,155,135,46,Medium,No,No,Yes,No
P02253,57,Male,19.8,131,117,79,Medium,No,No,No,No
P02254,44,Female,35.2,153,102,148,Medium,No,Yes,Yes,No
P02255,30,Female,30.5,141,111,118,High,Yes,No,Yes,No
P02256,62,Male,17.7,86,101,85,Low,No,No,No,No
P02257,50,Female,28.2,119,197,141,Medium,Yes,Yes,No,Yes
P02258,23,Male,28.6,102,82,102,Low,No,No,No,No
P02259,41,Female,23.1,152,98,150,Medium,Yes,No,Yes,No
P02260,36,Female,27.5,139,125,86,Low,No,No,No,Yes
P02261,33,Male,22.6,128,87,118,High,No,No,No,No
P02262,57,Female,20.0,118,127,195,High,No,Yes,No,No
P02263,45,Female,23.9,133,68,112,Medium,No,No,No,No
P02264,50,Female,27.9,108,129,136,Medium,No,No,No,No
P02265,76,Female,31.6,130,109,26,High,Yes,No,No,No
P02266,76,Female,27.3,123,99,112,Medium,No,No,No,No
P02267,65,Female,31.7,110,115,114,Medium,No,Yes,No,No
P02268,58,Female,30.2,138,106,50,High,No,No,No,No
P02269,30,Female,21.8,159,111,93,Medium,No,No,Yes,No
P02270,60,Male,30.2,99,152,92,Low,Yes,No,No,No
P02271,62,Male,30.3,142,188,55,High,No,Yes,Yes,Yes
P02272,42,Female,35.7,110,65,82,Low,No,Yes,No,No
P02273,70,Female,29.1,136,117,200,High,Yes,No,No,No
P02274,59,Male,20.8,114,80,106,High,Yes,No,No,No
P02275,53,Female,24.2,120,113,119,Medium,Yes,Yes,No,Yes
P02276,80,Male,17.7,121,139,190,Low,No,No,No,Yes
P02277,44,Male,29.6,150,209,20,High,Yes,Yes,Yes,Yes
P02278,55,Male,35.3,123,114,202,High,No,No,No,No
P02279,77,Female,16.0,119,130,139,Low,No,No,No,No
P02280,24,Female,35.5,124,93,50,Medium,No,Yes,No,No
P02281,22,Female,29.5,159,91,49,Low,No,No,Yes,No
P02282,60,Male,21.6,135,90,141,Low,Yes,Yes,No,No
P02283,62,Male,28.3,114,100,140,Medium,No,Yes,No,No
P02284,75,Male,21.8,152,108,125,Medium,No,Yes,Yes,No
P02285,74,Female,29.2,128,175,62,Low,No,No,No,Yes
P02286,68,Male,27.3,109,113,116,Low,No,Yes,No,No
P02287,48,Male,28.6,132,144,76,High,No,No,No,No
P02288,40,Female,22.4,122,135,93,Medium,No,No,No,No
P02289,59,Male,23.1,85,158,61,Medium,No,Yes,No,No
P02290,27,Male,29.5,131,65,74,High,Yes,Yes,No,No
P02291,49,Female,24.5,106,137,20,Low,No,No,No,No
P02292,60,Female,27.7,102,133,173,Medium,No,No,No,No
P02293,70,Male,29.3,90,122,67,Medium,No,Yes,No,No
P02294,47,Female,25.9,127,163,167,Medium,Yes,Yes,No,No
P02295,56,Male,32.8,122,121,85,Medium,No,Yes,No,No
P02296,48,Female,26.1,142,156,78,Medium,No,Yes,Yes,Yes
P02297,35,Male,25.9,111,131,20,High,No,Yes,No,No
P02298,53,Female,23.8,116,134,191,Medium,No,No,No,No
P02299,19,Male,32.2,161,136,152,Medium,No,No,Yes,No
P02300,31,Female,23.5,89,118,62,Low,No,No,No,No
P02301,30,Female,33.3,147,180,146,Low,No,No,Yes,No
P02302,46,Female,27.8,111,163,153,High,No,No,No,No
P02303,29,Female,40.4,181,123,114,Low,Yes,No,Yes,Yes
P02304,56,Female,23.7,138,131,113,High,No,No,No,No
P02305,19,Female,33.4,114,142,104,Medium,No,Yes,No,No
P02306,49,Female,29.6,100,153,70,High,Yes,No,No,No
P02307,30,Male,24.4,132,181,87,Medium,No,No,No,No
P02308,63,Male,29.6,91,157,61,Medium,Yes,Yes,No,No
P02309,44,Female,29.4,137,119,152,High,No,Yes,No,No
P02310,66,Female,25.3,100,96,180,Medium,No,No,No,No
P02311,58,Male,29.1,108,160,121,Low,No,No,No,Yes
P02312,34,Male,32.8,85,135,81,Medium,No,Yes,No,No
P02313,57,Female,29.6,127,91,85,High,Yes,Yes,No,No
P02314,48,Male,24.9,130,155,121,Low,No,Yes,No,No
P02315,51,Male,24.6,126,178,130,High,No,Yes,No,No
P02316,77,Female,26.6,94,125,112,Medium,Yes,No,No,No
P02317,41,Female,32.6,151,180,73,Medium,Yes,No,Yes,Yes
P02318,62,Female,23.2,122,152,158,Low,Yes,No,No,No
P02319,52,Male,29.0,116,84,111,Low,No,No,No,No
P02320,65,Female,19.2,139,140,126,High,No,No,No,No
P02321,23,Female,30.0,117,65,20,Low,Yes,No,No,No
P02322,36,Male,30.8,133,137,95,Medium,No,No,No,No
P02323,47,Female,37.1,111,89,137,Low,No,Yes,No,No
P02324,24,Male,31.6,140,132,49,Medium,No,No,Yes,No
P02325,27,Male,25.0,139,149,26,Low,No,No,No,No
P02326,58,Male,19.3,117,104,156,Medium,No,No,No,No
P02327,49,Male,29.6,128,184,111,Low,No,Yes,No,Yes
P02328,51,Male,25.4,125,93,114,High,No,No,No,No
P02329,80,Male,28.7,123,65,123,Medium,Yes,No,No,No
P02330,45,Female,23.4,104,124,117,Medium,No,No,No,No
P02331,77,Female,26.1,106,173,20,Medium,No,Yes,No,No
P02332,32,Female,18.5,118,124,87,High,No,Yes,No,No
P02333,47,Male,21.8,126,104,99,High,Yes,Yes,No,No
P02334,54,Female,21.1,109,67,112,High,No,No,No,No
P02335,46,Male,31.4,125,105,106,Medium,Yes,Yes,No,No
P02336,39,Female,22.9,85,85,86,High,No,Yes,No,No
P02337,21,Male,33.9,125,134,145,Low,No,No,No,No
P02338,37,Female,22.9,126,136,92,Low,No,Yes,No,Yes
P02339,49,Male,37.5,140,92,113,Medium,No,No,Yes,No
P02340,53,Female,17.3,151,114,177,High,No,Yes,Yes,No
P02341,67,Male,29.1,137,176,40,Low,No,No,No,Yes
P02342,21,Female,27.2,157,110,20,High,No,No,Yes,No
P02343,44,Male,20.9,124,109,120,Low,Yes,Yes,No,No
P02344,34,Female,24.2,126,132,131,Medium,Yes,Yes,No,Yes
P02345,29,Female,25.7,140,76,203,High,No,No,Yes,No
P02346,39,Female,28.2,123,158,106,High,No,No,No,No
P02347,34,Male,22.3,119,111,97,Medium,No,Yes,No,No
P02348,27,Male,29.1,150,84,81,Medium,Yes,No,Yes,No
P02349,71,Male,27.6,138,144,154,Low,No,No,No,No
P02350,18,Male,30.9,137,108,128,Low,Yes,Yes,No,No
P02351,39,Male,22.7,109,94,142,High,No,Yes,No,No
P02352,43,Female,25.0,142,128,117,Low,No,No,Yes,No
P02353,73,Male,34.2,126,162,144,Low,No,Yes,No,Yes
P02354,76,Female,22.5,107,111,168,Medium,No,No,No,No
P02355,35,Female,20.0,138,91,132,Low,No,Yes,No,No
P02356,67,Male,23.8,103,65,81,Medium,No,No,No,No
P02357,31,Female,18.1,85,74,62,Medium,No,Yes,No,No
P02358,64,Male,35.4,93,108,112,Low,No,No,No,No
P02359,46,Male,25.6,121,79,173,High,No,Yes,No,No
P02360,29,Male,25.6,153,101,114,Low,No,Yes,Yes,Yes
P02361,53,Female,30.7,131,192,30,Medium,No,Yes,No,Yes
P02362,76,Male,23.4,123,168,185,Low,Yes,No,No,Yes
P02363,52,Male,25.9,149,96,126,Medium,No,No,Yes,No
P02364,69,Male,23.2,134,130,101,Low,No,Yes,No,Yes
P02365,78,Female,18.2,143,87,97,Medium,No,Yes,Yes,No
P02366,29,Male,27.3,143,180,20,High,No,No,Yes,No
P02367,24,Female,32.1,119,127,68,Low,No,No,No,No
P02368,46,Female,27.4,121,162,67,High,No,Yes,No,No
P02369,28,Male,31.6,110,97,133,Low,Yes,No,No,No
P02370,50,Female,21.5,140,181,95,Low,No,Yes,Yes,No
P02371,23,Female,23.2,103,110,154,Medium,Yes,No,No,No
P02372,64,Male,20.5,109,65,20,Medium,Yes,No,No,No
P02373,32,Male,28.8,124,119,207,Medium,No,No,No,No
P02374,49,Male,25.4,127,101,161,Low,No,No,No,No
P02375,68,Female,25.2,136,160,124,Low,No,No,No,Yes
P02376,28,Male,30.3,124,103,89,Low,Yes,No,No,No
P02377,75,Female,24.6,118,144,140,High,No,No,No,No
P02378,40,Female,32.4,138,101,109,Low,No,No,No,No
P02379,43,Female,28.2,141,95,96,Medium,No,No,Yes,No
P02380,51,Female,25.2,94,125,139,Medium,Yes,No,No,No
P02381,63,Female,19.2,144,144,144,Medium,No,Yes,Yes,No
P02382,51,Male,30.3,119,70,121,High,No,Yes,No,No
P02383,46,Male,28.4,154,157,83,Low,No,No,Yes,Yes
P02384,21,Female,28.7,113,158,100,Medium,No,No,No,No
P02385,34,Female,28.8,107,114,44,Low,No,No,No,No
P02386,52,Male,24.4,137,118,42,Low,Yes,Yes,No,No
P02387,30,Male,26.2,163,65,78,Low,No,Yes,Yes,No
P02388,58,Female,24.7,96,188,149,Medium,No,No,No,No
P02389,56,Female,33.3,140,114,110,Low,No,No,Yes,Yes
P02390,32,Male,25.6,135,163,148,Low,No,No,No,No
P02391,72,Male,23.9,124,104,163,Medium,No,No,No,No
P02392,46,Female,33.6,162,125,121,Low,No,Yes,Yes,Yes
P02393,46,Male,33.0,91,143,58,Low,No,Yes,No,No
P02394,28,Male,28.2,145,109,142,Low,No,No,Yes,No
P02395,69,Female,26.4,143,70,54,High,No,Yes,Yes,No
P02396,49,Female,25.1,147,121,81,High,Yes,No,Yes,No
P02397,19,Female,26.8,144,75,166,Medium,No,No,Yes,No
P02398,64,Male,22.6,129,95,105,High,No,Yes,No,No
P02399,31,Female,29.4,120,103,126,High,No,No,No,No
P02400,37,Male,35.3,114,128,20,Medium,Yes,No,No,No
P02401,39,Female,29.8,136,102,91,Medium,No,Yes,No,No
P02402,28,Female,21.5,125,82,118,High,No,No,No,No
P02403,44,Male,29.3,121,132,109,Medium,No,Yes,No,No
P02404,20,Male,28.0,115,148,140,Medium,Yes,No,No,No
P02405,34,Female,29.2,118,76,76,Low,Yes,No,No,No
P02406,79,Female,22.9,139,126,157,Medium,No,No,No,Yes
P02407,61,Male,27.0,125,151,84,High,No,Yes,No,No
P02408,73,Female,31.4,147,129,106,Medium,No,Yes,Yes,Yes
P02409,45,Male,21.7,101,83,61,Medium,Yes,No,No,No
P02410,46,Male,24.8,136,133,130,Low,No,Yes,No,No
P02411,38,Female,25.6,107,125,71,High,No,No,No,No
P02412,64,Male,32.0,147,130,117,Medium,Yes,Yes,Yes,Yes
P02413,33,Male,32.7,147,126,142,Medium,No,No,Yes,No
P02414,54,Male,17.4,100,65,147,Medium,No,No,No,No
P02415,76,Female,32.0,111,119,223,Low,No,Yes,No,No
P02416,37,Male,32.9,112,158,105,Medium,No,No,No,No
P02417,23,Female,32.6,148,175,91,Medium,No,No,Yes,No
P02418,36,Female,24.4,114,160,77,Medium,No,Yes,No,No
P02419,74,Female,25.9,137,126,133,High,No,No,No,No
P02420,22,Male,19.2,113,149,99,Low,No,No,No,No
P02421,20,Male,16.5,144,144,67,Low,Yes,No,Yes,No
P02422,76,Female,25.2,146,117,66,Low,No,Yes,Yes,Yes
P02423,18,Female,27.4,155,165,162,Medium,No,No,Yes,Yes
P02424,75,Male,27.9,122,102,145,Medium,Yes,No,No,No
P02425,77,Female,31.1,125,121,165,Medium,Yes,Yes,No,No
P02426,55,Female,42.3,122,157,41,Medium,Yes,Yes,No,No
P02427,32,Male,25.0,125,93,89,Low,No,No,No,No
P02428,51,Female,21.7,117,78,64,Low,No,No,No,No
P02429,78,Male,29.7,144,91,111,Low,Yes,No,Yes,No
P02430,52,Male,28.1,111,141,69,High,No,No,No,No
P02431,66,Female,24.1,122,203,168,High,No,No,No,No
P02432,42,Male,31.6,128,167,89,High,No,Yes,No,No
P02433,41,Male,22.9,134,152,189,Low,Yes,No,No,No
P02434,29,Male,26.4,104,180,144,Low,No,No,No,No
P02435,35,Female,26.6,121,135,146,Low,No,No,No,No
P02436,32,Female,22.3,125,103,183,High,No,Yes,No,No
P02437,61,Female,18.5,139,123,108,High,Yes,Yes,No,No
P02438,33,Male,28.1,121,116,143,Medium,No,No,No,No
P02439,44,Male,33.8,123,91,119,Medium,No,Yes,No,No
P02440,25,Female,31.8,127,118,70,Medium,No,Yes,No,No
P02441,77,Female,32.1,144,70,77,Medium,No,No,Yes,No
P02442,63,Male,23.0,88,114,96,Medium,No,Yes,No,No
P02443,42,Female,28.1,127,122,125,High,No,No,No,No
P02444,34,Female,19.9,146,119,139,Medium,No,No,Yes,No
P02445,46,Female,27.8,110,184,130,Low,Yes,No,No,No
P02446,70,Female,33.9,111,132,131,Medium,No,No,No,No
P02447,25,Female,34.1,147,187,93,Low,No,Yes,Yes,Yes
P02448,32,Male,37.2,119,77,20,Medium,No,Yes,No,No
P02449,44,Female,31.9,119,156,139,Low,No,No,No,No
P02450,63,Female,29.4,130,132,69,Low,No,No,No,No
P02451,67,Male,31.4,85,122,202,Low,No,Yes,No,No
P02452,69,Male,30.4,92,79,120,High,No,Yes,No,No
P02453,24,Male,23.0,135,137,167,Medium,No,No,No,No
P02454,20,Male,19.4,121,205,55,Medium,No,Yes,No,No
P02455,46,Female,31.4,122,140,156,Low,No,No,No,No
P02456,61,Female,37.5,113,123,137,Low,Yes,No,No,No
P02457,70,Female,31.6,120,130,122,High,No,No,No,No
P02458,41,Female,17.6,146,146,58,Medium,No,No,Yes,No
P02459,77,Male,24.4,127,180,73,Low,No,Yes,No,No
P02460,75,Male,26.0,144,112,134,High,No,No,Yes,Yes
P02461,20,Female,17.7,122,131,73,High,No,No,No,No
P02462,37,Female,20.1,125,125,68,Medium,No,No,No,No
P02463,63,Female,26.8,131,109,82,Medium,No,Yes,No,No
P02464,32,Female,28.3,134,132,128,Low,Yes,Yes,No,Yes
P02465,42,Male,22.1,110,179,169,Medium,No,No,No,No
P02466,47,Female,19.9,125,102,124,Low,No,No,No,No
P02467,31,Male,33.0,113,138,160,High,No,Yes,No,No
P02468,24,Male,25.1,152,139,99,Medium,Yes,No,Yes,No
P02469,34,Male,25.8,94,125,197,Low,No,No,No,No
P02470,79,Male,24.3,136,140,165,Low,No,No,No,No
P02471,61,Female,23.1,111,139,145,Medium,No,No,No,No
P02472,37,Female,33.5,105,93,126,Low,Yes,No,No,No
P02473,53,Female,22.6,120,123,123,High,No,No,No,No
P02474,26,Female,27.9,148,124,38,Low,No,Yes,Yes,No
P02475,55,Male,27.0,113,88,36,Medium,No,No,No,No
P02476,65,Male,17.3,93,127,134,Medium,No,Yes,No,No
P02477,74,Male,28.2,108,124,108,Medium,No,Yes,No,No
P02478,77,Female,19.3,127,196,130,Medium,No,No,No,Yes
P02479,80,Male,30.2,96,96,54,Low,No,Yes,No,No
P02480,39,Male,21.1,138,160,174,Medium,Yes,No,No,No
P02481,71,Male,29.6,97,142,96,Low,No,No,No,No
P02482,70,Male,24.9,116,161,122,Low,No,Yes,No,No
P02483,70,Female,23.6,140,97,82,Medium,No,No,Yes,No
P02484,19,Male,28.1,116,65,120,Medium,No,No,No,No
P02485,41,Male,19.6,101,121,212,Low,Yes,No,No,No
P02486,25,Female,26.7,123,152,157,Low,No,No,No,No
P02487,28,Female,30.9,116,114,79,Low,No,No,No,No
P02488,30,Female,32.2,147,120,60,Low,No,No,Yes,No
P02489,34,Male,24.7,140,194,121,High,No,No,Yes,No
P02490,25,Male,25.4,134,100,90,High,No,Yes,No,No
P02491,38,Male,19.5,125,157,75,Low,No,No,No,No
P02492,35,Male,23.2,121,91,194,Medium,No,No,No,No
P02493,47,Female,19.2,121,165,20,High,No,No,No,No
P02494,35,Male,29.2,94,123,137,Medium,No,No,No,No
P02495,63,Male,31.2,125,142,192,Medium,Yes,No,No,No
P02496,64,Female,24.7,111,103,53,High,No,No,No,No
P02497,48,Female,21.7,123,128,86,Medium,No,No,No,No
P02498,55,Female,28.5,126,131,90,High,Yes,No,No,No
P02499,49,Male,22.7,116,76,177,Low,Yes,Yes,No,No
P02500,28,Male,30.4,142,108,104,High,Yes,No,Yes,No
P02501,62,Male,36.7,106,134,197,High,No,Yes,No,No
P02502,42,Male,22.6,116,99,143,High,No,Yes,No,No
P02503,50,Male,23.3,119,131,89,Low,No,No,No,No
P02504,77,Female,19.7,146,119,54,Medium,No,Yes,Yes,Yes
P02505,55,Female,27.7,126,146,60,Medium,No,No,No,Yes
P02506,58,Male,27.4,125,119,135,Medium,No,No,No,No
P02507,25,Male,25.6,141,208,221,Low,Yes,No,Yes,Yes
P02508,28,Male,27.1,116,65,84,Low,No,Yes,No,No
P02509,39,Male,21.8,141,97,76,Medium,Yes,Yes,Yes,No
P02510,68,Male,18.7,132,149,134,Medium,No,No,No,No
P02511,41,Female,23.2,147,131,96,Medium,Yes,No,Yes,No
P02512,58,Female,17.4,118,140,84,Low,No,No,No,No
P02513,34,Female,22.6,120,65,175,Low,No,No,No,No
P02514,29,Male,28.5,128,119,174,High,Yes,Yes,No,No
P02515,74,Male,27.3,124,125,118,Low,No,No,No,No
P02516,63,Female,18.1,139,146,76,Low,No,No,No,No
P02517,49,Female,32.2,121,137,122,Low,Yes,No,No,No
P02518,32,Male,26.0,106,125,151,Low,Yes,Yes,No,No
P02519,33,Female,20.5,149,121,166,Low,No,No,Yes,No
P02520,71,Female,25.2,159,81,156,Low,No,No,Yes,No
P02521,39,Male,24.1,97,137,20,Medium,Yes,Yes,No,No
P02522,45,Female,22.7,134,121,127,Medium,No,No,No,No
P02523,37,Female,31.1,138,110,140,Medium,No,No,No,No
P02524,50,Female,21.5,129,125,147,Low,No,Yes,No,No
P02525,27,Male,27.9,153,112,121,Medium,Yes,No,Yes,Yes
P02526,57,Female,20.3,101,74,107,Medium,No,No,No,No
P02527,49,Female,26.8,115,148,92,High,No,Yes,No,No
P02528,67,Female,28.3,127,191,69,Medium,No,No,No,No
P02529,77,Male,28.3,142,135,77,High,No,No,Yes,No
P02530,50,Male,27.4,147,135,167,Medium,Yes,Yes,Yes,No
P02531,19,Female,25.8,103,177,137,Medium,No,Yes,No,No
P02532,50,Male,21.7,93,192,142,Medium,Yes,Yes,No,No
P02533,50,Female,21.7,139,119,79,Low,No,Yes,No,No
P02534,58,Male,28.5,127,100,129,Medium,No,No,No,No
P02535,30,Male,20.7,128,140,188,High,Yes,No,No,No
P02536,47,Female,19.5,139,131,111,Medium,No,Yes,No,No
P02537,50,Female,34.1,110,159,141,High,No,Yes,No,No
P02538,30,Female,25.7,121,125,82,Low,No,No,No,No
P02539,69,Male,30.2,134,128,87,Medium,No,No,No,Yes
P02540,43,Female,31.4,108,91,118,Medium,No,Yes,No,No
P02541,39,Male,27.3,115,161,74,Low,No,No,No,No
P02542,56,Male,25.1,127,103,71,Medium,No,No,No,No
P02543,19,Female,25.2,134,83,97,High,No,Yes,No,No
P02544,55,Male,35.0,99,65,114,Medium,No,Yes,No,No
P02545,56,Female,24.2,137,121,77,Medium,No,No,No,No
P02546,43,Male,27.9,133,100,113,Medium,Yes,Yes,No,No
P02547,63,Female,30.4,110,117,55,Medium,Yes,No,No,No
P02548,75,Male,28.3,165,108,112,Low,Yes,Yes,Yes,Yes
P02549,67,Male,32.4,108,112,20,Medium,Yes,No,No,No
P02550,32,Female,25.1,138,96,154,Low,No,No,No,No
P02551,51,Male,30.4,130,99,35,Medium,No,No,No,No
P02552,59,Female,18.0,118,92,175,High,Yes,No,No,No
P02553,72,Male,33.7,127,118,124,High,No,No,No,No
P02554,61,Male,32.6,135,85,132,Medium,No,Yes,No,No
P02555,66,Male,25.5,176,169,85,Low,Yes,Yes,Yes,Yes
P02556,57,Female,29.2,99,125,129,Low,No,No,No,No
P02557,28,Female,31.5,85,71,113,Low,Yes,No,No,No
P02558,78,Female,21.8,107,133,53,Medium,No,No,No,No
P02559,20,Female,26.3,124,94,140,High,No,No,No,No
P02560,76,Female,20.5,137,162,68,High,No,No,No,No
P02561,23,Male,32.7,127,104,210,Medium,No,Yes,No,No
P02562,26,Male,31.1,122,174,70,High,Yes,No,No,No
P02563,23,Female,25.6,153,160,32,High,Yes,No,Yes,No
P02564,26,Male,25.0,111,250,181,Medium,No,No,No,No
P02565,56,Male,26.3,155,128,140,Medium,No,Yes,Yes,No
P02566,48,Male,22.5,136,149,125,Low,Yes,No,No,Yes
P02567,49,Male,26.1,152,125,80,Low,No,No,Yes,Yes
P02568,58,Female,21.8,108,128,108,Medium,No,No,No,No
P02569,67,Male,31.5,119,168,98,Medium,No,Yes,No,No
P02570,29,Female,32.7,99,152,145,Medium,No,No,No,No
P02571,25,Female,31.7,130,122,78,High,No,Yes,No,No
P02572,25,Male,21.0,131,171,82,Medium,Yes,No,No,No
P02573,67,Female,26.0,161,160,137,Low,No,No,Yes,Yes
P02574,45,Male,29.9,126,179,165,Low,Yes,No,No,Yes
P02575,79,Male,30.8,98,168,88,Low,No,Yes,No,No
P02576,37,Male,17.8,142,113,134,Medium,No,Yes,Yes,No
P02577,79,Female,30.7,109,109,152,High,Yes,No,No,No
P02578,64,Female,20.8,102,110,64,Low,No,No,No,No
P02579,76,Female,26.2,138,152,92,Medium,No,Yes,No,Yes
P02580,80,Male,33.3,111,172,28,Medium,No,Yes,No,Yes
P02581,24,Male,32.6,114,162,198,Medium,Yes,No,No,No
P02582,28,Male,33.6,150,75,116,High,No,No,Yes,No
P02583,37,Female,21.7,134,100,146,Low,No,No,No,No
P02584,33,Male,22.9,136,149,87,Medium,Yes,No,No,No
P02585,21,Male,24.2,100,168,83,Medium,No,Yes,No,No
P02586,23,Female,26.3,138,136,100,Medium,No,No,No,No
P02587,75,Female,28.1,120,178,97,High,No,No,No,No
P02588,39,Female,33.4,117,65,211,Medium,No,No,No,No
P02589,43,Male,22.4,132,118,123,Medium,No,No,No,No
P02590,80,Male,23.9,125,175,135,Medium,No,No,No,No
P02591,20,Male,34.1,99,137,106,Low,No,No,No,No
P02592,80,Female,21.2,142,97,109,Low,Yes,Yes,Yes,Yes
P02593,58,Female,30.6,144,153,136,Medium,Yes,Yes,Yes,Yes
P02594,77,Female,26.6,114,130,103,Low,No,Yes,No,No
P02595,59,Female,28.9,136,109,168,Medium,No,No,No,No
P02596,31,Male,22.9,141,70,68,Low,No,Yes,Yes,No
P02597,28,Male,30.5,91,149,160,Low,No,No,No,No
P02598,35,Male,23.7,116,87,158,Medium,No,No,No,No
P02599,71,Male,19.9,86,200,199,Medium,No,Yes,No,Yes
P02600,29,Male,29.4,136,65,26,Medium,No,No,No,No
P02601,40,Male,16.0,133,127,154,Medium,No,Yes,No,No
P02602,29,Male,24.2,113,151,75,Low,No,Yes,No,No
P02603,30,Male,28.5,122,89,145,Medium,No,No,No,No
P02604,42,Female,30.8,118,100,145,Low,No,Yes,No,No
P02605,62,Female,33.1,88,155,67,Low,No,No,No,No
P02606,68,Male,35.9,148,92,137,Low,No,Yes,Yes,Yes
P02607,75,Female,34.4,130,192,90,Low,Yes,No,No,Yes
P02608,36,Male,28.0,122,127,74,Low,No,No,No,No
P02609,72,Male,32.6,123,110,20,Low,No,Yes,No,No
P02610,63,Female,27.9,138,182,168,Low,Yes,Yes,No,Yes
P02611,53,Male,30.4,96,88,101,Low,No,Yes,No,No
P02612,62,Male,24.0,109,186,58,Medium,No,No,No,No
P02613,25,Male,29.3,129,91,119,Medium,No,Yes,No,No
P02614,46,Male,24.6,145,169,110,High,No,No,Yes,Yes
P02615,72,Male,26.1,85,190,64,High,Yes,No,No,Yes
P02616,70,Male,29.3,143,121,64,High,No,Yes,Yes,No
P02617,72,Male,37.5,112,121,155,Medium,No,No,No,No
P02618,49,Female,29.0,120,115,115,Low,Yes,Yes,No,No
P02619,68,Female,26.9,126,98,76,High,Yes,Yes,No,No
P02620,61,Male,22.8,105,128,88,Medium,No,Yes,No,No
P02621,35,Female,31.5,103,157,89,Medium,No,Yes,No,No
P02622,23,Male,25.3,129,146,30,High,No,Yes,No,Yes
P02623,35,Male,28.9,159,143,147,Medium,Yes,No,Yes,No
P02624,36,Male,30.5,108,99,89,Medium,No,Yes,No,No
P02625,39,Male,33.3,108,87,98,Low,No,No,No,No
P02626,54,Female,31.2,103,187,130,Low,Yes,Yes,No,Yes
P02627,49,Female,20.9,121,78,161,Medium,No,Yes,No,No
P02628,73,Female,18.4,107,120,114,Medium,No,No,No,No
P02629,58,Female,30.5,108,151,56,High,No,Yes,No,No
P02630,76,Male,27.4,129,178,94,High,No,Yes,No,No
P02631,20,Female,29.0,99,126,102,High,No,No,No,No
P02632,45,Male,35.6,154,135,23,High,No,No,Yes,No
P02633,27,Male,23.9,104,108,126,Medium,No,Yes,No,No
P02634,68,Female,33.5,145,186,135,Medium,No,No,Yes,Yes
P02635,52,Male,24.0,161,173,109,Medium,No,No,Yes,No
P02636,78,Female,34.8,147,90,67,Low,Yes,No,Yes,Yes
P02637,46,Female,30.8,144,148,115,Medium,No,No,Yes,No
P02638,71,Female,19.5,139,121,151,Medium,No,Yes,No,No
P02639,80,Female,24.9,129,136,95,High,Yes,No,No,No
P02640,32,Female,36.6,146,97,141,High,No,Yes,Yes,No
P02641,50,Male,36.0,120,65,124,Low,No,Yes,No,No
P02642,24,Female,30.0,141,86,20,Low,Yes,No,Yes,No
P02643,29,Female,28.8,145,106,82,Low,No,No,Yes,No
P02644,66,Male,28.2,134,108,129,Medium,Yes,No,No,No
P02645,47,Female,29.2,120,65,111,Low,Yes,Yes,No,No
P02646,38,Female,26.3,134,136,147,Low,No,No,No,No
P02647,48,Male,33.1,118,76,116,Medium,No,Yes,No,No
P02648,75,Male,29.9,115,124,134,Low,No,No,No,No
P02649,78,Female,22.2,139,84,90,High,No,Yes,No,No
P02650,41,Male,30.3,128,65,120,Medium,No,Yes,No,No
P02651,37,Female,27.8,139,123,59,Low,Yes,No,No,No
P02652,54,Male,25.4,128,118,144,High,No,No,No,No
P02653,21,Female,36.5,134,128,117,High,Yes,Yes,No,No
P02654,45,Female,27.5,150,181,50,High,No,No,Yes,No
P02655,61,Female,17.2,122,150,95,Medium,Yes,No,No,No
P02656,79,Male,25.8,118,194,218,High,Yes,No,No,No
P02657,37,Female,32.0,133,114,96,Medium,No,No,No,No
P02658,77,Male,22.4,85,100,91,Low,No,No,No,No
P02659,41,Female,31.8,138,141,71,Medium,No,No,No,No
P02660,67,Female,22.0,109,190,56,Medium,Yes,No,No,Yes
P02661,66,Female,33.7,155,86,61,Medium,No,No,Yes,No
P02662,68,Female,24.1,139,174,196,Medium,No,No,No,Yes
P02663,49,Female,25.2,141,142,121,Low,No,Yes,Yes,No
P02664,58,Male,24.9,142,110,41,Medium,No,No,Yes,No
P02665,53,Male,30.0,117,178,106,Medium,Yes,No,No,No
P02666,75,Male,36.2,120,83,151,Low,No,Yes,No,No
P02667,70,Female,27.1,95,148,124,Low,No,No,No,No
P02668,51,Female,26.9,152,119,43,Low,No,Yes,Yes,No
P02669,53,Male,24.1,102,164,134,Low,No,No,No,No
P02670,19,Female,18.9,125,137,106,Medium,No,No,No,No
P02671,32,Female,24.6,147,163,115,Low,No,No,Yes,Yes
P02672,51,Female,20.7,153,127,188,Medium,No,No,Yes,No
P02673,53,Male,17.6,120,110,104,Low,No,Yes,No,Yes
P02674,23,Male,26.6,94,122,73,High,No,No,No,No
P02675,56,Male,24.3,129,131,27,Low,Yes,No,No,No
P02676,59,Male,33.9,131,137,74,Low,Yes,No,No,Yes
P02677,68,Male,22.7,133,149,71,Medium,Yes,No,No,No
P02678,68,Female,30.4,119,126,20,Medium,No,Yes,No,No
P02679,75,Female,30.3,123,149,135,Medium,No,No,No,No
P02680,71,Female,33.7,113,203,128,High,Yes,Yes,No,No
P02681,78,Female,26.1,128,100,104,Low,No,No,No,No
P02682,29,Male,33.6,139,160,60,Medium,No,No,No,No
P02683,20,Male,29.8,130,101,116,Low,No,Yes,No,No
P02684,62,Female,32.7,124,92,133,Medium,No,No,No,No
P02685,35,Male,39.0,145,175,185,Medium,Yes,No,Yes,Yes
P02686,57,Female,26.4,130,93,121,Low,No,Yes,No,No
P02687,38,Female,27.9,126,124,126,Low,No,No,No,No
P02688,32,Female,25.2,126,97,113,Medium,No,Yes,No,No
P02689,50,Female,34.7,103,210,96,Low,No,No,No,No
P02690,52,Male,40.0,105,124,140,Medium,No,No,No,No
P02691,43,Female,30.7,123,86,103,Low,No,Yes,No,No
P02692,25,Male,18.9,112,95,98,High,No,No,No,No
P02693,53,Female,22.6,124,199,89,Medium,Yes,No,No,Yes
P02694,65,Female,32.8,140,118,92,Medium,No,No,Yes,No
P02695,47,Female,21.3,138,122,120,Medium,No,No,No,No
P02696,40,Female,24.0,132,177,133,Medium,No,No,No,No
P02697,59,Male,23.8,140,170,73,Medium,No,No,Yes,Yes
P02698,61,Female,26.6,144,94,115,Medium,Yes,Yes,Yes,No
P02699,31,Male,28.3,143,97,65,Medium,No,Yes,Yes,No
P02700,31,Female,17.6,142,106,133,Medium,No,Yes,Yes,No
P02701,19,Female,19.4,103,114,171,High,Yes,No,No,No
P02702,72,Female,19.5,91,154,130,Low,Yes,No,No,No
P02703,54,Male,20.1,111,122,91,Low,No,Yes,No,No
P02704,22,Female,27.1,117,114,151,Medium,No,Yes,No,No
P02705,55,Female,28.0,142,125,49,High,No,No,Yes,No
P02706,62,Female,32.1,123,105,119,Low,Yes,No,No,No
P02707,58,Female,29.8,116,179,232,Medium,Yes,No,No,No
P02708,79,Female,24.1,128,101,65,High,No,No,No,No
P02709,71,Male,28.1,135,126,90,Medium,No,Yes,No,No
P02710,77,Male,32.3,139,147,95,Low,Yes,No,No,Yes
P02711,78,Female,25.9,118,149,55,Medium,No,No,No,No
P02712,64,Female,25.4,108,111,71,Medium,No,No,No,No
P02713,31,Male,22.3,111,163,106,High,No,No,No,No
P02714,73,Female,23.0,127,200,177,Low,Yes,No,No,Yes
P02715,56,Male,30.4,106,188,127,High,No,No,No,No
P02716,42,Female,27.0,142,65,155,Low,Yes,No,Yes,No
P02717,37,Female,36.8,106,122,143,High,Yes,No,No,No
P02718,19,Male,23.6,97,102,121,Low,No,Yes,No,No
P02719,56,Female,30.8,128,144,24,Low,No,No,No,No
P02720,23,Male,28.9,120,162,178,Low,No,No,No,No
P02721,34,Male,26.6,133,85,151,Low,No,Yes,No,No
P02722,76,Male,24.8,116,155,118,Medium,No,Yes,No,Yes
P02723,42,Female,30.0,132,124,47,Medium,No,Yes,No,No
P02724,74,Male,29.7,143,116,39,Medium,Yes,No,Yes,No
P02725,45,Male,28.0,114,144,51,Low,No,No,No,No
P02726,19,Female,29.1,134,120,74,High,No,Yes,No,No
P02727,52,Female,27.2,157,165,122,Low,No,Yes,Yes,Yes
P02728,54,Female,18.8,139,111,94,Medium,No,No,No,No
P02729,22,Female,27.4,111,172,109,Medium,Yes,No,No,No
P02730,80,Female,25.7,131,124,130,Medium,No,No,No,No
P02731,18,Female,36.7,102,65,164,Low,No,No,No,No
P02732,57,Male,30.2,104,97,77,Low,Yes,No,No,No
P02733,29,Female,28.0,152,121,30,High,Yes,No,Yes,No
P02734,73,Male,29.3,132,138,69,High,Yes,No,No,No
P02735,53,Female,21.9,153,122,132,Medium,No,Yes,Yes,No
P02736,62,Male,24.0,133,101,143,Low,Yes,No,No,No
P02737,40,Male,25.3,115,187,144,High,Yes,No,No,No
P02738,64,Female,28.9,126,174,74,Medium,No,No,No,No
P02739,48,Female,24.8,130,83,120,Medium,No,Yes,No,No
P02740,28,Male,24.5,165,96,173,Medium,Yes,No,Yes,No
P02741,27,Female,21.7,138,136,139,High,Yes,Yes,No,No
P02742,20,Female,27.1,112,120,26,Low,No,Yes,No,No
P02743,71,Male,27.8,122,65,103,Low,Yes,No,No,No
P02744,31,Male,29.1,134,100,90,High,No,No,No,No
P02745,33,Male,23.5,105,151,38,Medium,No,Yes,No,No
P02746,27,Female,28.9,125,129,171,High,No,No,No,No
P02747,46,Female,21.8,121,92,43,Medium,No,Yes,No,No
P02748,27,Female,25.9,134,105,100,Low,No,Yes,No,No
P02749,29,Female,28.5,123,117,164,Low,Yes,No,No,No
P02750,47,Male,25.7,100,215,66,Low,Yes,No,No,No
P02751,58,Female,19.2,124,126,104,High,No,Yes,No,No
P02752,18,Male,19.8,139,100,127,High,No,No,No,No
P02753,22,Female,28.1,151,188,69,Medium,No,No,Yes,Yes
P02754,37,Female,29.9,142,145,79,Medium,No,Yes,Yes,No
P02755,25,Male,28.7,96,97,119,Low,No,Yes,No,No
P02756,60,Female,30.0,101,126,134,Low,Yes,Yes,No,No
P02757,29,Female,25.6,106,118,140,Low,Yes,Yes,No,No
P02758,18,Male,30.7,152,144,61,High,No,Yes,Yes,No
P02759,74,Female,28.7,134,81,32,Low,No,Yes,No,No
P02760,71,Male,23.8,173,83,143,High,No,No,Yes,No
P02761,37,Male,29.6,148,116,161,High,Yes,No,Yes,No
P02762,45,Male,28.5,127,94,222,Low,No,Yes,No,No
P02763,74,Male,35.4,117,161,246,High,Yes,Yes,No,Yes
P02764,60,Female,33.9,132,89,184,High,No,No,No,No
P02765,54,Female,26.5,140,209,58,Medium,Yes,No,Yes,Yes
P02766,64,Female,24.9,147,120,96,Medium,Yes,No,Yes,Yes
P02767,54,Male,34.8,120,130,134,Medium,No,No,No,No
P02768,29,Female,29.8,164,137,126,Medium,No,No,Yes,No
P02769,54,Female,26.1,124,122,97,Medium,No,No,No,No
P02770,66,Female,17.1,146,166,165,High,No,No,Yes,No
P02771,66,Female,23.2,131,130,83,Low,No,No,No,No
P02772,73,Male,22.9,119,107,115,Low,Yes,Yes,No,No
P02773,61,Male,26.3,90,77,108,Medium,No,No,No,No
P02774,73,Female,30.1,103,139,127,Low,No,Yes,No,No
P02775,45,Male,30.9,146,157,130,High,No,Yes,Yes,No
P02776,64,Female,34.5,139,81,66,Medium,Yes,Yes,No,No
P02777,32,Female,31.7,136,112,20,Medium,No,No,No,No
P02778,23,Female,20.5,153,159,84,High,No,No,Yes,No
P02779,61,Male,32.2,107,95,116,Low,Yes,No,No,No
P02780,76,Female,35.7,117,95,127,Low,No,Yes,No,No
P02781,78,Male,35.4,118,120,77,High,No,Yes,No,No
P02782,37,Male,20.9,101,171,118,Medium,No,No,No,No
P02783,67,Female,26.0,111,157,117,High,No,No,No,No
P02784,31,Male,31.8,106,171,75,High,No,Yes,No,No
P02785,19,Male,21.2,97,90,98,Medium,No,Yes,No,No
P02786,26,Female,18.4,109,102,51,Medium,No,No,No,No
P02787,80,Male,28.6,124,119,20,High,Yes,Yes,No,No
P02788,54,Male,23.6,157,114,160,Low,No,No,Yes,No
P02789,37,Female,18.8,107,98,114,Medium,No,No,No,No
P02790,43,Female,33.1,144,142,90,Low,Yes,No,Yes,Yes
P02791,46,Male,27.8,129,68,122,Medium,Yes,No,No,No
P02792,18,Female,24.4,133,130,126,Low,No,Yes,No,No
P02793,72,Female,22.2,128,183,196,Medium,Yes,No,No,No
P02794,52,Male,27.9,92,128,165,High,Yes,No,No,No
P02795,23,Male,29.6,106,96,121,High,No,No,No,No
P02796,54,Female,28.6,135,80,202,High,Yes,Yes,No,No
P02797,70,Male,19.4,126,138,101,Low,Yes,No,No,Yes
P02798,76,Female,29.4,95,186,160,Medium,No,No,No,No
P02799,22,Female,30.5,121,132,81,Medium,No,Yes,No,No
P02800,50,Male,25.3,136,113,107,Low,No,No,No,No
P02801,66,Male,32.2,102,98,135,Low,No,Yes,No,No
P02802,68,Female,22.7,118,73,115,Low,Yes,No,No,No
P02803,31,Female,33.5,152,135,118,Low,No,Yes,Yes,No
P02804,29,Female,27.7,136,69,116,High,No,No,No,No
P02805,59,Female,24.5,154,157,164,Medium,No,Yes,Yes,Yes
P02806,37,Male,25.4,118,147,109,High,Yes,Yes,No,No
P02807,70,Female,32.0,144,117,78,Low,No,Yes,Yes,Yes
P02808,67,Male,28.2,106,148,103,Low,No,No,No,Yes
P02809,41,Male,30.2,140,131,163,High,No,No,Yes,Yes
P02810,76,Female,32.4,112,147,144,Medium,No,Yes,No,No
P02811,60,Male,24.4,133,156,100,Medium,No,No,No,No
P02812,79,Male,27.6,134,116,70,Medium,No,No,No,No
P02813,51,Female,25.9,137,80,80,Medium,Yes,Yes,No,No
P02814,42,Male,32.1,107,204,104,High,No,No,No,No
P02815,67,Male,25.1,131,118,101,Medium,No,Yes,No,No
P02816,46,Female,27.2,125,110,72,High,No,No,No,No
P02817,74,Female,38.5,148,141,148,High,No,No,Yes,No
P02818,56,Female,33.4,113,118,79,Medium,No,Yes,No,No
P02819,48,Female,21.8,101,81,64,Medium,No,No,No,No
P02820,73,Female,31.5,95,83,96,High,No,No,No,No
P02821,64,Female,30.4,120,94,126,High,No,No,No,No
P02822,60,Female,21.5,117,138,64,Low,No,No,No,Yes
P02823,67,Male,26.4,120,101,107,Medium,Yes,No,No,No
P02824,40,Male,22.3,120,158,85,High,No,No,No,No
P02825,61,Female,16.0,150,120,90,Low,No,No,Yes,Yes
P02826,55,Male,26.3,122,122,105,Medium,Yes,No,No,No
P02827,37,Male,24.5,145,127,132,Medium,No,No,Yes,No
P02828,40,Female,21.5,132,89,105,Low,No,No,No,No
P02829,79,Male,27.0,109,170,223,Medium,No,No,No,No
P02830,62,Female,16.4,125,136,136,High,No,Yes,No,No
P02831,69,Male,27.2,153,119,123,Medium,No,No,Yes,No
P02832,33,Female,27.1,143,106,91,Medium,No,Yes,Yes,No
P02833,67,Male,30.4,147,106,82,Medium,No,No,Yes,No
P02834,59,Male,19.0,134,84,150,High,No,No,No,No
P02835,77,Male,37.7,116,78,34,Medium,Yes,No,No,No
P02836,72,Female,35.8,155,78,156,Medium,No,No,Yes,No
P02837,25,Male,23.1,135,162,157,Low,No,No,No,No
P02838,67,Male,34.3,142,98,100,Low,No,Yes,Yes,Yes
P02839,38,Female,31.3,127,87,157,Medium,No,No,No,No
P02840,18,Female,24.8,106,170,92,Low,Yes,No,No,Yes
P02841,72,Male,24.0,132,127,101,Medium,No,Yes,No,Yes
P02842,25,Male,24.3,155,84,128,Low,Yes,No,Yes,No
P02843,46,Male,41.1,140,145,88,Medium,No,No,Yes,No
P02844,49,Male,33.8,135,176,137,Medium,No,No,No,No
P02845,55,Female,26.0,110,149,84,Low,No,No,No,No
P02846,22,Male,26.4,152,130,117,Medium,No,Yes,Yes,No
P02847,64,Male,31.2,149,141,224,Low,No,Yes,Yes,Yes
P02848,39,Female,31.0,93,167,127,Low,Yes,No,No,No
P02849,64,Male,22.2,142,185,154,Medium,No,Yes,Yes,Yes
P02850,51,Male,28.5,121,92,146,Medium,No,No,No,No
P02851,18,Male,24.2,130,126,20,High,No,Yes,No,No
P02852,72,Female,27.8,110,146,101,Medium,No,No,No,No
P02853,72,Female,26.8,127,131,167,Medium,No,Yes,No,No
P02854,43,Male,32.1,105,144,52,Low,No,No,No,No
P02855,60,Male,25.7,111,202,97,Low,No,Yes,No,Yes
P02856,27,Female,27.6,134,116,201,Low,No,No,No,No
P02857,47,Male,17.6,111,76,54,Low,No,Yes,No,No
P02858,67,Male,28.6,133,190,157,Low,No,No,No,Yes
P02859,35,Female,23.1,127,187,66,Low,No,Yes,No,Yes
P02860,34,Female,19.4,168,144,131,Low,No,Yes,Yes,No
P02861,43,Female,32.6,113,108,138,Low,No,Yes,No,Yes
P02862,25,Male,26.8,119,155,141,Low,No,No,No,No
P02863,64,Male,16.6,112,126,63,Medium,No,No,No,No
P02864,57,Male,23.1,151,114,158,High,Yes,Yes,Yes,No
P02865,66,Male,27.0,127,101,73,High,Yes,No,No,No
P02866,29,Female,27.2,122,124,35,Medium,No,No,No,No
P02867,44,Male,24.5,139,144,61,High,Yes,No,No,No
P02868,25,Male,16.0,109,131,67,Medium,No,No,No,No
P02869,42,Female,24.2,101,156,139,Medium,Yes,No,No,No
P02870,63,Female,32.4,130,117,151,Low,No,No,No,No
P02871,21,Male,34.0,128,110,112,Low,No,No,No,No
P02872,50,Female,24.0,112,139,62,Low,No,Yes,No,No
P02873,18,Female,36.4,131,128,81,Low,No,No,No,No
P02874,36,Male,18.9,158,177,101,Low,No,No,Yes,No
P02875,48,Male,22.9,133,113,50,Low,No,No,No,No
P02876,33,Male,31.5,89,107,55,Medium,No,No,No,No
P02877,31,Male,30.7,151,119,105,Medium,No,No,Yes,No
P02878,70,Female,27.0,161,111,96,Low,No,No,Yes,No
P02879,65,Female,21.4,135,103,55,Medium,No,No,No,No
P02880,22,Male,21.4,128,68,163,Medium,Yes,Yes,No,No
P02881,58,Male,23.4,97,85,74,Low,No,No,No,No
P02882,43,Female,21.6,109,121,51,Medium,Yes,Yes,No,No
P02883,79,Male,27.7,119,79,163,High,No,No,No,No
P02884,45,Male,26.5,112,145,119,High,No,No,No,No
P02885,19,Male,21.2,116,138,92,Medium,No,No,No,No
P02886,67,Male,25.2,127,102,73,Medium,No,No,No,No
P02887,23,Female,16.0,113,123,88,Low,Yes,Yes,No,No
P02888,80,Male,28.7,152,118,72,Medium,Yes,Yes,Yes,Yes
P02889,26,Female,30.6,126,65,82,Low,No,No,No,No
P02890,50,Male,22.4,134,141,113,Medium,No,No,No,No
P02891,58,Male,23.1,134,104,64,Medium,Yes,Yes,No,No
P02892,42,Female,28.3,132,91,20,High,No,No,No,No
P02893,65,Male,27.5,126,149,181,Medium,Yes,No,No,No
P02894,30,Female,30.9,143,134,50,High,Yes,Yes,Yes,No
P02895,26,Male,23.1,147,157,33,Medium,No,Yes,Yes,No
P02896,70,Male,23.7,88,121,160,Medium,No,No,No,No
P02897,30,Male,25.9,99,133,84,Low,Yes,Yes,No,No
P02898,48,Male,21.7,115,153,120,Low,No,No,No,No
P02899,58,Male,25.8,105,184,143,High,Yes,No,No,No
P02900,28,Female,21.8,112,114,147,Medium,Yes,Yes,No,No
P02901,21,Female,29.1,117,134,128,Medium,Yes,Yes,No,No
P02902,51,Male,22.3,120,145,75,High,Yes,Yes,No,No
P02903,78,Male,28.3,98,145,47,Medium,No,Yes,No,No
P02904,55,Female,34.3,118,107,186,High,No,Yes,No,No
P02905,63,Female,29.1,151,121,111,Low,No,No,Yes,No
P02906,21,Male,27.9,120,145,126,High,No,Yes,No,No
P02907,55,Male,20.2,136,131,83,High,No,No,No,No
P02908,36,Female,33.9,124,192,120,High,No,No,No,No
P02909,23,Male,32.6,127,114,86,Medium,No,Yes,No,No
P02910,51,Female,26.2,123,97,92,Low,No,No,No,No
P02911,35,Male,25.1,138,142,44,Low,Yes,No,No,No
P02912,30,Female,22.9,110,92,125,Low,No,No,No,No
P02913,58,Female,35.9,128,109,20,Medium,No,Yes,No,No
P02914,40,Male,30.9,115,128,156,Medium,No,No,No,No
P02915,36,Female,23.2,137,124,191,Medium,No,No,No,No
P02916,62,Male,32.5,105,123,85,Medium,Yes,No,No,No
P02917,28,Male,33.7,137,105,145,Low,No,No,No,No
P02918,18,Male,26.9,129,138,88,Low,No,Yes,No,No
P02919,41,Male,25.3,102,201,105,Low,No,No,No,No
P02920,79,Female,22.0,156,154,80,Low,Yes,No,Yes,No
P02921,71,Male,30.5,135,65,86,Medium,No,Yes,No,No
P02922,24,Male,24.9,105,111,86,Low,Yes,No,No,No
P02923,42,Male,24.7,128,144,20,Low,No,Yes,No,Yes
P02924,38,Male,26.9,95,73,120,Medium,No,Yes,No,No
P02925,32,Female,22.9,94,65,20,High,No,Yes,No,No
P02926,18,Male,34.6,147,100,87,Low,No,No,Yes,No
P02927,29,Female,31.8,103,97,25,High,No,No,No,No
P02928,75,Female,27.4,139,182,88,High,Yes,No,No,No
P02929,24,Female,22.7,146,137,117,Medium,Yes,No,Yes,No
P02930,32,Male,23.0,107,120,166,Low,No,No,No,No
P02931,38,Male,22.8,162,114,103,Low,No,No,Yes,Yes
P02932,36,Male,20.8,127,141,92,High,No,No,No,No
P02933,77,Male,28.6,126,132,55,Medium,No,Yes,No,No
P02934,46,Female,23.8,107,141,66,Medium,No,Yes,No,Yes
P02935,42,Female,23.5,107,136,158,High,Yes,No,No,No
P02936,50,Male,22.9,86,161,126,Medium,No,No,No,No
P02937,66,Male,32.0,111,126,64,Medium,Yes,No,No,Yes
P02938,49,Male,23.2,146,152,20,Medium,Yes,Yes,Yes,No
P02939,66,Male,33.3,107,137,179,Low,No,No,No,No
P02940,52,Male,25.6,108,132,49,Low,No,No,No,No
P02941,61,Male,20.8,102,111,104,Medium,Yes,Yes,No,No
P02942,55,Male,29.3,100,123,66,High,No,No,No,No
P02943,43,Female,31.4,141,123,56,Medium,No,Yes,Yes,No
P02944,28,Female,22.7,103,163,113,Low,No,No,No,No
P02945,52,Female,27.3,123,133,144,Low,No,No,No,No
P02946,25,Female,28.6,119,93,135,Medium,No,No,No,No
P02947,63,Male,27.5,142,71,132,Medium,No,No,Yes,Yes
P02948,31,Male,24.7,110,85,59,Medium,No,Yes,No,No
P02949,27,Male,31.4,117,101,113,Low,No,Yes,No,No
P02950,19,Male,25.7,105,141,120,Low,No,No,No,No
P02951,63,Male,24.0,113,103,41,High,No,Yes,No,No
P02952,26,Female,18.2,109,168,20,Medium,No,Yes,No,No
P02953,20,Male,18.2,122,82,107,Low,No,Yes,No,No
P02954,38,Female,28.1,154,148,68,Medium,No,No,Yes,No
P02955,43,Male,26.6,121,65,47,Medium,No,Yes,No,No
P02956,25,Female,31.4,146,86,20,Low,No,No,Yes,No
P02957,65,Male,32.7,142,90,73,Medium,Yes,Yes,Yes,No
P02958,19,Female,25.8,124,90,176,Low,No,No,No,No
P02959,23,Male,31.7,142,103,144,Low,No,Yes,Yes,No
P02960,45,Male,24.2,129,153,171,Medium,Yes,No,No,No
P02961,70,Male,26.3,99,150,72,Medium,Yes,Yes,No,No
P02962,46,Male,26.1,124,90,153,Medium,No,No,No,No
P02963,43,Female,34.9,129,118,161,Medium,No,No,No,No
P02964,42,Male,20.6,157,141,172,Medium,Yes,No,Yes,No
P02965,29,Female,27.3,108,119,93,High,No,Yes,No,No
P02966,22,Male,23.5,133,180,83,High,No,No,No,No
P02967,51,Female,25.5,103,138,101,Low,No,No,No,No
P02968,65,Male,25.3,153,95,109,Low,No,No,Yes,No
P02969,54,Male,27.4,147,98,46,Medium,No,No,Yes,No
P02970,32,Female,33.7,103,91,79,Medium,Yes,Yes,No,No
P02971,61,Male,36.5,156,101,155,Medium,No,No,Yes,Yes
P02972,53,Male,30.3,144,126,80,Low,No,Yes,Yes,Yes
P02973,32,Female,22.1,148,117,108,Medium,No,No,Yes,No
P02974,60,Male,26.1,153,109,126,Medium,Yes,Yes,Yes,No
P02975,65,Female,28.3,145,145,161,Medium,No,Yes,Yes,Yes
P02976,40,Male,25.0,119,137,132,Low,Yes,No,No,Yes
P02977,23,Female,25.6,152,70,147,Medium,No,Yes,Yes,No
P02978,63,Female,26.6,109,80,124,Medium,No,Yes,No,No
P02979,67,Female,30.9,111,91,118,Medium,No,No,No,No
P02980,61,Female,29.7,117,97,144,Medium,No,No,No,No
P02981,76,Male,23.9,131,103,20,Medium,No,No,No,No
P02982,60,Male,30.0,108,111,137,High,No,No,No,No
P02983,62,Female,35.6,103,137,20,Medium,No,Yes,No,No
P02984,38,Male,19.4,109,86,82,Medium,No,No,No,No
P02985,40,Male,24.8,118,98,145,Medium,No,No,No,No
P02986,60,Male,24.4,126,70,98,High,No,No,No,No
P02987,72,Female,27.4,111,93,102,Medium,No,Yes,No,No
P02988,33,Male,17.9,103,118,116,Low,No,No,No,No
P02989,64,Male,33.8,132,94,189,Medium,No,No,No,No
P02990,70,Female,27.2,157,89,20,Medium,Yes,No,Yes,No
P02991,77,Male,28.5,118,107,73,Low,No,No,No,No
P02992,32,Female,27.9,141,133,168,Low,No,Yes,Yes,No
P02993,42,Female,24.4,125,93,94,Low,No,Yes,No,No
P02994,53,Female,30.5,136,161,96,Low,No,No,No,Yes
P02995,28,Male,27.0,140,95,136,Low,No,No,Yes,No
P02996,68,Male,16.6,125,110,49,High,Yes,Yes,No,No
P02997,32,Female,26.5,107,166,145,Low,Yes,No,No,No
P02998,21,Female,25.6,103,145,89,Low,No,No,No,No
P02999,38,Female,30.5,146,120,98,High,No,Yes,Yes,No
P03000,30,Female,40.5,136,138,68,Medium,No,Yes,No,No
P03001,39,Female,28.9,143,81,128,Medium,No,Yes,Yes,No
P03002,36,Female,37.6,137,188,91,Medium,No,No,No,Yes
P03003,51,Male,23.6,144,82,117,Low,No,No,Yes,No
P03004,31,Female,23.9,129,132,88,High,No,No,No,No
P03005,78,Female,25.8,98,164,103,High,No,No,No,No
P03006,21,Female,29.1,130,134,80,Medium,No,No,No,No
P03007,65,Male,23.8,157,123,89,Medium,Yes,Yes,Yes,No
P03008,70,Male,18.9,131,164,66,Medium,No,Yes,No,No
P03009,69,Male,27.1,103,147,60,Low,No,No,No,No
P03010,63,Male,21.3,138,108,184,Medium,No,Yes,No,No
P03011,44,Female,32.6,164,179,113,Medium,No,No,Yes,Yes
P03012,46,Male,30.2,115,99,20,Low,No,No,No,No
P03013,64,Female,23.2,131,182,100,Medium,No,No,No,Yes
P03014,45,Female,29.3,134,146,149,Medium,No,Yes,No,No
P03015,52,Female,24.3,129,111,30,Medium,No,Yes,No,No
P03016,25,Female,26.7,139,89,130,Low,No,No,No,No
P03017,33,Female,26.8,118,131,102,High,No,No,No,No
P03018,59,Female,25.3,136,103,25,Medium,No,No,No,No
P03019,53,Male,31.2,146,129,76,Medium,Yes,No,Yes,No
P03020,47,Male,21.4,121,152,95,Medium,Yes,No,No,No
P03021,35,Male,29.7,140,156,47,Low,Yes,Yes,Yes,No
P03022,19,Male,28.5,118,174,70,Medium,Yes,Yes,No,No
P03023,66,Male,20.0,100,89,115,Low,No,Yes,No,No
P03024,30,Female,23.0,100,133,116,High,No,No,No,No
P03025,21,Male,21.5,133,76,124,Medium,No,No,No,No
P03026,43,Male,25.2,91,125,75,Medium,No,Yes,No,No
P03027,42,Male,27.2,127,71,154,Medium,Yes,No,No,No
P03028,47,Female,22.4,111,199,99,Medium,No,No,No,No
P03029,28,Female,31.8,86,170,85,High,No,No,No,No
P03030,24,Female,32.3,137,71,94,Medium,No,No,No,No
P03031,48,Male,33.2,100,103,121,Low,No,No,No,No
P03032,61,Male,16.0,167,150,118,Low,No,No,Yes,Yes
P03033,27,Male,36.7,154,133,84,High,No,Yes,Yes,No
P03034,56,Male,27.8,124,126,147,High,Yes,Yes,No,No
P03035,30,Male,27.2,89,134,95,Medium,No,No,No,No
P03036,48,Female,26.5,130,155,135,Medium,No,Yes,No,No
P03037,24,Male,20.4,158,195,166,Medium,Yes,No,Yes,No
P03038,80,Female,28.8,144,85,82,Medium,No,No,Yes,No
P03039,73,Male,35.1,145,118,87,High,Yes,No,Yes,No
P03040,66,Female,27.8,153,65,54,High,No,Yes,Yes,No
P03041,59,Female,21.4,102,123,62,Medium,No,Yes,No,No
P03042,78,Female,19.4,145,182,135,High,No,Yes,Yes,Yes
P03043,59,Female,25.5,160,142,134,Low,Yes,Yes,Yes,Yes
P03044,73,Male,23.3,114,152,22,Medium,Yes,No,No,No
P03045,53,Male,30.5,118,131,59,Low,No,No,No,No
P03046,37,Male,33.9,153,100,167,High,No,No,Yes,No
P03047,21,Female,29.3,150,71,67,High,Yes,No,Yes,No
P03048,71,Male,26.6,109,176,93,Medium,Yes,No,No,No
P03049,24,Male,26.3,102,109,107,Medium,No,No,No,No
P03050,71,Male,27.4,123,119,112,Medium,No,No,No,No
P03051,18,Male,21.2,98,65,39,Medium,Yes,No,No,No
P03052,61,Female,30.0,110,102,112,Low,No,No,No,No
P03053,73,Female,21.6,113,130,20,Medium,Yes,No,No,No
P03054,62,Male,32.6,145,137,75,Low,No,Yes,Yes,No
P03055,59,Male,25.2,150,181,89,Low,No,No,Yes,Yes
P03056,64,Male,31.2,145,116,31,High,No,No,Yes,No
P03057,76,Female,19.6,110,121,134,High,Yes,No,No,No
P03058,30,Female,31.1,123,178,64,High,No,No,No,No
P03059,72,Female,33.8,117,166,180,High,Yes,No,No,No
P03060,39,Male,20.6,129,76,123,Medium,No,No,No,No
P03061,71,Female,26.4,139,176,94,High,No,Yes,No,Yes
P03062,38,Female,28.7,116,69,138,Low,No,No,No,No
P03063,39,Female,28.9,107,141,29,High,No,Yes,No,No
P03064,45,Female,25.3,153,151,113,High,Yes,No,Yes,No
P03065,26,Female,24.4,144,132,48,Medium,No,Yes,Yes,Yes
P03066,43,Male,28.3,131,112,141,Medium,No,No,No,No
P03067,26,Male,28.8,106,109,84,Low,Yes,Yes,No,No
P03068,32,Male,23.9,141,65,20,High,Yes,No,Yes,No
P03069,27,Male,22.9,122,130,43,Medium,No,Yes,No,No
P03070,41,Female,33.1,85,126,105,Medium,No,No,No,No
P03071,75,Male,27.5,116,178,120,Medium,No,No,No,No
P03072,74,Male,16.0,133,115,34,High,No,No,No,Yes
P03073,78,Male,33.1,121,107,21,Low,Yes,Yes,No,Yes
P03074,59,Female,24.0,134,107,85,Low,No,Yes,No,No
P03075,25,Male,27.3,133,96,177,Low,No,Yes,No,No
P03076,41,Female,28.9,105,109,80,Medium,No,No,No,No
P03077,33,Female,19.6,137,89,114,Medium,No,Yes,No,No
P03078,66,Female,25.6,139,146,20,Medium,No,No,No,No
P03079,43,Male,33.6,124,139,226,Low,No,No,No,No
P03080,44,Female,32.4,125,74,55,Medium,No,No,No,No
P03081,54,Male,25.5,125,128,109,Low,No,No,No,No
P03082,21,Male,30.6,152,164,21,High,No,No,Yes,No
P03083,67,Male,31.2,132,162,123,High,No,No,No,No
P03084,41,Female,31.0,127,89,78,Low,Yes,No,No,No
P03085,36,Female,21.3,133,172,115,Low,Yes,No,No,No
P03086,53,Male,35.2,133,106,91,Medium,No,No,No,No
P03087,77,Female,24.7,123,126,126,Low,No,Yes,No,No
P03088,56,Female,27.5,101,113,152,Medium,Yes,No,No,No
P03089,27,Female,25.2,127,83,41,Low,Yes,No,No,No
P03090,42,Male,28.1,136,98,179,Medium,No,No,No,No
P03091,35,Female,22.7,130,169,72,Medium,No,Yes,No,No
P03092,36,Female,25.9,116,170,125,Medium,Yes,Yes,No,No
P03093,53,Male,27.9,121,149,65,Medium,No,Yes,No,No
P03094,27,Female,33.1,143,117,110,Low,No,No,Yes,Yes
P03095,50,Male,32.5,95,188,88,High,No,Yes,No,No
P03096,72,Female,32.8,112,160,194,Low,No,No,No,No
P03097,67,Female,31.3,127,121,69,Low,No,No,No,No
P03098,22,Female,36.2,144,65,177,Medium,No,No,Yes,No
P03099,64,Female,25.5,158,155,59,High,No,No,Yes,No
P03100,66,Female,26.2,141,168,177,Low,No,No,Yes,No
P03101,52,Female,26.0,114,140,149,Medium,No,No,No,No
P03102,61,Male,26.7,93,65,88,Medium,No,Yes,No,No
P03103,51,Female,19.8,159,132,97,Low,No,Yes,Yes,No
P03104,50,Female,28.3,110,201,112,High,No,No,No,No
P03105,72,Female,29.5,128,120,105,Medium,No,No,No,No
P03106,38,Male,25.7,123,194,123,Low,No,No,No,No
P03107,34,Male,18.2,124,150,110,Low,Yes,No,No,No
P03108,39,Male,27.1,104,127,60,Low,No,Yes,No,No
P03109,65,Female,20.5,157,174,81,High,No,Yes,Yes,Yes
P03110,54,Female,29.1,109,104,117,Medium,Yes,No,No,No
P03111,32,Male,27.6,128,82,56,High,No,Yes,No,No
P03112,52,Male,28.1,117,82,81,Medium,No,No,No,No
P03113,45,Male,21.7,136,132,129,Low,No,Yes,No,No
P03114,24,Female,33.3,121,141,116,Low,No,Yes,No,No
P03115,49,Male,27.9,119,101,92,Medium,No,No,No,No
P03116,28,Female,22.4,145,168,151,Low,No,No,Yes,No
P03117,27,Female,29.9,119,128,149,Low,No,Yes,No,No
P03118,26,Female,27.5,150,154,78,Low,Yes,No,Yes,No
P03119,31,Male,36.2,103,101,135,Medium,Yes,Yes,No,No
P03120,30,Female,24.2,121,119,65,Low,No,No,No,No
P03121,78,Male,20.8,110,65,117,High,No,No,No,No
P03122,74,Male,28.4,126,115,116,Medium,No,No,No,No
P03123,79,Male,32.1,100,133,105,Low,No,Yes,No,No
P03124,42,Male,38.6,136,105,93,Medium,No,No,No,No
P03125,19,Female,44.1,138,123,107,Medium,No,No,No,No
P03126,52,Female,19.2,152,133,104,Medium,No,No,Yes,No
P03127,24,Female,26.3,140,106,20,Low,No,Yes,Yes,No
P03128,38,Female,20.8,140,116,167,Low,No,No,Yes,No
P03129,35,Male,25.8,137,99,133,Medium,Yes,No,No,No
P03130,20,Male,39.4,121,92,84,Low,No,Yes,No,No
P03131,59,Male,22.9,154,168,148,Medium,No,Yes,Yes,Yes
P03132,71,Male,26.9,135,75,81,Low,No,Yes,No,Yes
P03133,78,Female,24.1,170,155,20,Medium,No,No,Yes,Yes
P03134,56,Male,22.0,157,77,120,Medium,No,No,Yes,No
P03135,58,Female,36.0,131,178,33,Low,No,No,No,No
P03136,66,Male,19.3,132,145,45,Low,No,No,No,No
P03137,28,Male,26.6,140,112,56,Low,No,No,Yes,No
P03138,56,Male,27.4,154,158,109,Medium,No,No,Yes,Yes
P03139,41,Male,26.8,97,163,112,Medium,Yes,No,No,No
P03140,77,Female,25.4,149,145,153,Medium,Yes,No,Yes,No
P03141,63,Female,35.1,132,142,50,Medium,Yes,Yes,No,No
P03142,36,Female,16.4,144,133,72,High,No,No,Yes,No
P03143,21,Female,29.2,112,175,163,Medium,No,Yes,No,No
P03144,43,Male,29.4,111,124,128,Medium,Yes,No,No,No
P03145,55,Male,28.4,131,129,119,Medium,No,No,No,No
P03146,59,Female,22.8,143,155,103,Medium,No,No,Yes,Yes
P03147,49,Female,33.0,103,114,123,Medium,No,No,No,No
P03148,56,Male,32.8,118,164,106,Low,No,No,No,Yes
P03149,62,Male,22.7,103,156,109,Medium,Yes,No,No,No
P03150,63,Female,21.0,133,225,126,Low,No,Yes,No,Yes
P03151,53,Female,20.0,161,121,64,Medium,No,Yes,Yes,No
P03152,57,Female,28.1,119,146,113,High,No,No,No,No
P03153,54,Male,27.2,139,141,20,Medium,No,Yes,No,Yes
P03154,50,Female,25.2,127,153,105,High,Yes,No,No,No
P03155,53,Female,37.4,132,123,82,Medium,No,Yes,No,No
P03156,20,Female,24.7,114,141,142,Medium,No,No,No,No
P03157,26,Female,27.9,137,130,42,Low,No,No,No,No
P03158,25,Female,26.0,121,155,114,Low,Yes,Yes,No,No
P03159,50,Male,36.8,157,65,133,Medium,No,Yes,Yes,No
P03160,76,Female,17.1,116,117,138,High,No,Yes,No,No
P03161,23,Male,25.5,143,199,76,Medium,Yes,No,Yes,Yes
P03162,58,Female,30.1,161,179,89,Medium,Yes,No,Yes,Yes
P03163,56,Female,25.9,146,136,124,Medium,No,Yes,Yes,Yes
P03164,21,Female,20.5,109,146,53,High,No,No,No,No
P03165,30,Male,27.9,107,143,85,Medium,No,Yes,No,No
P03166,66,Male,18.9,133,147,66,Medium,No,No,No,No
P03167,77,Male,30.4,126,94,24,Low,No,No,No,No
P03168,19,Female,24.9,134,102,171,High,No,No,No,No
P03169,77,Female,24.1,147,102,106,Low,No,No,Yes,No
P03170,22,Male,32.2,127,109,58,Medium,No,No,No,No
P03171,61,Male,22.0,114,180,20,Low,No,No,No,Yes
P03172,44,Female,19.3,129,84,119,Low,No,Yes,No,No
P03173,49,Male,22.4,152,194,35,Low,No,No,Yes,Yes
P03174,38,Female,37.2,126,139,75,Low,Yes,Yes,No,No
P03175,25,Male,22.0,164,84,103,Medium,No,No,Yes,No
P03176,55,Male,28.8,141,105,49,High,No,No,Yes,No
P03177,25,Male,31.2,139,140,179,High,No,No,No,No
P03178,67,Female,22.3,115,80,59,Low,Yes,Yes,No,No
P03179,20,Female,22.3,123,113,49,Low,No,No,No,No
P03180,71,Male,27.9,134,85,115,Medium,No,No,No,No
P03181,61,Female,28.1,124,147,89,Low,No,No,No,No
P03182,78,Female,33.7,148,86,192,High,Yes,No,Yes,No
P03183,75,Female,23.2,129,72,168,High,Yes,No,No,No
P03184,20,Female,25.1,114,176,173,Medium,No,No,No,No
P03185,39,Male,41.2,131,114,130,Medium,No,Yes,No,No
P03186,23,Female,18.0,119,111,135,High,No,No,No,No
P03187,19,Female,17.0,138,141,88,Medium,No,No,No,No
P03188,40,Male,20.1,117,124,135,High,No,No,No,No
P03189,61,Female,32.5,159,96,75,High,No,No,Yes,No
P03190,19,Female,24.8,99,104,99,Low,No,Yes,No,No
P03191,55,Female,24.8,120,150,42,High,No,Yes,No,No
P03192,34,Male,22.2,129,91,85,Low,Yes,No,No,No
P03193,52,Male,31.6,117,124,130,Medium,No,No,No,No
P03194,51,Female,20.2,86,183,154,Low,No,No,No,No
P03195,40,Female,24.1,161,115,125,Low,No,No,Yes,No
P03196,47,Male,22.4,140,168,167,Medium,Yes,Yes,Yes,No
P03197,69,Male,16.0,104,90,41,High,No,No,No,No
P03198,25,Male,24.6,107,131,129,Low,No,No,No,No
P03199,39,Female,26.7,100,169,65,Medium,Yes,Yes,No,No
P03200,61,Female,23.1,124,105,124,Medium,Yes,Yes,No,No
P03201,75,Male,25.7,153,192,68,High,No,Yes,Yes,Yes
P03202,53,Female,25.8,122,123,79,Medium,No,Yes,No,No
P03203,22,Female,26.3,119,84,143,High,No,Yes,No,No
P03204,30,Female,21.7,144,160,116,High,Yes,No,Yes,No
P03205,46,Female,21.4,133,180,67,High,No,No,No,No
P03206,48,Female,27.2,126,81,37,Medium,No,No,No,No
P03207,64,Female,19.6,140,140,66,Low,No,No,Yes,Yes
P03208,74,Female,25.9,95,101,102,Medium,No,No,No,No
P03209,72,Male,35.2,135,89,50,Medium,No,Yes,No,Yes
P03210,33,Male,26.8,150,94,116,High,No,No,Yes,No
P03211,59,Male,17.9,105,132,56,Medium,No,Yes,No,No
P03212,79,Male,27.9,120,170,96,Medium,No,Yes,No,No
P03213,47,Male,31.1,92,123,120,Low,No,No,No,No
P03214,74,Male,23.0,119,140,83,Medium,No,Yes,No,Yes
P03215,72,Male,25.5,115,106,153,Medium,Yes,No,No,No
P03216,33,Male,22.6,158,121,122,Low,Yes,Yes,Yes,Yes
P03217,29,Male,24.7,119,95,63,Medium,Yes,No,No,No
P03218,34,Female,23.7,132,65,54,Low,No,No,No,No
P03219,33,Female,29.2,151,107,175,High,No,No,Yes,No
P03220,29,Male,35.3,88,165,154,Low,Yes,Yes,No,No
P03221,25,Female,27.3,129,65,89,Medium,No,Yes,No,No
P03222,37,Female,19.3,107,164,118,Medium,No,No,No,No
P03223,20,Male,39.6,107,137,92,High,No,No,No,No
P03224,33,Male,29.9,111,120,134,High,No,No,No,No
P03225,47,Male,30.9,118,107,112,Medium,No,No,No,No
P03226,62,Female,26.7,108,142,20,Medium,No,No,No,No
P03227,40,Female,28.2,119,174,156,Medium,Yes,No,No,No
P03228,45,Male,25.3,144,134,166,Low,No,No,Yes,No
P03229,68,Female,31.5,136,118,84,Low,No,No,No,No
P03230,57,Female,24.6,176,219,119,High,No,No,Yes,Yes
P03231,71,Female,29.4,130,128,154,Medium,Yes,No,No,No
P03232,22,Male,31.8,138,68,258,High,No,Yes,No,No
P03233,37,Female,33.2,149,136,129,High,No,No,Yes,No
P03234,57,Female,32.2,106,104,121,Low,No,No,No,No
P03235,73,Female,21.9,149,113,144,Low,No,No,Yes,Yes
P03236,61,Female,34.9,109,170,148,Medium,No,Yes,No,No
P03237,18,Female,30.3,134,156,129,High,No,No,No,No
P03238,74,Female,28.5,143,65,47,High,No,No,Yes,No
P03239,47,Female,29.1,92,65,113,Medium,Yes,Yes,No,No
P03240,38,Male,26.2,119,130,118,High,No,No,No,No
P03241,37,Male,24.7,125,159,39,Low,Yes,No,No,No
P03242,23,Female,25.2,106,65,134,Medium,No,No,No,No
P03243,39,Male,33.4,132,159,54,Low,No,No,No,Yes
P03244,35,Female,27.4,156,211,164,Low,No,Yes,Yes,Yes
P03245,25,Female,28.4,108,167,69,Low,Yes,No,No,No
P03246,56,Female,27.3,147,97,147,Low,No,No,Yes,No
P03247,49,Male,23.7,135,147,74,Low,Yes,Yes,No,No
P03248,50,Female,16.3,102,133,162,Low,No,No,No,No
P03249,70,Female,30.8,118,187,167,Low,No,Yes,No,Yes
P03250,33,Male,30.3,131,165,130,Low,Yes,No,No,No
P03251,29,Male,26.9,154,94,77,Medium,No,No,Yes,No
P03252,55,Female,21.5,140,146,124,Low,No,Yes,Yes,Yes
P03253,69,Male,36.1,114,96,72,Medium,No,No,No,No
P03254,51,Male,25.3,133,161,54,Low,No,No,No,No
P03255,78,Female,28.2,85,116,82,Medium,No,No,No,No
P03256,31,Female,23.5,142,124,103,Medium,No,No,Yes,No
P03257,53,Female,20.3,112,131,76,Medium,No,No,No,No
P03258,50,Male,29.9,107,106,93,Medium,Yes,No,No,No
P03259,40,Male,19.5,120,129,80,Low,Yes,Yes,No,Yes
P03260,67,Male,28.1,103,141,106,High,Yes,Yes,No,No
P03261,62,Female,28.2,122,115,95,High,Yes,No,No,No
P03262,19,Male,21.4,145,133,37,Low,No,No,Yes,No
P03263,58,Male,20.5,90,99,103,High,No,No,No,No
P03264,38,Female,23.1,125,82,69,Medium,No,No,No,No
P03265,19,Female,23.9,123,124,64,Medium,Yes,No,No,No
P03266,44,Female,19.4,135,161,64,Medium,No,No,No,No
P03267,74,Male,21.4,123,159,113,Medium,No,Yes,No,No
P03268,26,Female,27.4,143,157,123,Low,No,Yes,Yes,No
P03269,18,Male,36.9,151,160,111,Low,No,Yes,Yes,Yes
P03270,28,Male,32.0,145,131,138,Low,No,No,Yes,Yes
P03271,20,Female,27.8,113,106,105,High,No,No,No,No
P03272,69,Female,32.6,161,116,111,Low,No,No,Yes,Yes
P03273,79,Female,32.8,105,121,67,Medium,No,No,No,No
P03274,40,Female,25.5,139,102,127,Medium,No,Yes,No,No
P03275,43,Female,28.3,147,146,99,Medium,No,No,Yes,Yes
P03276,21,Male,31.9,164,104,133,Medium,No,No,Yes,No
P03277,35,Male,32.6,144,65,101,Low,No,No,Yes,No
P03278,72,Male,32.6,112,162,105,Low,Yes,No,No,Yes
P03279,23,Female,21.9,143,143,69,Low,Yes,No,Yes,Yes
P03280,52,Male,32.9,124,65,98,Low,No,No,No,No
P03281,39,Female,36.3,146,102,196,Medium,No,No,Yes,No
P03282,60,Female,34.5,130,122,22,Low,No,Yes,No,No
P03283,32,Male,21.6,152,125,85,Low,No,Yes,Yes,No
P03284,39,Male,20.3,127,199,140,Low,No,Yes,No,Yes
P03285,77,Female,29.3,143,91,73,Medium,No,No,Yes,No
P03286,54,Male,34.4,115,89,110,Low,No,Yes,No,No
P03287,69,Female,28.1,147,170,101,Low,No,No,Yes,No
P03288,59,Male,25.8,88,119,143,High,No,No,No,No
P03289,29,Male,26.5,139,166,94,Low,Yes,Yes,No,Yes
P03290,64,Male,32.1,133,116,31,Low,No,No,No,No
P03291,66,Male,25.4,129,168,181,Medium,No,No,No,No
P03292,59,Male,29.4,87,115,99,Medium,Yes,No,No,No
P03293,55,Female,26.3,117,121,112,High,No,No,No,No
P03294,35,Male,22.6,148,89,85,High,No,Yes,Yes,No
P03295,62,Male,22.2,111,185,112,Medium,No,No,No,No
P03296,52,Male,29.6,100,99,149,Low,No,No,No,No
P03297,47,Female,16.0,107,80,98,Medium,No,No,No,No
P03298,41,Female,29.4,148,182,70,Low,No,No,Yes,Yes
P03299,59,Female,26.1,134,148,46,High,No,Yes,No,No
P03300,47,Female,31.7,152,180,158,Medium,No,No,Yes,Yes
P03301,31,Female,30.0,139,100,85,Medium,No,Yes,No,No
P03302,23,Male,27.2,111,146,130,Medium,No,No,No,No
P03303,20,Male,21.7,159,174,136,Medium,No,Yes,Yes,No
P03304,33,Male,21.9,115,85,95,Medium,No,No,No,No
P03305,24,Female,23.8,111,136,101,Low,No,No,No,No
P03306,69,Female,31.3,131,109,106,Medium,Yes,No,No,No
P03307,31,Male,35.8,134,111,141,High,No,Yes,No,No
P03308,26,Female,28.6,141,96,68,Low,No,Yes,Yes,No
P03309,32,Female,24.1,120,140,96,High,No,No,No,No
P03310,38,Female,24.6,152,117,118,High,Yes,No,Yes,No
P03311,52,Male,24.8,114,93,119,High,No,No,No,No
P03312,19,Male,32.2,106,175,133,High,Yes,Yes,No,No
P03313,44,Female,24.7,91,127,45,High,No,No,No,No
P03314,19,Female,26.8,122,70,90,Low,Yes,No,No,No
P03315,52,Female,33.7,141,101,123,Medium,No,Yes,Yes,Yes
P03316,35,Female,24.2,139,73,46,Medium,No,No,No,No
P03317,31,Male,29.8,132,103,184,Low,No,Yes,No,No
P03318,37,Female,31.5,117,137,35,High,No,No,No,No
P03319,35,Male,27.3,148,147,54,Medium,No,No,Yes,No
P03320,27,Male,36.8,127,155,73,Medium,Yes,No,No,No
P03321,42,Male,35.3,133,103,68,High,No,No,No,No
P03322,19,Female,28.3,105,113,128,Low,No,Yes,No,No
P03323,42,Male,23.0,92,140,109,Low,No,Yes,No,No
P03324,78,Male,23.2,141,155,65,Low,Yes,No,Yes,No
P03325,71,Female,28.1,171,120,198,Low,No,No,Yes,Yes
P03326,50,Female,21.5,134,147,139,Low,No,No,No,No
P03327,53,Female,28.3,141,105,117,Medium,No,No,Yes,No
P03328,48,Male,35.4,141,65,137,Low,Yes,No,Yes,No
P03329,31,Female,27.3,127,157,123,High,No,Yes,No,No
P03330,18,Male,26.9,98,145,114,High,No,Yes,No,No
P03331,63,Male,31.3,139,122,128,Low,No,No,No,Yes
P03332,33,Female,29.6,153,131,103,High,No,Yes,Yes,No
P03333,71,Male,21.3,136,165,135,Low,Yes,No,No,Yes
P03334,63,Male,24.7,122,125,109,Low,No,Yes,No,No
P03335,78,Male,36.5,134,65,93,Medium,No,No,No,No
P03336,69,Male,28.6,125,65,178,High,No,No,No,No
P03337,20,Female,22.0,150,172,109,High,Yes,Yes,Yes,No
P03338,52,Male,26.0,130,146,94,Medium,No,No,No,No
P03339,58,Female,18.1,140,165,66,Medium,No,No,Yes,No
P03340,23,Male,17.7,147,177,60,Medium,No,No,Yes,No
P03341,42,Male,31.9,140,175,107,Medium,No,Yes,Yes,No
P03342,30,Female,27.0,128,76,89,Medium,Yes,Yes,No,No
P03343,70,Male,29.6,100,118,72,Low,Yes,No,No,No
P03344,51,Male,32.8,135,94,163,Low,No,Yes,No,No
P03345,25,Male,28.7,144,131,152,High,No,No,Yes,No
P03346,38,Male,30.7,98,78,60,Medium,No,Yes,No,No
P03347,51,Male,28.3,134,127,90,Low,No,Yes,No,Yes
P03348,21,Male,33.4,127,65,32,High,Yes,Yes,No,No
P03349,42,Female,35.9,86,113,83,High,No,Yes,No,No
P03350,32,Female,28.0,133,176,74,High,Yes,No,No,No
P03351,21,Female,27.8,152,101,98,Low,Yes,Yes,Yes,No
P03352,62,Male,28.6,127,101,65,Medium,No,No,No,No
P03353,77,Male,26.5,89,129,25,High,No,No,No,No
P03354,29,Male,25.0,133,131,80,Medium,No,Yes,No,No
P03355,49,Female,32.2,147,136,162,Medium,No,No,Yes,No
P03356,49,Male,25.0,111,97,76,Low,No,No,No,No
P03357,45,Female,24.7,122,104,192,Medium,No,No,No,No
P03358,30,Male,31.5,120,127,67,Medium,Yes,Yes,No,No
P03359,48,Male,31.9,128,159,109,Medium,No,No,No,No
P03360,31,Male,38.7,120,99,120,Medium,No,Yes,No,No
P03361,37,Female,33.1,151,118,58,Low,No,Yes,Yes,No
P03362,35,Male,31.1,150,65,31,Medium,No,No,Yes,No
P03363,46,Female,31.9,115,110,154,Medium,Yes,Yes,No,No
P03364,77,Male,26.3,151,132,154,Medium,No,No,Yes,No
P03365,80,Male,29.8,97,155,168,Low,Yes,No,No,Yes
P03366,23,Female,30.0,112,97,68,Medium,No,No,No,No
P03367,49,Male,24.3,137,131,122,Low,No,No,No,No
P03368,46,Male,26.8,128,135,107,Medium,No,Yes,No,No
P03369,60,Male,31.8,129,65,101,Low,No,No,No,No
P03370,79,Male,26.9,133,81,88,Medium,No,No,No,No
P03371,19,Female,30.1,118,143,140,High,No,No,No,No
P03372,77,Female,31.5,149,127,223,High,Yes,No,Yes,Yes
P03373,40,Male,31.3,139,128,117,High,Yes,No,No,No
P03374,36,Male,35.7,124,92,113,Medium,Yes,No,No,No
P03375,48,Female,24.1,143,74,75,Low,Yes,No,Yes,No
P03376,68,Male,35.2,135,142,135,High,No,No,No,No
P03377,22,Female,29.4,122,131,20,Medium,Yes,No,No,No
P03378,36,Male,31.2,121,65,90,Medium,Yes,No,No,No
P03379,51,Female,30.5,106,122,121,Low,Yes,No,No,No
P03380,27,Female,30.2,115,187,116,Low,No,No,No,No
P03381,42,Female,23.8,123,146,101,Low,No,No,No,No
P03382,19,Female,31.0,128,94,22,Medium,No,No,No,No
P03383,79,Male,19.8,110,131,172,High,No,No,No,No
P03384,28,Male,37.5,127,118,115,Medium,No,No,No,No
P03385,67,Female,28.9,117,183,104,Medium,No,Yes,No,No
P03386,78,Female,32.8,114,86,162,Medium,No,Yes,No,No
P03387,48,Female,30.4,136,170,159,Low,No,Yes,No,Yes
P03388,73,Female,27.2,129,83,95,Low,No,No,No,No
P03389,32,Male,24.3,124,137,93,High,No,No,No,No
P03390,26,Female,23.3,136,148,126,High,No,Yes,No,No
P03391,40,Female,30.9,103,165,161,Medium,No,No,No,No
P03392,36,Female,30.6,105,152,149,Low,No,Yes,No,No
P03393,26,Female,29.8,119,72,62,Low,Yes,No,No,No
P03394,52,Female,26.4,123,125,56,High,No,Yes,No,No
P03395,38,Female,29.1,139,143,66,Low,No,No,No,Yes
P03396,26,Female,24.9,114,163,130,Medium,No,Yes,No,No
P03397,45,Male,23.6,114,85,88,Medium,No,Yes,No,No
P03398,79,Female,25.6,145,92,127,Medium,No,No,Yes,No
P03399,63,Female,25.8,106,74,47,Low,No,Yes,No,No
P03400,68,Female,34.3,143,125,68,Low,Yes,Yes,Yes,Yes
P03401,24,Male,20.2,125,134,127,Low,No,Yes,No,No
P03402,33,Male,26.8,111,137,35,Medium,Yes,Yes,No,No
P03403,33,Male,30.2,105,116,185,Medium,No,No,No,No
P03404,77,Female,36.9,122,121,155,High,No,No,No,No
P03405,50,Female,24.0,137,121,167,Medium,Yes,Yes,No,No
P03406,21,Female,21.4,125,117,140,Medium,No,Yes,No,No
P03407,21,Male,30.6,142,65,21,Medium,No,Yes,Yes,No
P03408,56,Female,27.8,141,92,156,Medium,Yes,No,Yes,No
P03409,57,Male,25.9,139,144,138,High,No,Yes,No,No
P03410,34,Male,29.2,140,109,90,Medium,No,No,Yes,No
P03411,54,Male,31.3,115,107,85,Medium,No,No,No,No
P03412,56,Male,30.7,139,169,140,High,No,No,No,No
P03413,77,Male,28.5,163,163,34,Medium,No,No,Yes,Yes
P03414,69,Female,33.6,143,99,146,Low,No,Yes,Yes,Yes
P03415,46,Female,28.0,118,177,76,Low,No,No,No,No
P03416,69,Male,27.2,115,118,112,Medium,No,No,No,No
P03417,53,Female,30.6,127,153,114,Medium,Yes,Yes,No,Yes
P03418,77,Female,20.7,139,124,44,High,No,Yes,No,Yes
P03419,55,Male,30.1,128,103,32,Low,Yes,No,No,No
P03420,56,Male,25.5,105,153,116,Low,Yes,Yes,No,Yes
P03421,67,Female,20.4,139,93,103,Low,No,No,No,No
P03422,80,Female,29.1,142,119,118,High,No,No,Yes,No
P03423,54,Female,24.7,109,125,59,Low,No,Yes,No,No
P03424,69,Female,18.9,142,112,144,High,No,No,Yes,No
P03425,80,Male,22.6,127,77,160,Medium,No,No,No,No
P03426,79,Female,35.4,134,143,93,Low,No,No,No,No
P03427,78,Male,24.2,134,157,53,Low,No,Yes,No,Yes
P03428,52,Male,28.6,130,131,80,Low,No,No,No,No
P03429,24,Female,21.6,118,98,118,Low,No,No,No,No
P03430,44,Female,37.5,134,201,125,High,No,No,No,Yes
P03431,45,Female,27.3,126,117,193,Medium,No,No,No,No
P03432,39,Male,23.6,131,116,142,Low,Yes,No,No,No
P03433,31,Male,31.4,120,65,94,Medium,No,Yes,No,No
P03434,24,Male,37.3,132,82,129,High,Yes,Yes,No,No
P03435,54,Male,25.0,125,166,120,Medium,No,No,No,No
P03436,78,Female,23.5,107,240,107,Medium,Yes,Yes,No,Yes
P03437,39,Male,38.5,135,170,180,Medium,No,No,No,No
P03438,22,Male,26.4,144,89,77,Low,Yes,No,Yes,No
P03439,79,Female,25.8,132,142,132,High,No,No,No,No
P03440,72,Male,16.3,122,111,131,Medium,No,Yes,No,No
P03441,19,Male,26.8,132,112,187,Low,No,No,No,No
P03442,79,Female,20.2,113,79,20,High,No,No,No,No
P03443,44,Male,24.2,139,143,160,Medium,Yes,No,No,No
P03444,38,Male,16.9,141,81,55,Low,No,No,Yes,No
P03445,71,Male,33.2,125,65,36,Low,No,No,No,No
P03446,55,Male,19.7,127,111,62,Medium,No,No,No,No
P03447,32,Female,17.3,107,65,38,Medium,Yes,No,No,No
P03448,38,Male,22.5,136,97,158,Low,No,No,No,No
P03449,27,Female,33.2,121,146,178,Medium,No,No,No,No
P03450,40,Male,24.8,85,165,73,Low,No,No,No,No
P03451,75,Female,25.4,127,147,96,Low,No,No,No,No
P03452,73,Female,29.4,123,117,156,High,No,Yes,No,No
P03453,56,Female,26.2,107,106,180,Low,No,No,No,No
P03454,22,Male,33.2,143,93,112,Medium,No,No,Yes,No
P03455,18,Male,25.8,118,177,85,Low,Yes,No,No,No
P03456,30,Male,25.9,112,81,41,Low,No,No,No,No
P03457,38,Female,38.3,145,129,51,Low,No,No,Yes,Yes
P03458,43,Male,27.3,133,146,178,Medium,No,Yes,No,No
P03459,67,Male,28.2,108,65,52,Low,No,Yes,No,No
P03460,62,Male,25.9,125,65,123,Low,No,Yes,No,No
P03461,38,Male,16.0,111,146,94,Medium,No,Yes,No,No
P03462,70,Female,31.4,103,74,89,Low,Yes,No,No,No
P03463,35,Female,35.3,101,136,35,Medium,No,Yes,No,No
P03464,54,Male,33.3,138,94,95,Medium,No,No,No,No
P03465,62,Male,24.2,111,134,178,High,Yes,Yes,No,No
P03466,49,Male,26.1,108,139,104,Medium,Yes,No,No,No
P03467,53,Female,28.7,121,160,130,Medium,No,No,No,No
P03468,34,Male,28.6,172,141,39,Medium,No,No,Yes,Yes
P03469,52,Female,30.4,134,133,100,Medium,No,Yes,No,No
P03470,66,Female,28.0,140,186,97,Medium,Yes,Yes,Yes,Yes
P03471,77,Male,25.2,108,91,100,Medium,No,No,No,No
P03472,28,Male,27.7,133,127,124,Medium,No,Yes,No,Yes
P03473,80,Male,32.0,125,157,116,Medium,No,Yes,No,No
P03474,38,Female,41.6,113,65,61,Low,No,Yes,No,No
P03475,69,Female,24.5,121,178,72,Low,No,Yes,No,Yes
P03476,72,Male,28.1,114,119,105,Low,No,No,No,No
P03477,70,Female,25.2,128,140,200,Medium,No,No,No,No
P03478,43,Male,28.5,121,108,71,Medium,Yes,Yes,No,No
P03479,79,Male,31.9,114,140,84,High,Yes,No,No,No
P03480,21,Female,26.0,121,134,90,High,No,No,No,No
P03481,51,Female,16.8,141,86,120,Medium,No,No,Yes,No
P03482,69,Female,32.1,105,110,148,Medium,Yes,No,No,No
P03483,65,Female,27.7,115,143,122,Low,No,No,No,No
P03484,77,Male,25.3,131,176,58,Low,No,No,No,No
P03485,35,Male,24.2,114,112,133,Low,No,No,No,No
P03486,57,Male,28.6,148,80,173,High,No,Yes,Yes,No
P03487,52,Female,23.5,146,137,107,Medium,No,Yes,Yes,No
P03488,58,Male,24.1,147,114,93,Low,No,Yes,Yes,Yes
P03489,46,Female,20.8,137,153,184,Low,No,No,No,No
P03490,69,Female,23.6,143,99,46,Medium,No,No,Yes,No
P03491,46,Female,30.2,125,77,111,Medium,Yes,No,No,No
P03492,55,Male,20.1,115,180,121,Medium,No,No,No,No
P03493,59,Female,32.8,116,108,118,High,Yes,No,No,No
P03494,38,Female,21.1,97,93,134,Medium,No,No,No,No
P03495,59,Female,27.7,119,101,52,Low,No,No,No,No
P03496,30,Female,29.4,120,174,93,Medium,No,No,No,No
P03497,66,Female,31.1,122,205,88,Medium,No,No,No,No
P03498,58,Female,31.1,170,97,55,Medium,No,Yes,Yes,No
P03499,34,Female,26.6,112,118,40,Low,Yes,No,No,No
P03500,73,Female,26.1,121,136,162,Medium,No,No,No,No
P03501,26,Female,30.0,164,65,112,Medium,Yes,No,Yes,No
P03502,58,Female,28.4,113,107,63,High,No,No,No,No
P03503,18,Female,25.3,106,191,63,Medium,Yes,No,No,No
P03504,19,Female,28.9,122,114,103,High,Yes,No,No,No
P03505,77,Male,26.2,113,169,146,High,Yes,Yes,No,No
P03506,65,Male,24.0,145,123,65,Medium,No,No,Yes,Yes
P03507,46,Female,25.1,128,65,130,Low,Yes,Yes,No,No
P03508,50,Female,29.4,105,160,170,Low,No,Yes,No,No
P03509,27,Female,22.4,131,113,129,Medium,No,Yes,No,No
P03510,67,Male,32.5,128,175,69,High,No,No,No,No
P03511,75,Male,24.2,100,132,100,Medium,No,Yes,No,No
P03512,77,Male,16.0,133,125,91,Low,No,Yes,No,Yes
P03513,57,Female,29.8,134,141,84,Medium,No,No,No,No
P03514,38,Female,16.0,101,138,104,High,Yes,No,No,No
P03515,45,Female,21.9,103,65,82,Low,No,No,No,No
P03516,28,Female,39.1,119,162,63,Low,No,No,No,No
P03517,72,Male,32.3,114,124,126,Low,No,No,No,No
P03518,51,Female,31.9,136,126,147,Medium,Yes,No,No,No
P03519,25,Male,21.4,117,140,151,High,No,No,No,No
P03520,76,Male,26.1,122,157,59,Medium,No,No,No,Yes
P03521,39,Female,33.2,106,162,150,High,Yes,No,No,No
P03522,25,Male,30.2,142,148,177,Medium,Yes,Yes,Yes,Yes
P03523,66,Male,32.7,111,65,58,Medium,No,No,No,No
P03524,32,Male,35.9,106,123,65,Medium,No,No,No,No
P03525,34,Male,30.3,126,92,48,Low,No,Yes,No,No
P03526,77,Female,20.8,144,131,56,High,No,No,Yes,No
P03527,40,Female,30.0,133,118,169,Medium,No,No,No,No
P03528,41,Male,25.8,115,196,64,High,No,No,No,No
P03529,62,Female,20.5,118,77,137,High,No,Yes,No,No
P03530,36,Male,31.5,101,125,36,High,No,No,No,No
P03531,22,Female,33.0,160,129,44,Low,No,No,Yes,No
P03532,49,Female,26.5,153,109,69,High,Yes,No,Yes,No
P03533,61,Female,28.6,130,124,131,Low,No,No,No,No
P03534,18,Female,16.6,125,200,96,Medium,No,Yes,No,No
P03535,40,Female,32.6,105,138,102,Medium,No,Yes,No,No
P03536,54,Male,31.0,122,178,70,Low,Yes,No,No,Yes
P03537,25,Female,28.3,141,109,80,Low,Yes,Yes,Yes,No
P03538,30,Male,20.7,138,152,53,Medium,No,No,No,No
P03539,25,Male,18.8,117,97,136,High,No,No,No,No
P03540,74,Female,37.1,139,94,121,Medium,Yes,Yes,No,No
P03541,40,Male,22.0,146,65,91,High,No,Yes,Yes,No
P03542,60,Female,27.7,126,88,90,Low,Yes,No,No,No
P03543,18,Male,22.2,143,127,117,Medium,No,Yes,Yes,No
P03544,62,Male,16.0,155,179,148,High,No,No,Yes,Yes
P03545,68,Female,29.2,159,121,76,Medium,No,No,Yes,No
P03546,41,Female,30.0,114,133,135,Medium,Yes,Yes,No,No
P03547,52,Female,18.7,133,165,76,Low,No,No,No,No
P03548,41,Female,32.5,138,114,95,High,No,Yes,No,No
P03549,34,Male,24.4,125,91,96,High,No,Yes,No,No
P03550,22,Female,21.6,147,95,155,Medium,No,Yes,Yes,No
P03551,37,Male,21.3,126,164,83,Medium,No,No,No,No
P03552,38,Male,31.4,122,130,20,High,No,No,No,No
P03553,57,Male,17.4,101,130,61,Medium,No,Yes,No,No
P03554,75,Male,20.8,95,94,193,High,Yes,Yes,No,Yes
P03555,48,Male,29.2,119,172,31,Medium,No,No,No,No
P03556,63,Male,28.5,85,190,20,Medium,No,No,No,No
P03557,53,Female,21.9,147,131,141,Medium,No,No,Yes,No
P03558,28,Male,33.4,141,157,136,Low,Yes,No,Yes,No
P03559,69,Male,21.4,137,102,89,Low,No,No,No,No
P03560,32,Male,26.0,145,170,129,Medium,Yes,No,Yes,Yes
P03561,36,Female,25.3,120,145,85,High,Yes,No,No,No
P03562,24,Female,25.3,129,82,61,Medium,No,No,No,No
P03563,68,Male,26.0,118,141,182,High,Yes,Yes,No,No
P03564,45,Female,25.9,145,141,75,Medium,Yes,No,Yes,No
P03565,68,Male,25.8,85,131,44,High,No,Yes,No,No
P03566,60,Female,26.1,145,143,29,Medium,Yes,No,Yes,No
P03567,75,Male,32.4,92,123,164,High,No,No,No,No
P03568,22,Female,25.8,121,119,113,Medium,No,No,No,No
P03569,22,Female,30.5,106,134,143,High,No,Yes,No,No
P03570,47,Female,27.7,123,113,189,Medium,No,No,No,No
P03571,71,Male,28.8,115,102,82,Medium,Yes,No,No,No
P03572,49,Male,30.9,118,164,200,High,No,No,No,No
P03573,25,Male,21.3,135,105,100,Low,No,No,No,No
P03574,27,Female,30.1,129,119,108,Medium,Yes,No,No,No
P03575,55,Female,25.9,143,108,168,High,No,Yes,Yes,No
P03576,64,Male,22.2,133,95,107,Low,Yes,Yes,No,No
P03577,49,Female,30.9,96,179,143,High,No,No,No,No
P03578,65,Male,24.9,167,75,83,Medium,No,No,Yes,No
P03579,45,Male,28.9,89,139,123,Medium,No,Yes,No,No
P03580,34,Male,16.0,131,120,168,Medium,No,No,No,No
P03581,48,Male,30.6,138,142,132,Medium,No,No,No,No
P03582,25,Female,40.0,130,119,86,Medium,No,No,No,No
P03583,57,Female,27.0,121,142,109,High,No,No,No,No
P03584,42,Female,25.7,152,135,87,Low,No,Yes,Yes,No
P03585,26,Male,24.7,145,146,101,Medium,No,No,Yes,No
P03586,19,Female,29.8,125,186,173,Low,No,No,No,No
P03587,32,Male,25.5,117,65,111,High,No,No,No,No
P03588,67,Male,30.2,110,128,144,Low,No,No,No,No
P03589,20,Male,35.6,112,90,128,Low,No,No,No,No
P03590,66,Male,31.2,124,100,163,High,No,No,No,No
P03591,53,Male,26.1,95,92,58,Medium,No,Yes,No,No
P03592,79,Male,21.4,125,115,114,Low,No,No,No,No
P03593,21,Female,25.0,139,164,189,Medium,No,No,No,No
P03594,31,Female,26.2,115,112,75,Low,Yes,No,No,No
P03595,58,Female,20.4,125,137,203,High,No,Yes,No,No
P03596,58,Female,32.4,131,156,67,Medium,No,No,No,No
P03597,42,Male,29.8,134,95,93,Low,Yes,No,No,Yes
P03598,75,Male,21.8,121,97,141,Medium,Yes,No,No,No
P03599,72,Female,18.1,157,125,112,Low,No,No,Yes,No
P03600,79,Female,30.6,125,65,20,Medium,No,No,No,No
P03601,80,Female,18.8,101,195,123,Medium,Yes,Yes,No,Yes
P03602,67,Female,27.4,118,125,111,Medium,No,No,No,No
P03603,27,Female,25.0,148,145,81,High,No,No,Yes,No
P03604,38,Female,31.0,147,118,94,High,No,No,Yes,No
P03605,53,Female,31.1,94,147,20,Low,No,No,No,Yes
P03606,29,Female,22.9,120,119,80,Low,No,No,No,No
P03607,44,Male,31.4,116,145,138,Medium,No,No,No,No
P03608,57,Male,25.6,139,170,113,Medium,No,No,No,Yes
P03609,19,Male,27.1,105,65,151,Low,No,Yes,No,No
P03610,71,Male,27.2,153,148,189,High,No,Yes,Yes,No
P03611,30,Female,38.2,99,106,68,High,Yes,Yes,No,No
P03612,70,Male,26.4,122,86,65,High,No,Yes,No,No
P03613,49,Female,18.6,103,74,148,Medium,No,No,No,No
P03614,48,Male,23.4,137,128,98,Medium,No,Yes,No,No
P03615,33,Female,30.7,88,135,97,Low,No,Yes,No,No
P03616,49,Female,25.6,122,103,227,High,No,Yes,No,No
P03617,49,Male,27.1,122,81,161,Low,No,No,No,No
P03618,77,Male,24.8,109,129,112,Low,No,Yes,No,Yes
P03619,51,Female,16.0,147,127,128,Low,Yes,No,Yes,No
P03620,28,Female,23.1,156,146,115,Medium,No,No,Yes,No
P03621,27,Female,26.6,118,149,46,High,Yes,No,No,No
P03622,32,Male,18.2,127,166,121,Low,No,No,No,No
P03623,34,Male,21.1,114,149,99,Low,No,No,No,No
P03624,57,Female,25.3,102,68,76,Low,No,No,No,No
P03625,35,Male,25.3,105,125,88,Medium,Yes,Yes,No,No
P03626,72,Female,29.0,105,160,49,Medium,No,Yes,No,No
P03627,26,Male,25.6,147,155,36,Low,No,No,Yes,No
P03628,42,Male,28.8,133,210,74,Medium,Yes,No,No,No
P03629,57,Male,23.5,108,156,67,Low,Yes,Yes,No,No
P03630,76,Male,28.1,109,78,191,High,No,No,No,No
P03631,31,Male,34.4,107,70,168,Low,No,No,No,No
P03632,77,Female,28.4,91,127,85,Medium,No,Yes,No,No
P03633,75,Female,25.8,134,130,129,Medium,No,No,No,No
P03634,42,Male,22.3,123,106,105,Medium,Yes,Yes,No,No
P03635,67,Female,27.4,156,152,81,Medium,No,No,Yes,No
P03636,39,Female,25.9,87,65,63,Medium,No,No,No,No
P03637,69,Male,29.8,140,109,91,Low,Yes,No,Yes,Yes
P03638,47,Female,17.9,142,65,83,Low,No,Yes,Yes,No
P03639,37,Male,26.1,144,99,98,Medium,No,No,Yes,No
P03640,38,Female,29.1,129,113,197,Low,Yes,Yes,No,No
P03641,61,Female,27.6,142,162,101,High,No,No,Yes,No
P03642,49,Female,25.3,131,82,49,Medium,Yes,Yes,No,Yes
P03643,68,Female,25.3,112,120,96,High,No,No,No,No
P03644,63,Female,21.5,118,107,157,Medium,Yes,Yes,No,No
P03645,66,Female,28.9,117,121,197,Low,No,Yes,No,Yes
P03646,73,Female,29.1,146,111,44,Low,Yes,No,Yes,No
P03647,38,Male,19.9,148,116,107,Low,No,No,Yes,No
P03648,52,Male,30.8,140,102,121,Medium,No,No,Yes,No
P03649,75,Male,23.7,126,138,150,Low,No,No,No,Yes
P03650,49,Male,25.1,88,164,97,Medium,No,No,No,No
P03651,47,Female,36.3,140,126,105,Medium,No,No,Yes,Yes
P03652,72,Female,35.0,139,195,86,Medium,Yes,No,No,No
P03653,56,Female,19.8,130,128,46,Medium,Yes,No,No,No
P03654,66,Male,20.6,134,153,148,Low,No,No,No,No
P03655,29,Male,21.7,110,98,62,Low,No,Yes,No,No
P03656,58,Male,34.9,119,121,34,High,No,Yes,No,No
P03657,64,Female,24.0,110,114,84,High,No,No,No,No
P03658,35,Male,19.6,122,82,29,Low,No,No,No,No
P03659,38,Female,33.2,141,98,87,High,No,No,Yes,No
P03660,30,Male,30.0,133,138,84,Medium,Yes,No,No,Yes
P03661,79,Female,38.3,106,170,101,High,Yes,No,No,No
P03662,38,Male,30.0,158,145,84,Medium,No,Yes,Yes,No
P03663,79,Female,26.8,128,137,108,Low,No,No,No,No
P03664,25,Male,28.3,113,95,189,Low,Yes,No,No,No
P03665,63,Male,24.7,120,142,20,Medium,Yes,Yes,No,No
P03666,57,Female,33.5,115,103,174,Medium,No,No,No,No
P03667,63,Female,33.8,129,84,40,Low,No,No,No,No
P03668,24,Male,19.1,101,94,125,Medium,No,Yes,No,No
P03669,40,Female,31.7,130,121,162,Low,Yes,Yes,No,No
P03670,61,Male,21.6,140,106,96,High,Yes,No,Yes,No
P03671,49,Female,39.1,137,135,114,Medium,No,No,No,No
P03672,28,Male,34.6,130,112,138,High,No,Yes,No,No
P03673,39,Female,21.3,135,135,152,Low,No,Yes,No,No
P03674,39,Male,28.2,132,114,52,Low,Yes,Yes,No,No
P03675,60,Male,32.0,144,123,124,Medium,No,No,Yes,No
P03676,42,Male,23.9,121,91,102,Low,No,No,No,No
P03677,39,Female,20.2,109,175,127,High,No,No,No,No
P03678,45,Male,27.5,132,68,127,High,Yes,No,No,No
P03679,46,Female,26.2,145,212,102,Low,No,No,Yes,Yes
P03680,30,Female,22.4,118,142,105,Medium,No,No,No,No
P03681,35,Female,33.2,154,70,129,High,No,No,Yes,No
P03682,19,Male,20.6,132,128,85,Medium,No,No,No,No
P03683,46,Female,26.5,142,133,139,Medium,No,No,Yes,No
P03684,38,Female,27.9,104,177,72,Medium,No,Yes,No,No
P03685,32,Female,28.5,139,78,194,Medium,Yes,Yes,No,No
P03686,69,Male,32.7,133,78,127,Medium,No,No,No,No
P03687,44,Female,25.8,163,137,116,Medium,Yes,No,Yes,No
P03688,67,Female,16.0,134,132,79,Medium,No,No,No,No
P03689,48,Female,25.1,137,176,100,Low,No,No,No,Yes
P03690,32,Female,30.6,110,90,124,Medium,Yes,No,No,No
P03691,68,Male,26.3,131,87,161,Low,Yes,Yes,No,No
P03692,40,Male,26.3,146,190,53,Medium,No,No,Yes,Yes
P03693,41,Female,29.6,119,123,45,High,No,No,No,No
P03694,61,Female,30.3,112,99,84,Low,Yes,No,No,No
P03695,30,Female,18.1,161,150,87,Low,No,No,Yes,No
P03696,39,Female,26.9,120,65,85,Medium,No,No,No,No
P03697,60,Male,26.0,141,138,127,Medium,No,Yes,Yes,No
P03698,54,Male,27.4,116,103,115,Medium,Yes,No,No,No
P03699,78,Male,17.2,117,107,95,Low,No,No,No,No
P03700,50,Male,33.6,123,170,166,High,Yes,Yes,No,No
P03701,73,Female,27.0,135,140,209,Medium,No,No,No,No
P03702,20,Female,29.1,146,86,130,Medium,Yes,Yes,Yes,No
P03703,80,Male,35.8,115,127,125,Low,No,No,No,No
P03704,71,Male,29.2,145,129,108,Medium,No,No,Yes,Yes
P03705,36,Female,19.3,127,116,55,Low,No,No,No,No
P03706,40,Female,26.6,122,91,150,Medium,No,No,No,No
P03707,46,Female,30.4,135,133,94,Medium,No,No,No,No
P03708,47,Female,27.3,151,150,102,High,No,No,Yes,No
P03709,56,Female,35.5,134,141,111,Medium,No,No,No,No
P03710,61,Male,22.7,112,100,51,Medium,No,No,No,No
P03711,64,Male,33.2,128,119,164,High,No,Yes,No,No
P03712,42,Female,31.2,135,65,143,Medium,Yes,No,No,No
P03713,54,Female,27.4,114,181,68,Low,No,No,No,No
P03714,64,Male,28.7,130,104,58,Medium,No,No,No,No
P03715,25,Female,22.1,112,107,70,Medium,No,No,No,No
P03716,59,Male,25.5,136,79,69,Medium,No,No,No,No
P03717,75,Male,29.9,151,155,54,Medium,No,No,Yes,No
P03718,33,Male,26.3,124,161,119,Medium,No,No,No,No
P03719,25,Male,27.3,138,105,119,Medium,Yes,No,No,No
P03720,18,Female,32.0,143,85,49,Low,No,No,Yes,No
P03721,61,Female,17.5,117,126,197,Low,No,Yes,No,No
P03722,22,Male,28.8,133,113,60,Medium,Yes,Yes,No,No
P03723,20,Female,35.9,145,151,20,Medium,No,No,Yes,No
P03724,18,Female,25.1,154,120,134,Low,No,Yes,Yes,No
P03725,21,Female,20.8,120,118,104,High,No,Yes,No,No
P03726,57,Female,25.1,105,148,88,High,No,No,No,No
P03727,52,Male,19.4,136,70,111,Medium,No,No,No,No
P03728,49,Female,28.1,129,114,103,High,No,No,No,No
P03729,59,Male,26.6,126,132,136,Medium,No,No,No,No
P03730,51,Male,28.6,116,110,96,Medium,No,No,No,No
P03731,60,Female,26.3,141,135,83,Medium,No,No,Yes,No
P03732,42,Male,28.0,114,133,115,Low,No,No,No,No
P03733,27,Female,29.3,113,156,141,Low,No,No,No,No
P03734,38,Female,21.0,123,115,101,Low,No,No,No,No
P03735,63,Male,28.7,142,65,103,Medium,Yes,No,Yes,No
P03736,56,Female,34.2,101,71,163,Low,No,No,No,No
P03737,44,Male,22.2,107,141,107,High,Yes,No,No,No
P03738,44,Male,28.5,110,131,39,Low,No,No,No,Yes
P03739,19,Female,33.5,161,117,109,High,No,No,Yes,No
P03740,58,Female,21.2,130,120,105,High,No,Yes,No,No
P03741,65,Female,31.0,106,102,117,Low,Yes,Yes,No,No
P03742,30,Male,25.9,123,102,115,Medium,No,Yes,No,No
P03743,26,Female,32.1,139,106,106,High,No,No,No,No
P03744,69,Male,22.9,161,115,120,High,No,No,Yes,No
P03745,53,Male,27.0,97,129,51,High,No,No,No,No
P03746,39,Female,19.4,106,122,207,High,No,Yes,No,No
P03747,59,Female,29.2,119,114,108,Low,No,Yes,No,No
P03748,43,Female,29.2,120,149,57,Low,Yes,No,No,No
P03749,75,Male,29.7,119,155,39,Medium,No,Yes,No,No
P03750,71,Female,29.5,123,172,126,Medium,Yes,No,No,Yes
P03751,29,Male,26.5,162,118,87,Low,No,No,Yes,No
P03752,34,Female,19.6,102,107,118,Low,No,No,No,No
P03753,31,Female,32.0,128,123,200,Medium,Yes,Yes,No,No
P03754,31,Male,26.8,135,106,106,Low,No,No,No,No
P03755,74,Male,29.0,99,124,154,High,No,No,No,No
P03756,51,Female,26.1,151,139,61,Low,No,No,Yes,Yes
P03757,70,Female,36.8,122,129,117,Low,No,No,No,No
P03758,74,Female,24.2,105,119,67,Low,No,No,No,No
P03759,37,Female,24.0,153,147,53,Low,No,No,Yes,Yes
P03760,28,Female,19.2,137,184,114,Medium,No,No,No,No
P03761,33,Male,27.6,115,100,172,High,No,Yes,No,No
P03762,68,Male,36.3,138,137,149,Medium,No,Yes,No,No
P03763,48,Male,27.6,132,118,227,Medium,No,No,No,No
P03764,72,Male,28.1,97,95,103,High,No,No,No,No
P03765,23,Female,31.9,99,100,120,Low,Yes,No,No,No
P03766,73,Male,27.8,131,111,135,Low,Yes,No,No,Yes
P03767,36,Male,33.0,93,180,110,Medium,No,Yes,No,No
P03768,54,Male,33.7,143,158,145,Low,No,No,Yes,No
P03769,75,Female,24.0,100,94,81,High,No,Yes,No,No
P03770,21,Male,19.8,142,144,74,High,No,Yes,Yes,No
P03771,64,Female,30.4,151,91,82,Medium,Yes,Yes,Yes,No
P03772,78,Male,28.6,134,103,60,Medium,No,Yes,No,No
P03773,21,Female,21.8,85,171,29,Medium,Yes,No,No,No
P03774,37,Male,23.6,145,194,98,Medium,No,Yes,Yes,No
P03775,27,Female,23.6,117,65,20,Medium,Yes,Yes,No,No
P03776,41,Male,27.7,124,126,87,Low,No,Yes,No,No
P03777,71,Female,32.0,112,139,20,Medium,No,No,No,No
P03778,52,Female,32.3,155,115,177,Low,No,Yes,Yes,Yes
P03779,43,Male,31.0,128,130,87,Low,No,No,No,No
P03780,54,Female,25.5,118,111,20,Medium,No,No,No,No
P03781,55,Female,38.1,149,147,106,Medium,No,Yes,Yes,Yes
P03782,38,Male,27.2,141,113,117,Medium,No,Yes,Yes,No
P03783,71,Male,25.1,105,145,78,Medium,Yes,Yes,No,No
P03784,57,Female,20.2,131,159,178,Low,No,No,No,Yes
P03785,56,Male,25.3,129,155,132,Medium,Yes,No,No,No
P03786,38,Male,29.2,99,119,94,Medium,No,No,No,No
P03787,27,Male,19.1,140,65,129,High,No,No,Yes,No
P03788,55,Female,22.2,124,142,175,Medium,No,No,No,No
P03789,63,Female,24.7,164,74,50,Low,No,No,Yes,No
P03790,21,Female,23.1,150,141,68,Medium,No,No,Yes,No
P03791,77,Female,22.7,129,138,106,High,Yes,No,No,Yes
P03792,74,Female,32.6,123,118,30,Low,Yes,Yes,No,No
P03793,62,Female,18.7,88,127,118,High,No,No,No,No
P03794,37,Female,27.9,140,176,179,Medium,No,No,Yes,Yes
P03795,34,Male,29.6,124,170,99,High,Yes,No,No,No
P03796,72,Female,24.6,117,113,34,Medium,No,Yes,No,Yes
P03797,24,Female,25.9,125,65,141,Medium,Yes,No,No,No
P03798,21,Male,26.8,153,180,179,High,Yes,No,Yes,No
P03799,46,Male,30.2,150,70,20,High,No,Yes,Yes,No
P03800,31,Male,34.7,150,128,129,Low,No,Yes,Yes,No
P03801,20,Female,20.6,106,122,134,High,No,No,No,No
P03802,41,Male,22.4,153,140,126,Medium,No,No,Yes,No
P03803,54,Female,22.7,116,170,116,High,No,No,No,No
P03804,33,Female,26.9,138,127,110,Low,No,Yes,No,Yes
P03805,75,Female,25.0,136,107,93,Low,Yes,No,No,No
P03806,72,Male,30.3,122,135,172,Medium,Yes,Yes,No,No
P03807,69,Male,23.7,129,77,109,High,Yes,Yes,No,No
P03808,21,Female,22.6,95,101,213,Medium,No,Yes,No,No
P03809,73,Female,23.2,126,118,148,High,No,No,No,No
P03810,79,Female,27.6,121,144,110,Low,Yes,No,No,No
P03811,41,Male,31.8,165,174,64,Low,No,No,Yes,Yes
P03812,51,Female,26.8,126,163,130,Medium,No,Yes,No,Yes
P03813,47,Male,24.2,112,157,67,Low,No,Yes,No,No
P03814,35,Female,21.8,127,163,75,Low,No,No,No,No
P03815,36,Male,34.3,113,146,89,Medium,No,No,No,No
P03816,48,Female,18.2,99,128,47,Low,No,Yes,No,No
P03817,77,Male,26.1,132,90,184,Medium,No,Yes,No,No
P03818,77,Male,30.7,125,126,51,Low,No,No,No,Yes
P03819,36,Male,26.0,143,68,117,High,No,Yes,Yes,No
P03820,66,Male,24.2,151,107,69,High,No,No,Yes,No
P03821,80,Male,29.7,159,127,41,High,No,Yes,Yes,Yes
P03822,63,Male,21.5,129,127,95,Low,No,No,No,No
P03823,36,Female,18.3,137,103,99,High,No,Yes,No,No
P03824,39,Female,28.8,130,65,173,Medium,No,Yes,No,No
P03825,41,Female,22.0,85,105,124,Low,No,No,No,No
P03826,62,Female,27.7,147,116,115,Low,No,No,Yes,Yes
P03827,29,Male,26.4,135,132,139,Medium,No,No,No,No
P03828,47,Female,28.3,135,149,92,Medium,No,Yes,No,No
P03829,75,Male,25.9,116,114,78,Medium,No,No,No,No
P03830,55,Male,29.8,113,112,75,High,No,No,No,No
P03831,70,Male,23.5,124,103,73,High,No,No,No,No
P03832,48,Female,30.9,135,123,118,Medium,No,No,No,No
P03833,53,Male,20.9,90,158,39,Medium,No,No,No,No
P03834,36,Female,32.9,129,88,95,Medium,Yes,No,No,No
P03835,65,Female,37.3,155,65,165,High,No,No,Yes,No
P03836,62,Female,27.5,123,132,119,High,No,No,No,No
P03837,53,Female,34.8,89,166,101,Low,No,No,No,No
P03838,47,Female,36.1,122,136,81,Medium,No,No,No,No
P03839,72,Male,25.4,130,90,66,Medium,Yes,No,No,No
P03840,66,Male,27.2,132,121,162,Medium,No,Yes,No,No
P03841,72,Female,22.9,128,127,110,Low,No,No,No,No
P03842,50,Male,23.3,160,150,82,Medium,No,No,Yes,No
P03843,35,Female,28.2,128,95,91,Medium,Yes,Yes,No,No
P03844,80,Male,18.8,128,180,65,Low,Yes,No,No,No
P03845,69,Male,31.2,115,111,110,Medium,No,Yes,No,No
P03846,66,Male,27.8,142,102,110,High,Yes,No,Yes,No
P03847,76,Male,30.4,156,135,133,Low,Yes,Yes,Yes,Yes
P03848,45,Male,26.1,114,76,37,High,No,No,No,No
P03849,76,Male,30.4,123,197,111,Medium,No,No,No,No
P03850,64,Male,28.2,85,141,130,Low,Yes,No,No,No
P03851,28,Male,29.5,110,115,98,High,No,Yes,No,No
P03852,74,Male,31.5,160,91,166,High,No,No,Yes,No
P03853,77,Male,20.7,120,118,134,Medium,No,No,No,No
P03854,71,Male,23.5,129,159,154,Low,No,No,No,No
P03855,62,Male,38.6,112,112,57,Low,Yes,No,No,No
P03856,50,Male,28.0,133,99,23,Medium,No,Yes,No,No
P03857,34,Female,18.4,122,150,118,Low,No,No,No,No
P03858,23,Male,18.4,132,88,20,Medium,No,Yes,No,No
P03859,21,Male,26.6,127,133,78,Low,No,Yes,No,No
P03860,37,Male,24.4,151,139,104,High,Yes,No,Yes,No
P03861,65,Male,23.0,128,138,139,High,No,Yes,No,No
P03862,64,Male,36.0,110,140,109,High,No,Yes,No,No
P03863,44,Male,25.2,114,92,170,High,Yes,No,No,No
P03864,32,Female,31.1,91,118,74,High,No,No,No,No
P03865,23,Female,28.3,127,116,64,Medium,No,Yes,No,No
P03866,64,Female,25.5,124,130,207,Medium,No,No,No,No
P03867,31,Male,21.3,152,65,98,Medium,No,No,Yes,No
P03868,77,Male,30.8,104,76,111,High,No,No,No,No
P03869,28,Male,16.0,112,201,80,Medium,Yes,No,No,No
P03870,56,Female,31.4,113,150,65,Medium,No,No,No,No
P03871,26,Male,27.8,120,118,98,Medium,No,Yes,No,No
P03872,43,Male,30.1,102,128,152,Low,No,No,No,No
P03873,33,Female,27.0,120,196,95,High,No,No,No,No
P03874,22,Female,20.8,125,65,20,Medium,Yes,No,No,No
P03875,74,Male,29.0,126,129,55,Medium,No,Yes,No,No
P03876,69,Male,31.2,148,113,190,Medium,Yes,Yes,Yes,No
P03877,78,Male,24.6,124,168,20,Medium,No,Yes,No,Yes
P03878,27,Male,30.3,124,145,72,Medium,No,No,No,No
P03879,67,Female,28.5,146,201,125,High,Yes,Yes,Yes,Yes
P03880,20,Male,29.3,125,153,126,Low,No,No,No,No
P03881,30,Male,22.7,103,110,127,Medium,No,Yes,No,No
P03882,60,Female,33.4,106,117,145,Low,No,No,No,No
P03883,66,Male,28.5,106,149,95,Low,No,No,No,Yes
P03884,47,Male,31.2,103,176,59,Low,No,Yes,No,Yes
P03885,79,Female,25.1,161,100,95,Low,No,Yes,Yes,Yes
P03886,71,Female,31.9,106,134,159,Medium,No,No,No,No
P03887,62,Male,24.9,124,65,30,High,No,Yes,No,No
P03888,23,Female,22.5,126,115,84,Medium,No,Yes,No,No
P03889,34,Female,35.9,122,185,106,Medium,No,Yes,No,No
P03890,76,Male,16.0,111,178,75,Low,No,No,No,No
P03891,62,Female,41.9,133,151,81,Medium,Yes,No,No,Yes
P03892,68,Male,30.5,98,187,123,High,Yes,Yes,No,No
P03893,70,Male,25.4,106,116,111,Medium,No,Yes,No,No
P03894,36,Male,28.6,145,123,148,Low,No,No,Yes,No
P03895,59,Male,30.5,105,115,130,Low,Yes,Yes,No,No
P03896,52,Female,25.3,148,148,152,Medium,No,Yes,Yes,No
P03897,63,Male,37.2,150,227,76,Medium,Yes,Yes,Yes,Yes
P03898,43,Male,34.4,150,138,222,High,No,Yes,Yes,No
P03899,68,Male,40.6,140,85,29,Low,No,No,Yes,No
P03900,22,Male,20.9,100,86,141,Low,No,Yes,No,No
P03901,46,Female,28.1,97,95,59,Low,Yes,Yes,No,No
P03902,54,Female,20.1,105,97,31,Medium,No,No,No,No
P03903,37,Female,21.5,108,93,180,Low,No,Yes,No,No
P03904,66,Male,25.4,102,133,88,Low,No,No,No,No
P03905,38,Female,25.5,113,75,48,Medium,No,No,No,No
P03906,27,Female,28.8,139,142,87,Low,No,No,No,No
P03907,22,Male,26.4,137,160,74,High,No,No,No,No
P03908,53,Female,31.0,130,103,98,High,Yes,Yes,No,No
P03909,23,Male,28.6,121,137,90,Low,No,Yes,No,No
P03910,43,Female,35.2,124,148,44,Low,No,No,No,No
P03911,21,Female,31.1,130,156,108,Low,No,No,No,No
P03912,79,Female,21.1,116,129,104,High,Yes,No,No,No
P03913,56,Female,26.3,143,92,178,Medium,Yes,Yes,Yes,No
P03914,56,Male,26.6,101,129,170,Medium,No,No,No,No
P03915,67,Male,29.2,111,120,105,Medium,No,Yes,No,No
P03916,52,Female,32.4,108,130,126,Low,No,Yes,No,No
P03917,18,Male,28.4,133,90,58,High,No,No,No,No
P03918,41,Female,29.9,103,72,135,High,Yes,Yes,No,No
P03919,74,Female,21.3,108,65,228,High,Yes,No,No,No
P03920,53,Female,24.7,133,65,53,Low,No,Yes,No,No
P03921,23,Female,17.4,109,65,78,Medium,No,No,No,No
P03922,58,Female,29.2,140,161,116,Medium,No,No,Yes,Yes
P03923,71,Female,31.2,140,134,113,Medium,Yes,No,Yes,No
P03924,63,Male,20.4,115,126,110,Low,No,Yes,No,No
P03925,77,Male,27.8,127,113,74,High,No,No,No,No
P03926,61,Female,26.5,162,65,42,Medium,No,No,Yes,No
P03927,77,Male,35.4,141,138,66,Medium,No,No,Yes,No
P03928,74,Female,22.5,134,133,142,Low,No,No,No,No
P03929,48,Male,31.6,153,127,197,Medium,No,Yes,Yes,No
P03930,37,Male,32.7,108,98,129,Low,No,No,No,No
P03931,41,Male,26.0,148,101,90,High,No,Yes,Yes,No
P03932,42,Female,28.5,131,143,142,Low,Yes,No,No,No
P03933,53,Male,32.4,151,98,44,Low,No,Yes,Yes,No
P03934,38,Female,21.5,116,162,104,Medium,No,Yes,No,No
P03935,47,Female,24.9,150,181,78,Medium,No,No,Yes,Yes
P03936,41,Female,27.9,94,164,92,Medium,No,No,No,No
P03937,61,Male,37.3,118,128,80,Low,No,No,No,No
P03938,59,Male,25.0,130,122,55,Medium,No,No,No,Yes
P03939,47,Male,25.7,137,128,182,Medium,No,No,No,No
P03940,39,Female,34.7,87,149,77,Medium,No,No,No,No
P03941,45,Female,30.3,103,176,77,Medium,No,No,No,No
P03942,24,Male,37.9,105,144,102,Low,Yes,Yes,No,Yes
P03943,52,Female,32.5,108,66,114,Medium,No,Yes,No,No
P03944,72,Male,26.3,111,93,178,Medium,Yes,Yes,No,No
P03945,45,Male,25.6,128,120,113,High,Yes,No,No,No
P03946,31,Male,22.9,152,160,130,Medium,No,No,Yes,Yes
P03947,73,Male,20.5,118,205,22,Medium,No,No,No,Yes
P03948,27,Female,28.7,153,128,119,High,No,No,Yes,No
P03949,33,Male,30.1,127,148,71,Low,No,Yes,No,No
P03950,33,Male,30.7,121,71,72,Medium,No,Yes,No,No
P03951,71,Male,26.4,144,100,52,High,Yes,No,Yes,No
P03952,48,Male,36.7,122,137,90,Low,No,Yes,No,No
P03953,59,Male,20.2,111,65,122,High,No,Yes,No,No
P03954,42,Male,19.6,149,134,124,Medium,No,No,Yes,No
P03955,30,Male,22.9,124,112,114,Low,No,No,No,No
P03956,23,Female,27.0,157,127,77,Low,Yes,Yes,Yes,Yes
P03957,61,Female,21.5,119,100,72,Low,Yes,No,No,No
P03958,26,Female,33.7,101,143,86,Medium,No,Yes,No,No
P03959,62,Female,23.3,111,162,110,High,No,No,No,No
P03960,53,Male,22.4,113,151,34,Medium,Yes,No,No,No
P03961,73,Female,32.3,123,150,93,Medium,No,No,No,No
P03962,60,Female,28.0,111,145,88,Low,Yes,No,No,No
P03963,37,Female,30.9,102,124,121,Medium,Yes,No,No,No
P03964,35,Male,26.8,119,110,232,High,No,Yes,No,No
P03965,75,Female,28.4,127,157,104,Medium,No,Yes,No,Yes
P03966,60,Female,19.8,132,94,106,Medium,No,No,No,No
P03967,74,Male,26.3,125,143,135,Low,No,Yes,No,No
P03968,38,Female,21.8,150,142,96,Low,No,No,Yes,No
P03969,21,Male,36.8,126,88,124,Low,No,Yes,No,No
P03970,67,Female,33.5,86,92,164,Low,No,No,No,No
P03971,50,Male,23.7,130,143,92,Low,No,Yes,No,Yes
P03972,44,Female,26.0,125,132,174,Medium,No,No,No,No
P03973,24,Female,26.2,138,138,114,Medium,No,Yes,No,No
P03974,23,Female,37.8,105,117,141,Low,No,Yes,No,No
P03975,80,Male,29.0,144,179,151,Low,No,No,Yes,No
P03976,32,Female,24.9,130,146,165,Medium,Yes,Yes,No,No
P03977,35,Male,27.7,127,172,156,Medium,Yes,No,No,Yes
P03978,49,Male,19.3,142,116,168,Medium,Yes,Yes,Yes,No
P03979,73,Male,26.6,146,160,113,High,No,Yes,Yes,Yes
P03980,28,Male,21.6,144,114,73,Low,Yes,Yes,Yes,No
P03981,37,Female,17.8,85,113,110,Medium,No,No,No,No
P03982,41,Female,36.9,99,82,57,Medium,No,Yes,No,No
P03983,32,Female,26.9,117,141,90,Low,No,Yes,No,No
P03984,65,Male,23.1,104,89,78,Low,No,No,No,No
P03985,24,Female,18.5,112,103,38,High,No,Yes,No,No
P03986,38,Male,25.9,124,78,146,Low,No,No,No,No
P03987,59,Male,26.3,117,65,165,Medium,No,No,No,No
P03988,43,Male,30.8,125,122,72,High,No,No,No,No
P03989,61,Female,22.2,149,100,134,Low,Yes,No,Yes,No
P03990,73,Female,24.3,157,137,225,High,No,No,Yes,Yes
P03991,31,Male,22.4,132,123,159,High,No,Yes,No,No
P03992,74,Female,25.9,149,162,59,Low,No,No,Yes,Yes
P03993,54,Female,17.0,118,192,145,Low,No,Yes,No,No
P03994,75,Male,23.0,114,165,97,High,No,No,No,No
P03995,38,Male,30.1,124,126,144,Medium,No,No,No,No
P03996,35,Female,20.9,119,149,209,High,No,No,No,No
P03997,22,Male,32.0,137,171,102,High,No,Yes,No,No
P03998,20,Male,31.4,125,107,169,Low,No,Yes,No,No
P03999,40,Female,31.8,152,156,71,Low,No,No,Yes,Yes
P04000,43,Female,27.0,127,171,83,Medium,No,Yes,No,Yes
P04001,54,Male,26.5,112,128,20,High,No,No,No,No
P04002,41,Female,28.6,116,141,178,Low,Yes,Yes,No,No
P04003,66,Male,33.6,114,197,30,High,Yes,No,No,Yes
P04004,36,Male,33.1,138,103,54,Low,Yes,No,No,No
P04005,68,Female,18.7,123,116,115,Low,No,Yes,No,No
P04006,42,Male,22.6,127,144,197,Medium,No,No,No,No
P04007,38,Male,21.7,133,94,20,High,Yes,No,No,No
P04008,29,Male,30.6,135,122,122,Medium,No,Yes,No,No
P04009,74,Female,23.6,144,82,41,Low,No,Yes,Yes,Yes
P04010,78,Female,26.0,131,65,180,Low,No,Yes,No,No
P04011,58,Female,35.5,108,133,113,High,No,No,No,No
P04012,50,Male,32.6,116,78,175,Low,No,Yes,No,No
P04013,67,Male,33.9,116,93,71,Medium,No,No,No,No
P04014,70,Female,23.4,112,161,84,Low,Yes,No,No,No
P04015,21,Female,16.0,144,131,63,Medium,No,No,Yes,No
P04016,80,Female,25.0,122,124,170,Medium,No,No,No,No
P04017,59,Male,19.8,128,112,169,High,No,Yes,No,No
P04018,74,Female,17.3,131,179,76,Low,No,No,No,Yes
P04019,24,Male,32.6,129,203,149,Low,No,Yes,No,Yes
P04020,39,Female,22.5,131,146,100,High,No,No,No,No
P04021,72,Male,23.0,168,65,20,Medium,Yes,Yes,Yes,Yes
P04022,50,Male,25.2,137,124,128,Low,Yes,Yes,No,No
P04023,34,Female,35.2,108,88,144,High,No,No,No,No
P04024,41,Male,26.2,131,109,155,Medium,No,No,No,No
P04025,78,Female,31.8,127,142,108,Low,Yes,Yes,No,Yes
P04026,78,Male,25.4,100,129,90,High,No,No,No,No
P04027,51,Male,19.1,85,77,83,Low,Yes,No,No,No
P04028,45,Female,21.1,128,101,146,Low,No,Yes,No,Yes
P04029,75,Male,27.0,120,165,124,Medium,No,No,No,No
P04030,60,Female,27.5,104,181,76,Medium,No,No,No,No
P04031,58,Female,29.7,115,173,118,High,No,Yes,No,No
P04032,56,Female,29.7,120,78,138,Low,No,No,No,No
P04033,39,Male,31.5,115,113,139,Medium,No,Yes,No,No
P04034,66,Male,23.2,130,100,105,Medium,No,Yes,No,No
P04035,34,Male,36.1,128,148,161,Low,Yes,Yes,No,Yes
P04036,51,Female,36.6,139,115,70,Medium,No,Yes,No,No
P04037,23,Female,24.4,146,90,107,Medium,Yes,Yes,Yes,No
P04038,63,Male,23.0,137,177,147,Low,Yes,Yes,No,Yes
P04039,23,Male,18.1,113,105,119,Low,No,No,No,No
P04040,51,Female,27.9,128,160,109,High,No,Yes,No,No
P04041,18,Male,29.3,96,104,71,Medium,Yes,No,No,No
P04042,27,Female,24.1,116,153,47,Medium,No,No,No,No
P04043,38,Male,28.4,85,114,74,Low,No,Yes,No,No
P04044,22,Female,20.1,119,89,158,Low,No,No,No,No
P04045,19,Male,31.8,115,165,76,Medium,No,Yes,No,No
P04046,39,Male,24.3,137,100,105,Low,Yes,No,No,No
P04047,65,Female,28.4,108,129,195,High,No,No,No,No
P04048,74,Female,28.1,128,80,151,Medium,No,No,No,No
P04049,19,Female,17.2,118,77,98,Low,No,No,No,No
P04050,27,Male,31.2,117,179,94,Low,Yes,Yes,No,Yes
P04051,51,Female,23.1,111,130,170,Medium,No,No,No,No
P04052,33,Female,28.0,130,121,90,Medium,No,Yes,No,No
P04053,65,Male,20.0,122,110,105,Medium,No,No,No,No
P04054,68,Female,24.6,108,98,97,Medium,No,No,No,No
P04055,78,Female,28.8,127,145,179,Medium,No,Yes,No,No
P04056,56,Female,21.6,131,175,105,Low,No,No,No,Yes
P04057,39,Male,21.9,152,154,90,Medium,No,No,Yes,No
P04058,29,Male,27.6,115,146,136,Medium,Yes,No,No,No
P04059,41,Male,26.2,118,114,193,High,Yes,Yes,No,No
P04060,64,Female,28.7,102,147,50,Medium,No,Yes,No,No
P04061,57,Male,25.2,117,193,121,Medium,No,Yes,No,Yes
P04062,55,Female,30.2,106,116,68,Low,No,No,No,No
P04063,77,Female,24.2,145,138,170,High,No,No,Yes,No
P04064,76,Female,30.0,134,173,55,Medium,No,Yes,No,Yes
P04065,27,Male,22.5,106,193,141,Low,No,No,No,No
P04066,52,Male,23.9,107,130,72,Medium,No,No,No,No
P04067,68,Female,30.7,115,155,179,High,No,Yes,No,No
P04068,80,Female,24.4,148,116,214,Medium,No,No,Yes,No
P04069,66,Male,21.1,114,136,160,Medium,Yes,No,No,No
P04070,49,Male,35.7,122,116,103,Medium,No,Yes,No,No
P04071,24,Male,26.8,153,166,51,Medium,No,Yes,Yes,No
P04072,38,Female,29.4,132,184,114,Medium,Yes,Yes,No,No
P04073,37,Male,16.0,99,83,117,Medium,No,Yes,No,No
P04074,43,Male,33.7,92,121,210,Low,No,No,No,No
P04075,80,Male,40.2,127,106,111,Medium,No,Yes,No,No
P04076,21,Female,33.2,166,114,73,High,No,Yes,Yes,No
P04077,63,Male,33.9,149,117,114,Medium,No,No,Yes,No
P04078,69,Female,25.0,132,95,88,Low,No,No,No,No
P04079,39,Female,28.3,139,135,101,High,No,No,No,No
P04080,32,Female,29.4,140,84,202,High,No,No,Yes,No
P04081,73,Male,23.5,96,156,67,Low,No,No,No,No
P04082,57,Male,26.4,129,135,148,Low,Yes,No,No,No
P04083,38,Male,22.0,149,88,91,Medium,No,No,Yes,No
P04084,32,Female,25.0,163,86,103,Medium,No,No,Yes,No
P04085,39,Male,31.2,134,152,104,Medium,No,No,No,No
P04086,69,Female,18.2,101,100,61,Low,Yes,Yes,No,No
P04087,45,Male,31.8,135,179,131,Medium,No,Yes,No,No
P04088,31,Male,19.1,135,65,20,Low,No,No,No,No
P04089,44,Male,27.3,141,88,91,Low,No,No,Yes,No
P04090,78,Male,27.7,132,112,118,Low,No,No,No,No
P04091,58,Female,29.9,158,124,131,Medium,Yes,Yes,Yes,Yes
P04092,57,Female,26.1,128,148,129,Medium,No,Yes,No,No
P04093,75,Female,21.8,126,118,54,Medium,No,No,No,No
P04094,45,Female,27.9,120,114,86,Medium,No,No,No,No
P04095,43,Male,37.9,127,101,111,Medium,No,Yes,No,No
P04096,66,Female,26.9,130,97,71,Medium,No,No,No,No
P04097,80,Female,22.6,127,100,113,Low,No,No,No,No
P04098,19,Female,24.7,139,122,129,Low,No,Yes,No,No
P04099,42,Male,27.8,88,65,81,Low,Yes,No,No,No
P04100,73,Female,25.7,123,144,134,Low,Yes,Yes,No,Yes
P04101,79,Female,25.0,134,127,94,Medium,Yes,No,No,No
P04102,20,Male,33.6,130,121,68,High,Yes,Yes,No,No
P04103,25,Male,29.6,102,165,164,Medium,No,No,No,No
P04104,61,Female,26.4,135,146,83,Medium,Yes,No,No,No
P04105,50,Female,26.4,126,129,40,Low,No,Yes,No,No
P04106,59,Male,27.9,139,148,82,High,No,No,No,No
P04107,69,Female,29.8,135,103,116,Low,No,Yes,No,No
P04108,52,Male,33.4,131,146,120,Low,Yes,Yes,No,Yes
P04109,23,Female,24.9,125,154,56,High,Yes,Yes,No,No
P04110,56,Female,22.0,130,65,133,Low,No,No,No,No
P04111,69,Female,24.2,130,187,103,Low,No,Yes,No,Yes
P04112,40,Female,22.6,149,137,40,Medium,Yes,No,Yes,No
P04113,42,Female,19.4,179,146,30,High,No,No,Yes,Yes
P04114,76,Male,34.1,106,163,115,Low,Yes,No,No,No
P04115,67,Male,31.3,85,120,91,Medium,No,Yes,No,No
P04116,60,Female,16.0,115,110,65,Medium,No,No,No,No
P04117,36,Female,28.1,108,135,77,Medium,No,No,No,No
P04118,22,Female,25.1,140,222,101,High,No,No,Yes,No
P04119,68,Male,24.5,152,121,99,Low,No,No,Yes,Yes
P04120,28,Male,16.0,140,103,100,Medium,Yes,Yes,Yes,No
P04121,73,Male,26.9,119,172,98,Low,No,No,No,No
P04122,29,Male,27.4,138,65,194,Low,No,No,No,No
P04123,27,Male,21.1,147,121,82,Medium,No,No,Yes,No
P04124,25,Male,35.1,137,103,138,High,No,No,No,No
P04125,41,Male,31.0,135,147,132,Low,Yes,No,No,No
P04126,77,Male,21.7,123,130,79,Medium,Yes,Yes,No,No
P04127,45,Female,32.1,103,86,29,High,No,No,No,No
P04128,58,Male,24.7,145,148,86,Low,No,Yes,Yes,Yes
P04129,53,Male,32.3,156,96,30,Medium,No,No,Yes,No
P04130,54,Male,19.8,100,123,23,Low,Yes,Yes,No,No
P04131,38,Male,27.9,139,110,82,High,No,No,No,No
P04132,25,Female,20.9,111,154,109,High,No,No,No,No
P04133,72,Male,22.8,133,109,95,Medium,No,Yes,No,No
P04134,26,Female,17.3,100,65,32,Medium,No,Yes,No,No
P04135,64,Female,20.8,139,86,50,High,No,Yes,No,No
P04136,32,Female,20.8,133,127,112,Low,Yes,Yes,No,No
P04137,65,Male,20.2,140,102,133,Low,Yes,No,Yes,Yes
P04138,63,Male,27.9,137,167,67,High,Yes,Yes,No,No
P04139,57,Male,18.2,128,89,104,Medium,No,No,No,No
P04140,35,Female,28.5,139,145,114,High,No,No,No,No
P04141,59,Female,32.0,117,153,183,Medium,No,No,No,No
P04142,77,Female,22.6,135,131,176,Medium,No,No,No,No
P04143,37,Female,26.6,115,139,132,Low,No,No,No,No
P04144,23,Male,25.3,136,120,20,High,No,No,No,No
P04145,29,Male,24.9,122,135,172,Medium,No,No,No,No
P04146,19,Male,16.0,134,108,126,Medium,No,No,No,No
P04147,24,Female,21.4,120,133,76,Medium,No,No,No,No
P04148,33,Female,34.3,120,115,194,Low,Yes,Yes,No,No
P04149,20,Male,28.6,121,115,91,High,No,No,No,No
P04150,62,Male,25.8,101,102,202,Medium,No,No,No,No
P04151,20,Female,16.9,141,117,54,High,No,No,Yes,No
P04152,44,Male,30.0,126,178,86,High,No,No,No,No
P04153,67,Male,22.4,102,117,20,Low,No,No,No,No
P04154,60,Female,20.8,115,158,84,Medium,No,Yes,No,No
P04155,57,Female,21.3,114,143,159,Medium,No,Yes,No,No
P04156,55,Female,29.6,132,134,80,High,Yes,Yes,No,No
P04157,50,Male,26.6,121,135,67,Medium,No,No,No,No
P04158,45,Female,31.3,141,126,161,Medium,No,No,Yes,Yes
P04159,18,Male,32.6,103,105,112,High,No,No,No,No
P04160,72,Male,23.3,133,185,111,High,No,No,No,No
P04161,25,Female,26.8,131,162,56,High,Yes,No,No,No
P04162,54,Male,25.5,117,127,60,Medium,No,No,No,No
P04163,49,Female,20.2,130,127,94,Low,Yes,Yes,No,Yes
P04164,77,Female,20.9,124,145,20,High,Yes,Yes,No,No
P04165,65,Male,26.2,147,88,141,Medium,No,Yes,Yes,No
P04166,60,Male,26.7,127,98,133,Low,Yes,No,No,No
P04167,54,Female,26.7,145,65,124,High,No,No,Yes,No
P04168,21,Female,26.7,140,118,46,Medium,No,Yes,Yes,No
P04169,47,Female,22.9,103,167,137,Low,No,No,No,No
P04170,23,Female,37.6,123,115,67,Low,No,Yes,No,Yes
P04171,63,Female,28.2,140,202,161,High,Yes,No,Yes,No
P04172,71,Female,24.1,129,110,91,High,No,No,No,No
P04173,36,Male,29.0,126,131,109,Medium,Yes,No,No,No
P04174,49,Male,22.7,128,115,133,Medium,Yes,No,No,No
P04175,26,Male,27.1,136,65,119,Medium,No,No,No,No
P04176,29,Male,29.0,118,115,20,High,No,No,No,No
P04177,28,Female,29.8,120,96,27,Medium,Yes,No,No,No
P04178,63,Male,20.7,140,133,70,Medium,No,No,Yes,No
P04179,72,Male,42.1,129,170,123,Medium,No,No,No,Yes
P04180,33,Female,32.9,122,113,182,Medium,No,No,No,No
P04181,18,Male,37.2,126,138,91,Medium,No,No,No,No
P04182,80,Female,25.7,134,118,142,Medium,No,No,No,Yes
P04183,62,Female,28.2,125,156,136,Medium,No,Yes,No,Yes
P04184,72,Female,27.2,128,205,45,Low,No,Yes,No,Yes
P04185,70,Female,24.3,94,177,105,High,No,Yes,No,No
P04186,38,Female,30.8,129,103,78,Low,No,No,No,No
P04187,47,Male,22.6,123,173,64,Medium,No,No,No,No
P04188,30,Male,30.5,142,136,182,Low,No,No,Yes,No
P04189,51,Male,24.5,124,168,122,Low,Yes,Yes,No,No
P04190,21,Female,29.0,152,89,67,Medium,No,Yes,Yes,No
P04191,45,Male,34.3,136,122,78,Medium,No,Yes,No,No
P04192,55,Male,26.3,112,131,111,Medium,No,No,No,No
P04193,75,Male,30.9,103,123,122,Medium,No,Yes,No,No
P04194,48,Male,24.5,124,135,20,Medium,Yes,No,No,No
P04195,76,Female,21.1,126,121,165,Medium,Yes,No,No,No
P04196,72,Male,35.3,94,113,114,High,Yes,No,No,No
P04197,44,Female,30.7,124,109,63,Low,No,Yes,No,No
P04198,22,Female,26.3,119,96,214,Low,Yes,No,No,No
P04199,42,Male,30.5,129,136,125,High,Yes,Yes,No,No
P04200,20,Female,21.9,161,120,175,Low,Yes,No,Yes,No
P04201,50,Female,29.2,95,106,161,Medium,No,No,No,No
P04202,21,Female,28.1,142,73,196,Medium,Yes,No,Yes,No
P04203,42,Female,30.3,134,144,153,High,No,No,No,No
P04204,37,Female,35.2,116,149,148,Low,No,No,No,No
P04205,51,Female,34.2,125,92,139,Medium,Yes,Yes,No,No
P04206,43,Female,20.1,141,129,170,Low,No,Yes,Yes,No
P04207,79,Male,17.0,127,106,80,Medium,Yes,Yes,No,No
P04208,79,Male,28.2,90,150,124,Medium,No,No,No,No
P04209,22,Female,27.8,132,108,80,High,No,Yes,No,No
P04210,52,Female,21.3,138,108,147,Low,No,No,No,No
P04211,78,Male,22.2,118,130,92,Medium,No,No,No,No
P04212,45,Male,23.1,141,110,95,Low,No,No,Yes,No
P04213,46,Male,33.7,142,108,20,Low,No,No,Yes,No
P04214,26,Male,24.6,149,103,195,Medium,No,No,Yes,No
P04215,69,Female,19.5,143,110,49,Low,Yes,No,Yes,No
P04216,55,Female,26.7,171,112,124,Low,No,Yes,Yes,Yes
P04217,67,Male,27.0,146,125,133,Low,Yes,No,Yes,Yes
P04218,23,Male,21.8,128,119,168,Low,No,No,No,No
P04219,36,Male,30.0,139,142,83,Low,Yes,No,No,No
P04220,77,Male,32.7,127,85,44,High,No,No,No,No
P04221,61,Female,25.2,121,198,148,Low,No,No,No,Yes
P04222,74,Male,19.5,106,126,157,High,Yes,No,No,No
P04223,28,Male,25.6,123,159,122,Low,No,Yes,No,No
P04224,19,Male,28.5,141,142,107,Low,No,No,Yes,Yes
P04225,64,Female,16.2,111,129,103,Low,Yes,Yes,No,No
P04226,61,Female,29.4,133,141,55,High,No,No,No,No
P04227,61,Female,25.1,119,137,20,High,No,No,No,No
P04228,26,Male,27.2,126,119,180,Low,No,Yes,No,No
P04229,38,Male,25.6,125,209,106,Low,No,No,No,Yes
P04230,41,Male,23.2,129,164,142,High,Yes,Yes,No,Yes
P04231,51,Female,26.4,167,69,89,High,No,Yes,Yes,No
P04232,39,Female,24.5,117,162,89,Medium,No,No,No,No
P04233,20,Male,25.2,125,127,84,High,No,No,No,No
P04234,29,Male,22.6,122,182,96,High,No,No,No,No
P04235,45,Female,29.7,99,114,156,Medium,No,No,No,No
P04236,47,Male,33.2,142,65,111,Low,No,Yes,Yes,No
P04237,43,Male,22.6,111,113,181,Low,No,Yes,No,No
P04238,65,Male,26.4,151,69,54,Medium,No,No,Yes,No
P04239,38,Female,21.5,112,101,97,Low,No,No,No,No
P04240,45,Male,28.9,133,105,103,Low,No,No,No,No
P04241,73,Male,28.1,157,138,138,Medium,No,No,Yes,No
P04242,43,Male,24.1,134,134,73,Medium,No,Yes,No,No
P04243,79,Male,26.6,115,147,157,Medium,No,No,No,No
P04244,50,Female,31.3,110,144,134,Low,Yes,No,No,No
P04245,38,Female,19.0,87,193,177,High,No,No,No,No
P04246,52,Female,20.5,119,125,82,Low,No,No,No,No
P04247,69,Male,29.9,100,143,30,High,No,No,No,No
P04248,51,Female,27.3,125,156,148,Medium,No,Yes,No,No
P04249,58,Male,26.6,118,102,154,Low,No,No,No,No
P04250,68,Female,31.7,128,81,20,High,Yes,No,No,No
P04251,64,Male,30.5,105,138,130,Low,No,Yes,No,No
P04252,35,Female,35.6,116,111,119,Low,No,No,No,No
P04253,75,Female,31.5,135,152,81,Low,No,Yes,No,Yes
P04254,28,Female,29.6,131,151,175,Medium,Yes,Yes,No,No
P04255,74,Male,26.7,93,160,86,High,No,No,No,No
P04256,40,Male,26.3,140,97,182,High,Yes,Yes,Yes,No
P04257,65,Male,27.0,106,105,147,Medium,No,No,No,No
P04258,39,Female,28.1,98,129,137,Medium,No,No,No,No
P04259,34,Male,21.0,121,119,127,Medium,Yes,No,No,No
P04260,22,Male,28.3,169,141,138,Medium,No,No,Yes,No
P04261,61,Male,25.8,119,173,78,Low,No,Yes,No,Yes
P04262,28,Male,28.8,127,122,51,High,No,Yes,No,No
P04263,47,Male,24.1,138,78,182,High,No,No,No,No
P04264,32,Male,23.7,110,65,79,High,Yes,No,No,No
P04265,44,Female,28.2,131,80,95,High,No,No,No,No
P04266,52,Female,29.4,110,79,45,Low,No,Yes,No,No
P04267,50,Male,24.0,135,148,133,Low,No,No,No,Yes
P04268,37,Female,33.6,132,123,57,High,No,No,No,Yes
P04269,78,Female,33.6,131,128,124,Medium,No,No,No,No
P04270,33,Male,19.1,128,150,90,Medium,No,No,No,No
P04271,51,Male,23.1,161,173,115,High,No,No,Yes,No
P04272,19,Female,27.6,129,118,181,Low,No,No,No,No
P04273,52,Male,28.9,135,151,54,Medium,No,No,No,No
P04274,57,Female,37.7,132,137,82,High,No,Yes,No,No
P04275,73,Female,27.7,107,70,70,High,No,Yes,No,No
P04276,45,Female,26.4,111,73,127,Medium,No,Yes,No,No
P04277,64,Male,21.3,105,113,124,Low,No,Yes,No,No
P04278,56,Female,19.1,111,132,95,Low,No,No,No,No
P04279,23,Male,26.3,116,142,158,Low,Yes,No,No,No
P04280,26,Male,37.3,121,118,106,Medium,No,No,No,No
P04281,37,Male,25.9,121,66,78,Low,Yes,No,No,No
P04282,77,Male,23.1,135,112,164,Medium,No,No,No,No
P04283,18,Male,29.3,149,65,94,Medium,No,No,Yes,No
P04284,25,Female,17.0,146,118,97,Low,No,Yes,Yes,No
P04285,72,Male,27.4,130,145,101,High,No,Yes,No,No
P04286,40,Male,31.1,110,140,115,Low,Yes,No,No,No
P04287,80,Male,22.3,144,107,158,High,Yes,No,Yes,No
P04288,20,Male,33.8,115,139,145,Low,No,No,No,No
P04289,21,Male,30.3,133,86,133,High,Yes,No,No,No
P04290,75,Female,33.9,130,103,61,Medium,No,No,No,No
P04291,42,Male,20.1,106,67,104,Medium,Yes,No,No,No
P04292,64,Male,26.1,116,106,99,Medium,No,No,No,No
P04293,55,Female,31.6,134,98,130,High,No,No,No,No
P04294,32,Male,19.5,122,111,96,Medium,Yes,Yes,No,Yes
P04295,80,Female,31.7,177,115,170,Low,Yes,Yes,Yes,Yes
P04296,38,Female,26.1,117,134,134,Low,No,No,No,No
P04297,52,Female,31.7,107,65,132,Low,No,No,No,No
P04298,74,Female,28.1,126,95,61,Medium,No,No,No,No
P04299,70,Male,34.1,119,159,73,Medium,Yes,Yes,No,Yes
P04300,70,Male,20.5,94,160,81,Low,Yes,Yes,No,No
P04301,63,Female,28.6,140,127,105,Low,No,No,Yes,No
P04302,69,Female,19.4,143,128,159,Medium,No,Yes,Yes,No
P04303,31,Male,29.1,140,86,71,Low,No,No,Yes,No
P04304,53,Female,28.6,131,112,32,High,Yes,Yes,No,No
P04305,29,Female,25.6,123,154,170,High,No,No,No,No
P04306,34,Female,23.1,128,81,84,High,No,No,No,No
P04307,56,Male,25.4,123,130,102,Medium,Yes,Yes,No,No
P04308,26,Female,27.5,114,144,150,Medium,No,Yes,No,No
P04309,52,Male,28.4,153,127,158,Low,No,No,Yes,No
P04310,77,Male,36.7,148,120,64,Low,No,No,Yes,No
P04311,30,Male,31.4,137,119,117,Medium,No,Yes,No,No
P04312,32,Female,24.1,117,143,168,Medium,No,Yes,No,No
P04313,35,Female,29.9,136,132,107,Medium,No,Yes,No,Yes
P04314,68,Male,31.4,121,142,155,Low,No,No,No,No
P04315,50,Male,23.7,120,112,112,Medium,No,Yes,No,No
P04316,23,Male,30.5,125,114,155,Low,No,No,No,No
P04317,76,Female,19.6,133,144,165,Medium,Yes,No,No,Yes
P04318,44,Female,23.5,118,94,183,Medium,No,Yes,No,No
P04319,40,Male,19.9,122,85,126,High,No,No,No,No
P04320,76,Male,25.9,149,205,87,Medium,Yes,No,Yes,Yes
P04321,44,Female,24.6,95,140,117,High,No,No,No,No
P04322,51,Male,25.0,143,116,120,Medium,No,Yes,Yes,No
P04323,73,Female,31.1,123,101,106,Medium,No,No,No,No
P04324,63,Female,27.5,117,93,138,High,No,No,No,No
P04325,55,Male,31.0,120,123,131,Medium,Yes,Yes,No,No
P04326,31,Male,35.1,125,122,118,Medium,No,Yes,No,No
P04327,53,Female,37.5,142,140,204,High,No,No,Yes,No
P04328,70,Female,26.3,128,80,68,Medium,No,No,No,No
P04329,25,Female,29.7,116,81,122,Low,No,No,No,No
P04330,79,Female,26.2,137,134,105,Low,No,Yes,No,Yes
P04331,52,Female,32.1,123,139,22,Low,Yes,No,No,No
P04332,36,Male,31.1,134,157,77,High,No,No,No,No
P04333,47,Female,23.7,130,183,41,High,No,No,No,No
P04334,80,Female,24.4,106,116,143,Medium,No,No,No,No
P04335,31,Female,33.9,135,148,48,Low,No,No,No,No
P04336,76,Male,24.3,95,89,43,Medium,No,No,No,No
P04337,37,Male,26.4,123,65,96,High,No,No,No,No
P04338,66,Female,30.4,107,91,89,Medium,No,No,No,No
P04339,42,Female,26.2,89,108,87,Low,Yes,Yes,No,No
P04340,57,Male,34.7,129,200,56,Medium,No,No,No,Yes
P04341,41,Male,32.2,140,67,145,Medium,No,No,Yes,No
P04342,31,Male,22.6,124,151,97,Medium,No,No,No,No
P04343,43,Male,24.1,148,104,149,High,No,Yes,Yes,No
P04344,55,Female,29.9,125,142,61,High,No,Yes,No,No
P04345,40,Male,26.7,128,126,76,Medium,No,No,No,No
P04346,39,Female,17.3,110,93,66,High,Yes,Yes,No,No
P04347,65,Female,22.1,135,161,104,Medium,No,No,No,No
P04348,74,Male,28.2,135,141,75,Medium,No,Yes,No,No
P04349,36,Male,31.5,117,124,154,High,Yes,Yes,No,No
P04350,63,Male,31.5,102,135,20,Medium,No,No,No,No
P04351,68,Male,36.8,98,110,181,Medium,No,No,No,No
P04352,20,Female,23.5,143,65,91,Medium,Yes,No,Yes,No
P04353,59,Female,23.8,104,129,70,Medium,No,Yes,No,No
P04354,36,Female,26.9,152,203,188,Medium,No,No,Yes,Yes
P04355,26,Male,18.6,111,155,100,High,Yes,No,No,No
P04356,45,Female,27.0,120,135,92,Low,No,Yes,No,No
P04357,37,Male,26.0,176,138,77,High,No,No,Yes,No
P04358,62,Female,31.0,117,125,93,Medium,No,Yes,No,No
P04359,24,Male,31.8,108,65,127,Low,No,No,No,No
P04360,31,Female,28.8,119,88,128,Medium,No,Yes,No,No
P04361,80,Female,27.0,98,123,51,Low,Yes,No,No,Yes
P04362,26,Male,28.8,120,157,52,Low,Yes,No,No,No
P04363,76,Female,23.0,126,189,151,High,No,No,No,Yes
P04364,77,Female,26.6,143,87,81,Medium,No,No,Yes,No
P04365,72,Male,27.1,134,148,102,Low,Yes,No,No,No
P04366,74,Male,26.6,128,65,110,Medium,No,Yes,No,No
P04367,77,Male,26.1,164,113,171,Low,No,No,Yes,Yes
P04368,36,Male,23.9,136,124,165,Medium,Yes,No,No,Yes
P04369,64,Male,21.9,151,184,120,Low,No,Yes,Yes,Yes
P04370,69,Female,26.0,141,96,75,Low,No,No,Yes,No
P04371,31,Male,30.0,150,113,209,Medium,Yes,No,Yes,No
P04372,73,Female,18.3,146,160,137,Low,Yes,No,Yes,Yes
P04373,55,Female,24.5,140,99,167,Low,No,Yes,Yes,No
P04374,70,Male,37.3,136,106,94,Medium,No,No,No,No
P04375,78,Female,26.0,152,75,53,Low,No,No,Yes,No
P04376,53,Female,27.8,114,147,128,Medium,No,No,No,No
P04377,57,Male,36.2,112,75,106,Low,No,No,No,No
P04378,34,Female,28.6,96,162,179,High,No,No,No,No
P04379,47,Male,28.7,134,81,100,Medium,No,Yes,No,No
P04380,26,Male,22.4,146,98,85,High,Yes,No,Yes,No
P04381,50,Male,28.6,106,84,163,Medium,Yes,No,No,No
P04382,73,Female,26.9,112,115,86,Low,No,No,No,No
P04383,69,Female,31.6,151,163,93,Low,No,Yes,Yes,Yes
P04384,42,Female,33.4,137,101,35,High,No,No,No,No
P04385,31,Female,27.2,137,91,156,Medium,No,No,No,No
P04386,28,Male,28.9,132,124,97,Low,No,No,No,Yes
P04387,70,Female,17.6,121,123,52,Medium,No,No,No,No
P04388,52,Male,16.0,97,149,157,Low,No,Yes,No,No
P04389,58,Female,32.5,136,79,93,Medium,Yes,No,No,No
P04390,76,Female,16.0,163,133,187,High,No,No,Yes,No
P04391,31,Female,28.6,130,168,162,Low,No,No,No,Yes
P04392,47,Female,26.1,104,89,51,Medium,No,No,No,No
P04393,58,Female,33.2,121,132,138,Medium,No,No,No,No
P04394,21,Male,26.8,142,89,152,Medium,No,Yes,Yes,No
P04395,76,Female,36.0,144,163,30,Low,Yes,No,Yes,Yes
P04396,21,Female,26.0,153,184,93,Low,No,Yes,Yes,No
P04397,45,Female,32.7,144,83,81,Medium,No,No,Yes,No
P04398,25,Female,19.5,89,135,154,High,No,Yes,No,No
P04399,19,Male,16.0,129,138,64,Low,Yes,Yes,No,No
P04400,58,Female,26.9,99,130,117,High,No,No,No,No
P04401,78,Male,20.0,136,117,192,Low,Yes,Yes,No,Yes
P04402,63,Female,26.7,138,105,20,Low,Yes,Yes,No,Yes
P04403,39,Male,24.9,110,70,109,Medium,Yes,No,No,No
P04404,58,Male,30.0,120,119,111,Medium,No,No,No,No
P04405,73,Male,21.7,113,155,20,Medium,No,No,No,No
P04406,80,Male,29.1,140,164,30,Medium,Yes,No,Yes,Yes
P04407,80,Male,31.3,124,131,144,High,No,Yes,No,No
P04408,72,Female,26.0,113,90,102,High,No,No,No,No
P04409,33,Male,29.4,139,80,114,Low,Yes,No,No,No
P04410,46,Female,22.1,136,103,98,Medium,No,No,No,No
P04411,79,Male,25.1,140,65,161,Medium,No,No,Yes,No
P04412,66,Male,20.3,97,65,213,High,No,No,No,No
P04413,65,Female,38.7,115,78,155,High,No,Yes,No,No
P04414,47,Male,33.1,137,136,20,Medium,Yes,No,No,No
P04415,29,Male,35.3,95,68,103,Medium,No,Yes,No,No
P04416,52,Male,33.1,96,137,169,Low,No,No,No,No
P04417,28,Male,23.7,112,96,86,Low,No,No,No,No
P04418,63,Female,19.3,139,167,169,Low,Yes,No,No,No
P04419,67,Male,24.9,125,104,90,Medium,No,Yes,No,No
P04420,38,Male,29.4,134,109,49,Low,No,Yes,No,No
P04421,80,Female,25.5,107,99,137,Medium,No,No,No,No
P04422,38,Female,16.0,107,99,126,High,No,No,No,No
P04423,22,Male,30.7,150,128,78,Medium,No,No,Yes,No
P04424,65,Male,19.0,133,135,164,Medium,Yes,Yes,No,No
P04425,37,Female,24.9,106,123,22,Medium,No,Yes,No,No
P04426,54,Male,35.7,89,80,152,Medium,Yes,No,No,No
P04427,20,Female,27.2,100,139,80,High,No,Yes,No,No
P04428,61,Male,32.4,106,83,184,Medium,No,No,No,No
P04429,50,Female,28.7,102,87,142,Medium,No,No,No,No
P04430,70,Female,22.0,124,105,89,High,Yes,No,No,No
P04431,78,Female,30.6,137,152,62,Medium,No,No,No,Yes
P04432,26,Male,26.7,123,85,32,Low,Yes,No,No,No
P04433,78,Male,19.6,117,138,102,Medium,Yes,No,No,No
P04434,26,Male,18.7,131,65,108,High,No,Yes,No,No
P04435,21,Male,28.9,119,143,152,Low,Yes,No,No,No
P04436,52,Female,37.7,94,162,73,High,No,Yes,No,No
P04437,34,Female,21.6,129,146,121,Low,Yes,Yes,No,No
P04438,51,Female,22.2,132,123,89,Medium,No,Yes,No,No
P04439,41,Male,29.0,147,101,172,Medium,No,No,Yes,No
P04440,49,Male,20.4,142,92,99,Low,No,Yes,Yes,No
P04441,18,Male,38.8,115,95,72,Low,No,No,No,No
P04442,25,Female,22.7,121,104,51,Medium,No,No,No,No
P04443,62,Male,24.5,126,158,85,Medium,Yes,Yes,No,No
P04444,40,Male,23.0,129,121,94,Medium,No,No,No,No
P04445,64,Female,31.7,152,152,96,Medium,No,Yes,Yes,Yes
P04446,57,Female,37.8,124,232,124,Medium,No,Yes,No,Yes
P04447,29,Male,23.5,116,183,90,Medium,No,No,No,No
P04448,71,Female,31.3,147,124,68,Low,No,Yes,Yes,Yes
P04449,29,Male,20.5,147,105,86,Medium,No,Yes,Yes,No
P04450,63,Female,31.8,141,154,95,Medium,No,No,Yes,No
P04451,64,Female,35.8,96,154,80,Low,Yes,No,No,No
P04452,32,Female,34.3,126,144,33,High,No,No,No,No
P04453,58,Male,27.7,121,177,37,Medium,No,No,No,No
P04454,36,Male,21.8,133,92,20,High,Yes,No,No,No
P04455,43,Male,27.0,109,135,113,Medium,Yes,No,No,No
P04456,69,Female,25.4,140,124,125,Low,No,Yes,Yes,No
P04457,46,Female,24.8,131,149,67,Low,No,Yes,No,No
P04458,39,Female,28.0,141,109,127,High,No,No,Yes,No
P04459,57,Female,26.7,112,138,88,Medium,No,No,No,No
P04460,38,Male,30.5,130,65,98,High,No,No,No,No
P04461,68,Male,30.6,139,124,46,Medium,No,No,No,No
P04462,55,Male,26.7,85,185,161,High,Yes,No,No,No
P04463,37,Female,29.2,137,107,177,Medium,No,No,No,No
P04464,74,Female,33.6,119,121,120,Low,No,No,No,No
P04465,46,Male,24.3,125,162,71,High,No,No,No,No
P04466,68,Female,27.1,148,141,109,Medium,No,Yes,Yes,No
P04467,21,Male,21.9,145,65,70,Medium,No,No,Yes,No
P04468,72,Female,29.4,115,120,45,Medium,No,No,No,Yes
P04469,24,Female,28.0,95,138,137,High,No,Yes,No,No
P04470,45,Male,29.3,124,173,60,Low,Yes,No,No,No
P04471,45,Male,22.1,144,166,67,Low,No,Yes,Yes,Yes
P04472,21,Female,30.8,149,123,20,Medium,No,Yes,Yes,Yes
P04473,39,Male,27.5,87,147,153,High,No,No,No,No
P04474,29,Male,32.1,136,122,173,Medium,No,No,No,No
P04475,62,Female,24.8,133,107,138,Low,No,Yes,No,No
P04476,20,Female,30.4,139,163,142,Medium,Yes,No,No,No
P04477,39,Female,29.2,125,161,45,Medium,Yes,No,No,No
P04478,61,Male,34.6,93,134,93,Medium,No,No,No,No
P04479,19,Female,26.4,117,102,138,Medium,No,Yes,No,No
P04480,41,Female,24.2,108,124,61,Medium,No,No,No,No
P04481,51,Female,24.5,106,126,87,Medium,No,Yes,No,No
P04482,44,Female,21.5,139,157,31,High,Yes,Yes,No,No
P04483,72,Female,24.5,122,114,91,Medium,Yes,No,No,No
P04484,58,Male,16.0,132,126,97,Low,Yes,No,No,No
P04485,18,Female,33.8,144,132,128,Low,No,Yes,Yes,No
P04486,25,Female,36.7,94,116,30,Low,No,No,No,No
P04487,40,Male,26.3,154,134,30,Medium,No,Yes,Yes,No
P04488,55,Female,29.2,157,129,160,Medium,No,No,Yes,No
P04489,23,Female,27.8,93,96,153,Medium,No,Yes,No,No
P04490,39,Male,20.4,137,106,76,Low,Yes,Yes,No,No
P04491,42,Female,32.1,161,76,174,Medium,Yes,Yes,Yes,Yes
P04492,35,Male,32.9,100,99,112,Medium,No,Yes,No,No
P04493,34,Female,21.8,104,175,156,Low,No,No,No,No
P04494,78,Male,28.6,140,148,92,Low,No,No,Yes,Yes
P04495,29,Male,25.7,133,97,119,Medium,Yes,No,No,No
P04496,23,Female,32.9,129,118,90,High,No,No,No,Yes
P04497,43,Male,26.6,120,95,180,Low,No,No,No,No
P04498,44,Male,26.7,128,150,98,Medium,No,No,No,No
P04499,25,Female,36.1,85,134,101,Medium,No,Yes,No,No
P04500,36,Female,20.6,103,149,32,Low,Yes,Yes,No,No
P04501,77,Male,28.2,123,114,100,Medium,No,No,No,No
P04502,59,Female,27.4,87,160,183,Medium,No,No,No,Yes
P04503,18,Male,24.0,122,83,166,Medium,Yes,No,No,No
P04504,74,Male,37.2,125,104,97,Medium,No,No,No,No
P04505,46,Female,28.7,112,111,101,Medium,No,No,No,No
P04506,62,Female,30.4,113,153,49,Medium,No,No,No,No
P04507,66,Male,31.1,106,106,121,Medium,No,No,No,No
P04508,52,Female,25.4,116,91,120,Low,No,Yes,No,No
P04509,57,Female,33.2,131,125,129,High,No,Yes,No,No
P04510,31,Male,32.2,133,210,33,Low,No,Yes,No,Yes
P04511,52,Male,26.4,143,91,157,Medium,Yes,Yes,Yes,No
P04512,65,Male,31.7,122,168,95,Medium,Yes,No,No,No
P04513,62,Male,33.2,133,125,160,Medium,Yes,No,No,No
P04514,37,Male,31.0,99,125,114,Medium,Yes,Yes,No,No
P04515,73,Male,22.8,129,104,169,High,No,No,No,No
P04516,66,Female,26.5,121,147,134,Low,No,No,No,Yes
P04517,30,Male,29.4,134,161,67,Medium,No,No,No,No
P04518,78,Female,28.3,120,178,142,High,No,Yes,No,Yes
P04519,55,Female,23.3,118,135,151,Low,Yes,No,No,Yes
P04520,66,Male,25.6,110,101,114,Medium,Yes,Yes,No,No
P04521,63,Female,28.8,143,188,92,High,No,No,Yes,Yes
P04522,66,Male,19.5,114,109,147,Low,Yes,No,No,No
P04523,79,Female,27.1,159,98,157,Low,No,Yes,Yes,No
P04524,25,Male,30.5,101,135,46,Medium,No,Yes,No,No
P04525,60,Male,28.4,146,91,111,High,No,No,Yes,No
P04526,37,Male,22.7,86,108,96,Low,Yes,Yes,No,Yes
P04527,77,Male,23.6,122,147,190,Low,No,Yes,No,No
P04528,50,Female,34.4,114,226,73,High,No,No,No,Yes
P04529,43,Female,22.3,133,145,130,Low,No,Yes,No,No
P04530,56,Female,32.9,140,166,136,High,No,No,Yes,No
P04531,38,Female,23.9,160,107,108,Medium,No,No,Yes,No
P04532,70,Female,32.7,115,134,167,High,No,No,No,No
P04533,66,Male,29.7,112,65,101,Low,No,No,No,No
P04534,79,Male,25.3,141,78,50,Low,No,Yes,Yes,No
P04535,59,Male,18.2,123,130,171,Medium,No,No,No,No
P04536,60,Male,29.0,114,137,85,Low,Yes,Yes,No,Yes
P04537,71,Male,27.9,117,155,109,Low,No,Yes,No,Yes
P04538,79,Female,29.1,112,118,98,High,Yes,No,No,No
P04539,58,Male,29.7,95,178,62,Low,No,No,No,No
P04540,26,Male,20.4,153,144,64,Medium,Yes,No,Yes,No
P04541,41,Female,29.0,134,65,36,Medium,No,Yes,No,No
P04542,54,Female,30.7,96,65,128,Low,Yes,No,No,No
P04543,66,Male,30.7,152,129,137,Low,No,No,Yes,No
P04544,58,Male,20.7,128,117,116,Medium,No,No,No,No
P04545,34,Female,32.8,121,133,132,Medium,No,No,No,No
P04546,41,Male,29.1,135,113,99,High,No,No,No,No
P04547,38,Male,29.8,117,104,114,Medium,Yes,No,No,Yes
P04548,68,Male,22.5,101,99,104,High,No,No,No,No
P04549,76,Female,30.8,115,123,102,Low,No,No,No,No
P04550,56,Male,18.4,124,154,56,Medium,No,No,No,No
P04551,72,Male,22.8,109,87,164,High,No,Yes,No,No
P04552,58,Female,33.3,134,120,92,Low,Yes,Yes,No,Yes
P04553,56,Female,30.5,148,175,84,Medium,No,No,Yes,No
P04554,30,Female,28.5,118,65,80,Medium,No,Yes,No,No
P04555,28,Male,31.7,85,147,88,High,No,Yes,No,No
P04556,63,Female,32.1,122,118,88,Low,No,Yes,No,No
P04557,36,Male,30.8,110,98,114,Medium,No,Yes,No,No
P04558,28,Female,25.9,121,106,29,Medium,No,No,No,No
P04559,30,Male,22.6,121,161,66,Medium,No,Yes,No,No
P04560,80,Female,23.7,109,120,172,Medium,No,Yes,No,No
P04561,63,Male,34.1,100,87,169,Medium,No,No,No,No
P04562,62,Male,20.6,125,95,93,Medium,No,No,No,No
P04563,18,Female,29.5,111,108,217,Low,No,No,No,No
P04564,57,Female,29.5,156,155,137,Medium,No,No,Yes,Yes
P04565,61,Male,34.3,129,107,171,Medium,No,Yes,No,No
P04566,36,Female,29.4,112,124,109,Low,No,Yes,No,No
P04567,29,Male,24.9,116,101,94,High,Yes,No,No,No
P04568,25,Female,25.0,122,111,148,Medium,No,Yes,No,No
P04569,25,Female,27.0,127,119,155,Medium,No,No,No,No
P04570,78,Male,32.7,136,92,93,Medium,Yes,No,No,No
P04571,70,Female,31.0,146,98,125,Low,Yes,No,Yes,Yes
P04572,62,Female,21.6,124,107,20,Low,No,No,No,No
P04573,29,Male,28.4,133,178,76,Medium,Yes,No,No,No
P04574,78,Male,31.1,133,127,169,Medium,Yes,No,No,No
P04575,65,Female,25.8,127,94,81,Low,No,No,No,No
P04576,50,Male,16.2,121,155,103,Medium,No,Yes,No,No
P04577,62,Female,26.0,128,156,99,High,No,No,No,No
P04578,43,Female,19.6,113,93,56,High,Yes,No,No,No
P04579,56,Male,18.8,105,182,101,Medium,No,No,No,No
P04580,45,Male,32.3,151,138,96,Low,No,No,Yes,No
P04581,75,Male,39.6,129,140,64,Low,Yes,No,No,Yes
P04582,22,Male,33.8,130,138,99,High,No,Yes,No,No
P04583,25,Male,16.0,121,137,52,High,Yes,No,No,No
P04584,42,Male,26.1,134,121,103,Medium,Yes,No,No,No
P04585,44,Female,24.1,122,148,102,High,No,No,No,No
P04586,63,Female,19.6,98,113,194,High,Yes,Yes,No,No
P04587,40,Male,29.3,115,180,69,Low,Yes,No,No,Yes
P04588,47,Female,26.1,136,65,142,Low,No,No,No,No
P04589,62,Female,21.2,114,93,40,Low,No,Yes,No,No
P04590,64,Female,16.7,92,137,216,Medium,No,No,No,No
P04591,40,Female,24.0,120,122,123,Low,Yes,No,No,No
P04592,66,Male,27.0,94,107,116,Medium,No,No,No,No
P04593,64,Female,26.4,119,131,133,Low,No,Yes,No,No
P04594,37,Female,32.3,146,82,108,Medium,No,Yes,Yes,No
P04595,35,Male,28.7,102,89,86,Low,No,No,No,No
P04596,35,Male,25.3,137,121,63,Medium,No,No,No,No
P04597,19,Male,22.9,156,138,114,Medium,No,Yes,Yes,No
P04598,21,Male,18.1,148,100,161,Low,Yes,Yes,Yes,No
P04599,47,Female,21.5,121,65,21,Medium,No,No,No,No
P04600,50,Male,33.8,109,133,205,High,No,Yes,No,No
P04601,80,Female,31.3,128,142,66,High,No,Yes,No,No
P04602,53,Female,28.4,128,87,119,Low,No,No,No,No
P04603,35,Male,24.5,142,111,72,Low,No,No,Yes,No
P04604,54,Male,33.2,126,157,102,Medium,Yes,No,No,No
P04605,36,Male,21.9,132,84,120,Low,No,Yes,No,No
P04606,64,Male,22.0,109,124,97,High,Yes,No,No,No
P04607,45,Male,26.5,138,102,113,Medium,No,Yes,No,No
P04608,57,Male,16.1,102,201,110,Low,No,No,No,No
P04609,37,Female,21.8,114,82,130,High,No,No,No,No
P04610,66,Female,25.8,136,65,127,Low,No,No,No,No
P04611,50,Female,24.7,148,146,20,Low,No,Yes,Yes,Yes
P04612,29,Female,22.1,137,114,90,Low,No,No,No,No
P04613,75,Male,37.2,124,89,165,Low,No,No,No,No
P04614,68,Male,33.8,125,108,143,Medium,No,No,No,No
P04615,32,Female,35.6,109,178,55,Medium,No,No,No,No
P04616,58,Female,26.5,118,125,88,Medium,No,Yes,No,No
P04617,56,Female,24.6,91,176,95,Low,No,No,No,No
P04618,19,Male,35.0,155,82,94,Medium,No,Yes,Yes,No
P04619,80,Male,27.4,165,163,98,Low,No,No,Yes,Yes
P04620,46,Male,21.7,90,91,82,Medium,Yes,No,No,No
P04621,58,Female,22.0,99,168,61,High,No,Yes,No,No
P04622,27,Female,25.4,150,165,201,Low,No,Yes,Yes,No
P04623,19,Male,26.9,111,90,113,High,No,No,No,No
P04624,68,Male,27.4,150,140,95,Low,No,Yes,Yes,Yes
P04625,28,Female,26.1,139,132,139,High,Yes,No,No,No
P04626,30,Female,38.7,119,158,35,Low,No,No,No,No
P04627,27,Male,20.2,142,85,130,High,No,Yes,Yes,No
P04628,31,Female,30.4,124,111,39,Medium,No,No,No,No
P04629,35,Male,24.6,124,127,121,Low,Yes,No,No,No
P04630,68,Male,26.8,135,178,66,Low,Yes,Yes,No,Yes
P04631,71,Female,31.7,139,127,137,Medium,No,Yes,No,No
P04632,26,Female,18.1,143,91,225,High,No,No,Yes,No
P04633,74,Female,22.3,167,136,112,Medium,Yes,Yes,Yes,No
P04634,56,Male,26.3,132,89,38,Medium,Yes,No,No,No
P04635,45,Female,34.4,148,66,76,Low,No,No,Yes,No
P04636,20,Female,34.4,148,119,120,Low,No,No,Yes,No
P04637,37,Male,33.4,137,135,162,Low,Yes,No,No,No
P04638,23,Male,16.0,116,132,55,Medium,Yes,Yes,No,No
P04639,44,Female,21.8,145,127,189,Low,Yes,No,Yes,No
P04640,70,Male,22.0,133,187,133,High,No,No,No,No
P04641,19,Male,26.7,102,179,105,Medium,No,No,No,No
P04642,46,Male,17.7,143,96,144,Medium,No,No,Yes,No
P04643,55,Female,32.5,96,158,48,Medium,Yes,No,No,No
P04644,20,Female,17.0,137,204,64,Medium,No,Yes,No,No
P04645,33,Male,32.2,115,187,43,Medium,Yes,Yes,No,No
P04646,47,Male,31.4,128,160,206,Low,Yes,Yes,No,Yes
P04647,57,Male,21.5,100,120,106,High,No,No,No,No
P04648,19,Female,33.3,112,79,113,High,No,Yes,No,No
P04649,34,Male,25.3,116,91,156,Medium,No,Yes,No,No
P04650,58,Male,24.0,122,143,41,Low,No,Yes,No,Yes
P04651,79,Female,24.9,114,135,68,Low,Yes,No,No,Yes
P04652,29,Male,25.3,131,127,121,High,No,No,No,No
P04653,52,Female,25.8,134,157,181,Medium,No,No,No,Yes
P04654,60,Female,25.9,117,166,145,High,No,No,No,No
P04655,18,Female,22.5,126,166,121,Low,No,Yes,No,No
P04656,72,Male,23.7,135,151,117,Medium,No,No,No,No
P04657,62,Male,24.1,85,143,156,Medium,No,Yes,No,No
P04658,32,Female,35.4,133,107,62,Medium,No,Yes,No,No
P04659,43,Male,24.1,113,128,118,Low,No,No,No,No
P04660,54,Female,23.8,85,138,126,High,Yes,Yes,No,No
P04661,38,Male,34.6,118,123,93,Low,Yes,No,No,No
P04662,79,Female,25.4,107,69,99,Medium,No,Yes,No,No
P04663,66,Female,22.5,117,136,33,Medium,No,No,No,No
P04664,80,Male,21.5,133,123,80,Medium,No,No,No,Yes
P04665,48,Male,19.9,140,120,20,High,No,Yes,Yes,No
P04666,42,Male,29.7,148,145,135,High,No,No,Yes,Yes
P04667,40,Male,18.0,149,144,111,Low,No,No,Yes,No
P04668,41,Female,33.7,106,167,99,Medium,No,No,No,No
P04669,74,Female,26.5,147,146,117,High,No,Yes,Yes,No
P04670,55,Male,24.8,103,112,119,High,No,No,No,No
P04671,45,Male,25.9,144,171,89,High,No,No,Yes,No
P04672,38,Female,29.3,135,178,42,Medium,No,No,No,No
P04673,71,Male,24.7,128,124,127,Medium,No,No,No,No
P04674,60,Male,26.0,109,169,60,Low,No,Yes,No,No
P04675,35,Male,32.3,147,131,121,Medium,No,No,Yes,No
P04676,53,Male,28.7,107,165,164,Low,Yes,Yes,No,Yes
P04677,52,Female,20.8,125,171,185,Medium,No,No,No,No
P04678,62,Female,23.5,126,103,122,High,No,Yes,No,No
P04679,72,Male,18.1,94,174,91,Low,No,Yes,No,No
P04680,26,Female,30.1,128,127,84,Medium,No,No,No,No
P04681,70,Male,30.6,105,139,120,Medium,No,No,No,No
P04682,55,Male,22.3,151,164,20,Medium,Yes,No,Yes,Yes
P04683,75,Male,38.5,174,116,69,Low,Yes,No,Yes,Yes
P04684,47,Female,39.2,112,160,71,Low,No,Yes,No,No
P04685,77,Female,27.1,118,131,123,High,No,No,No,No
P04686,61,Female,23.0,128,109,102,Low,No,No,No,No
P04687,51,Female,28.4,88,148,112,Low,Yes,No,No,No
P04688,49,Female,22.9,155,169,99,High,No,Yes,Yes,Yes
P04689,20,Male,31.8,119,129,95,Medium,No,Yes,No,No
P04690,20,Male,27.8,118,90,119,High,No,Yes,No,No
P04691,45,Female,28.2,137,114,136,High,Yes,No,No,No
P04692,61,Female,35.8,127,100,153,High,No,Yes,No,No
P04693,32,Female,23.9,128,205,104,Low,No,Yes,No,Yes
P04694,58,Male,24.1,140,94,152,Low,No,Yes,Yes,No
P04695,80,Female,31.3,123,65,177,Low,No,No,No,No
P04696,40,Male,24.9,105,112,78,Medium,Yes,No,No,No
P04697,57,Male,35.0,147,132,141,Low,Yes,Yes,Yes,Yes
P04698,28,Female,32.0,114,126,79,Medium,No,Yes,No,No
P04699,65,Male,25.1,115,131,160,Medium,No,Yes,No,No
P04700,49,Male,17.9,129,80,113,Low,No,Yes,No,No
P04701,75,Female,19.7,101,127,87,Low,Yes,No,No,No
P04702,76,Male,24.6,129,90,64,Medium,No,No,No,No
P04703,74,Female,29.0,142,157,79,Low,No,Yes,Yes,Yes
P04704,71,Male,32.5,153,85,98,Medium,No,No,Yes,No
P04705,53,Female,25.9,138,122,156,Medium,No,No,No,No
P04706,77,Female,22.6,144,97,92,Low,Yes,No,Yes,Yes
P04707,50,Male,26.3,113,158,85,Low,No,Yes,No,No
P04708,41,Female,27.1,140,109,185,Low,No,No,Yes,No
P04709,56,Male,33.5,122,88,87,Medium,No,No,No,No
P04710,51,Male,33.2,146,162,53,Medium,No,Yes,Yes,No
P04711,73,Female,22.0,127,65,43,Medium,Yes,No,No,No
P04712,45,Male,29.3,144,149,72,Low,Yes,No,Yes,Yes
P04713,54,Female,22.7,128,137,105,Medium,No,No,No,No
P04714,24,Male,22.9,111,213,106,High,Yes,No,No,No
P04715,21,Male,32.2,126,148,77,Low,No,No,No,No
P04716,54,Female,26.0,119,143,35,High,Yes,No,No,No
P04717,73,Male,30.2,148,95,65,High,Yes,Yes,Yes,No
P04718,18,Male,29.7,101,117,46,Low,No,No,No,No
P04719,18,Male,26.6,95,134,20,Medium,Yes,Yes,No,No
P04720,64,Male,28.7,130,175,20,Low,No,Yes,No,Yes
P04721,37,Male,28.0,119,98,118,Low,Yes,No,No,No
P04722,36,Male,21.2,104,65,91,Medium,No,No,No,No
P04723,46,Male,29.4,124,128,131,Medium,No,No,No,No
P04724,27,Male,23.5,130,69,75,High,No,No,No,No
P04725,77,Female,21.7,147,153,78,High,Yes,Yes,Yes,Yes
P04726,35,Male,31.3,92,178,66,High,Yes,Yes,No,No
P04727,45,Male,24.0,128,161,65,Low,No,Yes,No,Yes
P04728,52,Female,32.6,155,107,71,Medium,No,Yes,Yes,No
P04729,60,Female,32.5,154,182,183,Medium,No,No,Yes,Yes
P04730,64,Female,24.6,127,98,100,Medium,Yes,No,No,No
P04731,48,Male,32.3,114,91,69,High,No,Yes,No,No
P04732,44,Female,25.1,120,175,148,Medium,No,No,No,No
P04733,79,Female,26.7,107,113,104,Medium,No,No,No,No
P04734,28,Male,29.5,117,131,154,Medium,No,No,No,No
P04735,66,Male,37.2,126,161,127,Low,No,Yes,No,No
P04736,66,Female,31.7,133,87,111,Low,Yes,No,No,No
P04737,55,Female,26.7,140,106,118,Medium,No,No,Yes,No
P04738,22,Male,27.5,123,104,122,High,Yes,No,No,No
P04739,25,Male,19.1,122,117,48,Medium,Yes,Yes,No,No
P04740,51,Male,32.0,141,100,110,Low,Yes,No,Yes,No
P04741,65,Male,31.5,119,138,118,High,Yes,Yes,No,No
P04742,69,Male,28.4,138,138,123,Medium,No,Yes,No,No
P04743,73,Female,30.6,95,125,83,Low,No,Yes,No,No
P04744,29,Male,16.9,133,133,159,Low,No,No,No,No
P04745,55,Male,21.6,163,102,115,Low,No,No,Yes,No
P04746,18,Male,36.0,108,126,86,Medium,No,No,No,No
P04747,48,Male,25.7,151,66,123,Medium,No,Yes,Yes,No
P04748,21,Male,30.8,137,160,152,Medium,No,No,No,No
P04749,66,Female,23.3,141,105,72,Medium,No,No,Yes,No
P04750,62,Male,24.8,137,107,66,Medium,No,No,No,No
P04751,67,Female,36.3,114,92,142,High,No,Yes,No,No
P04752,22,Male,26.2,102,130,148,High,No,No,No,No
P04753,47,Female,29.6,134,106,100,High,No,No,No,No
P04754,73,Female,27.7,123,147,97,Low,Yes,Yes,No,Yes
P04755,41,Male,28.2,100,88,145,High,No,No,No,No
P04756,76,Male,28.1,117,130,69,Low,No,No,No,No
P04757,20,Male,17.1,106,140,20,Low,Yes,Yes,No,No
P04758,28,Male,29.4,160,153,110,Low,No,No,Yes,No
P04759,62,Male,24.3,140,148,110,Low,No,No,Yes,No
P04760,21,Female,35.9,107,93,147,Medium,No,No,No,No
P04761,43,Male,23.1,134,127,141,Medium,No,No,No,No
P04762,44,Male,24.6,104,121,180,Low,No,Yes,No,No
P04763,63,Female,39.2,92,88,117,High,No,No,No,No
P04764,71,Male,30.6,112,124,205,Medium,No,No,No,No
P04765,60,Female,22.1,122,76,158,Low,No,Yes,No,No
P04766,44,Male,27.9,132,133,110,Low,No,No,No,No
P04767,59,Female,20.9,141,167,153,Medium,No,Yes,Yes,Yes
P04768,68,Male,28.3,119,160,65,High,No,Yes,No,No
P04769,67,Female,23.0,137,139,92,Medium,Yes,No,No,No
P04770,23,Female,36.3,96,134,98,Low,Yes,No,No,No
P04771,76,Male,29.1,151,121,96,Low,Yes,No,Yes,Yes
P04772,78,Male,29.6,97,201,143,Low,No,No,No,Yes
P04773,32,Male,31.7,116,118,155,High,No,Yes,No,No
P04774,70,Female,32.3,112,79,140,High,Yes,Yes,No,No
P04775,47,Female,23.6,99,152,77,Low,Yes,No,No,No
P04776,59,Female,27.5,131,141,136,Low,No,No,No,No
P04777,54,Male,24.8,156,86,160,Low,Yes,No,Yes,No
P04778,75,Male,37.5,92,111,138,High,No,No,No,No
P04779,78,Female,16.0,85,131,42,High,Yes,No,No,No
P04780,54,Male,24.1,109,105,61,Medium,No,Yes,No,No
P04781,59,Female,26.6,121,157,130,High,No,No,No,No
P04782,77,Male,27.7,139,98,157,Low,Yes,Yes,No,Yes
P04783,54,Male,27.6,116,116,61,Medium,No,No,No,No
P04784,52,Female,26.8,92,110,105,High,Yes,No,No,No
P04785,40,Male,26.2,148,141,107,High,Yes,No,Yes,Yes
P04786,23,Male,28.2,109,147,60,Medium,No,Yes,No,No
P04787,21,Male,29.3,136,141,118,Low,No,No,No,Yes
P04788,35,Male,36.0,105,65,123,High,No,Yes,No,No
P04789,77,Male,35.9,122,131,113,Medium,Yes,No,No,No
P04790,26,Female,28.5,131,142,150,Low,No,No,No,No
P04791,66,Male,24.5,110,146,103,Medium,No,No,No,Yes
P04792,46,Female,24.9,133,119,137,Low,Yes,Yes,No,No
P04793,30,Male,20.4,119,126,124,Medium,Yes,No,No,No
P04794,76,Male,31.8,117,105,135,Low,No,No,No,No
P04795,64,Female,26.8,152,170,84,Medium,No,No,Yes,Yes
P04796,79,Female,29.2,131,78,129,Medium,No,No,No,No
P04797,69,Male,28.7,134,141,157,Medium,Yes,No,No,Yes
P04798,34,Male,23.5,138,90,147,Low,Yes,Yes,No,No
P04799,62,Female,22.9,135,108,160,Medium,No,No,No,No
P04800,49,Female,24.7,131,124,114,Medium,Yes,Yes,No,Yes
P04801,65,Female,29.4,147,65,177,Medium,No,No,Yes,Yes
P04802,39,Female,26.6,108,76,92,Low,No,No,No,No
P04803,21,Male,18.2,128,69,94,High,Yes,Yes,No,No
P04804,22,Male,21.9,119,140,184,Low,No,No,No,No
P04805,54,Male,25.7,128,161,126,Low,No,No,No,No
P04806,58,Male,26.8,112,69,146,Medium,Yes,Yes,No,No
P04807,66,Male,29.6,96,119,28,Low,No,Yes,No,No
P04808,30,Female,27.2,139,135,121,High,Yes,No,No,No
P04809,51,Female,25.2,168,134,118,Medium,No,Yes,Yes,No
P04810,62,Female,25.0,144,195,131,Medium,No,No,Yes,Yes
P04811,39,Male,28.0,141,130,130,Medium,No,No,Yes,No
P04812,70,Female,29.1,130,93,90,Medium,No,Yes,No,No
P04813,76,Male,25.4,122,151,215,High,No,No,No,No
P04814,40,Male,21.6,123,181,70,High,No,No,No,No
P04815,68,Male,26.5,123,79,94,Medium,No,Yes,No,No
P04816,20,Female,23.8,113,144,147,Medium,No,No,No,No
P04817,59,Male,28.4,95,126,60,Low,No,No,No,No
P04818,51,Male,34.4,129,92,103,High,No,No,No,No
P04819,49,Female,20.2,120,103,140,Medium,Yes,No,No,No
P04820,62,Male,32.8,146,181,85,Medium,No,Yes,Yes,Yes
P04821,68,Female,29.3,138,152,75,Medium,No,Yes,No,Yes
P04822,75,Male,32.5,88,140,125,Medium,No,No,No,No
P04823,66,Female,24.8,156,73,113,Medium,No,No,Yes,No
P04824,38,Male,19.8,116,149,78,Medium,No,No,No,No
P04825,63,Male,27.9,119,164,112,Medium,Yes,No,No,No
P04826,80,Female,34.0,95,77,105,High,Yes,No,No,No
P04827,61,Male,21.7,130,126,150,Low,Yes,Yes,No,No
P04828,38,Female,22.4,132,160,62,Low,No,No,No,No
P04829,61,Male,29.9,156,156,68,Low,No,Yes,Yes,Yes
P04830,28,Female,24.4,140,147,95,Low,No,No,Yes,No
P04831,56,Male,35.3,116,127,94,Low,No,No,No,No
P04832,21,Male,30.3,93,163,148,Low,Yes,No,No,No
P04833,68,Male,23.4,115,131,112,Medium,No,No,No,No
P04834,18,Female,24.2,144,144,135,Low,No,Yes,Yes,Yes
P04835,45,Female,24.4,118,137,170,Medium,No,Yes,No,No
P04836,80,Female,26.8,105,88,69,High,Yes,No,No,No
P04837,41,Female,28.5,128,93,170,Medium,No,No,No,No
P04838,78,Female,28.2,119,74,107,High,No,No,No,No
P04839,52,Male,21.4,117,112,20,Medium,No,No,No,No
P04840,30,Male,31.5,112,153,116,High,No,No,No,No
P04841,64,Male,25.5,127,137,43,Medium,No,Yes,No,No
P04842,51,Male,22.4,143,124,46,High,No,No,Yes,No
P04843,28,Male,24.7,134,173,60,Low,No,Yes,No,No
P04844,53,Female,32.1,90,114,102,Medium,No,No,No,No
P04845,68,Male,28.0,153,145,49,High,No,Yes,Yes,Yes
P04846,78,Female,28.4,139,113,162,Low,No,No,No,No
P04847,34,Male,21.2,130,73,155,Medium,No,No,No,No
P04848,52,Female,27.7,133,99,222,Medium,No,Yes,No,No
P04849,77,Female,32.0,136,98,102,Medium,No,Yes,No,Yes
P04850,35,Female,18.0,132,75,83,Low,No,No,No,Yes
P04851,57,Male,25.1,108,120,115,Medium,No,No,No,No
P04852,39,Male,30.1,134,99,144,Low,No,No,No,Yes
P04853,74,Male,27.8,128,177,163,Low,Yes,Yes,No,Yes
P04854,41,Male,21.9,133,117,78,Medium,No,No,No,No
P04855,75,Female,29.0,114,96,150,Low,No,No,No,No
P04856,36,Female,21.2,145,87,150,High,Yes,No,Yes,No
P04857,54,Female,22.7,115,86,238,Low,No,Yes,No,No
P04858,56,Female,23.2,124,156,169,High,No,Yes,No,No
P04859,38,Male,34.7,116,159,190,Medium,Yes,No,No,No
P04860,25,Female,18.7,107,65,195,Medium,No,No,No,No
P04861,45,Male,19.0,138,201,75,High,No,Yes,No,No
P04862,22,Female,28.4,116,128,71,High,No,No,No,No
P04863,34,Female,27.5,128,161,150,Low,No,No,No,Yes
P04864,54,Female,24.7,100,97,89,Medium,No,No,No,No
P04865,53,Male,27.1,92,91,140,Medium,No,Yes,No,No
P04866,71,Male,21.7,156,116,102,Medium,No,No,Yes,No
P04867,36,Female,27.5,154,138,124,Medium,Yes,Yes,Yes,Yes
P04868,80,Female,28.0,114,133,120,Medium,Yes,No,No,No
P04869,44,Female,33.1,133,166,138,High,No,No,No,No
P04870,70,Male,36.5,117,65,52,Medium,No,Yes,No,No
P04871,51,Male,25.7,137,157,47,Low,Yes,No,No,Yes
P04872,28,Male,20.6,106,143,101,High,No,No,No,No
P04873,71,Female,28.9,104,136,110,Medium,No,No,No,No
P04874,62,Male,26.3,125,78,181,Low,No,No,No,No
P04875,64,Female,26.1,132,97,124,Low,No,Yes,No,No
P04876,29,Male,18.9,112,147,116,Low,No,No,No,No
P04877,71,Female,27.5,102,65,94,Low,No,No,No,No
P04878,38,Female,29.1,148,65,128,High,No,No,Yes,No
P04879,71,Male,32.0,117,141,95,Low,No,No,No,No
P04880,28,Female,24.5,117,145,52,Medium,No,No,No,No
P04881,56,Female,22.9,147,99,153,Medium,No,Yes,Yes,No
P04882,45,Female,24.4,165,99,83,Medium,No,No,Yes,No
P04883,22,Male,31.7,131,158,86,Medium,No,No,No,No
P04884,34,Female,33.9,141,156,41,Medium,No,No,Yes,No
P04885,73,Male,32.6,105,113,122,Medium,Yes,No,No,No
P04886,37,Male,30.2,138,82,182,Medium,No,No,No,No
P04887,58,Female,26.8,140,177,28,High,Yes,No,Yes,Yes
P04888,63,Male,27.6,108,80,33,Medium,No,No,No,No
P04889,75,Female,28.3,115,149,123,Medium,No,Yes,No,No
P04890,29,Male,25.7,147,167,117,Medium,No,No,Yes,Yes
P04891,23,Female,31.4,120,125,84,Medium,No,No,No,No
P04892,34,Male,18.7,151,104,80,Medium,No,No,Yes,No
P04893,68,Female,19.7,125,69,118,Medium,Yes,Yes,No,No
P04894,36,Female,18.7,124,127,20,Low,No,No,No,No
P04895,43,Female,23.0,143,74,46,High,No,Yes,Yes,No
P04896,65,Female,33.7,162,136,60,High,No,No,Yes,Yes
P04897,61,Male,21.1,137,65,87,Medium,Yes,No,No,No
P04898,61,Male,21.2,128,66,89,Medium,No,No,No,No
P04899,69,Female,22.9,148,130,20,Medium,No,No,Yes,No
P04900,49,Male,32.5,149,154,46,Low,Yes,No,Yes,Yes
P04901,23,Female,34.2,135,115,131,Medium,No,Yes,No,No
P04902,80,Female,32.1,132,162,128,High,Yes,No,No,Yes
P04903,72,Male,32.4,138,105,144,Medium,No,Yes,No,No
P04904,75,Male,35.3,99,201,129,Low,No,No,No,Yes
P04905,53,Female,18.0,106,78,100,Low,Yes,No,No,No
P04906,55,Male,20.9,129,100,61,High,Yes,Yes,No,No
P04907,28,Female,23.5,111,172,61,High,Yes,No,No,No
P04908,50,Male,27.5,126,116,67,Low,No,No,No,No
P04909,79,Male,27.5,129,158,142,Low,No,No,No,Yes
P04910,41,Male,27.6,107,79,129,Low,No,Yes,No,No
P04911,40,Male,31.2,136,92,62,Low,No,No,No,No
P04912,32,Male,17.4,91,146,122,Medium,Yes,Yes,No,No
P04913,44,Female,26.3,119,75,133,Medium,Yes,Yes,No,No
P04914,28,Male,28.3,97,83,128,High,No,No,No,No
P04915,74,Male,25.4,119,121,145,High,Yes,No,No,No
P04916,68,Female,27.9,142,171,107,High,Yes,No,Yes,Yes
P04917,67,Female,32.1,112,138,93,High,No,No,No,No
P04918,34,Female,27.3,89,118,108,Medium,Yes,Yes,No,No
P04919,68,Male,37.7,121,131,151,Medium,No,Yes,No,No
P04920,70,Male,31.8,110,65,139,Low,Yes,Yes,No,No
P04921,31,Female,28.3,125,105,109,Low,No,No,No,No
P04922,44,Female,29.5,121,140,157,Medium,No,No,No,No
P04923,35,Female,30.7,128,133,189,Medium,No,No,No,No
P04924,45,Female,35.4,146,146,220,High,No,No,Yes,No
P04925,68,Male,32.9,118,150,220,Medium,No,Yes,No,No
P04926,64,Male,29.6,127,133,250,Low,No,No,No,No
P04927,80,Male,23.4,119,65,166,Medium,No,Yes,No,No
P04928,64,Male,29.1,143,137,20,High,No,No,Yes,Yes
P04929,21,Male,29.9,128,108,115,High,Yes,Yes,No,No
P04930,24,Female,30.9,134,111,39,Low,Yes,No,No,No
P04931,62,Male,23.3,139,112,180,Low,No,No,No,Yes
P04932,52,Female,30.7,90,135,91,Medium,No,No,No,No
P04933,65,Female,31.0,139,74,125,Low,No,No,No,No
P04934,80,Female,21.0,132,65,98,Medium,No,No,No,No
P04935,26,Male,21.0,113,82,186,Medium,No,No,No,No
P04936,25,Female,32.6,148,157,52,Low,No,No,Yes,No
P04937,69,Male,22.7,143,110,137,Low,No,No,Yes,No
P04938,62,Female,34.7,122,143,58,High,No,No,No,No
P04939,34,Male,25.6,88,142,20,Low,No,No,No,No
P04940,34,Female,28.9,124,139,113,Low,No,Yes,No,No
P04941,66,Male,28.7,107,143,50,Low,No,No,No,No
P04942,50,Female,23.4,85,107,38,Low,No,Yes,No,No
P04943,49,Female,34.0,135,148,34,Medium,No,No,No,No
P04944,25,Female,25.6,152,138,87,Low,No,Yes,Yes,No
P04945,36,Female,27.3,123,69,147,Medium,No,No,No,No
P04946,80,Male,17.1,130,127,39,High,No,No,No,No
P04947,55,Male,20.3,149,120,154,High,No,Yes,Yes,No
P04948,20,Male,32.6,128,141,81,Low,No,Yes,No,No
P04949,76,Female,27.0,114,126,57,Low,No,No,No,No
P04950,22,Female,24.1,85,117,160,Medium,No,No,No,No
P04951,30,Female,24.2,140,179,148,Low,No,Yes,Yes,No
P04952,64,Female,29.7,133,146,142,Medium,No,No,No,No
P04953,63,Female,33.3,142,126,115,Medium,No,No,Yes,Yes
P04954,78,Female,24.2,85,86,57,Low,No,No,No,No
P04955,48,Male,32.5,162,129,161,High,No,No,Yes,No
P04956,72,Male,26.2,111,95,106,Low,No,Yes,No,No
P04957,33,Male,29.5,145,67,111,Low,No,Yes,Yes,No
P04958,67,Male,18.1,91,111,123,High,No,No,No,No
P04959,49,Male,19.0,111,113,150,Medium,Yes,Yes,No,No
P04960,39,Male,31.1,115,161,32,High,No,No,No,No
P04961,46,Male,28.4,107,159,103,Low,Yes,No,No,No
P04962,39,Male,29.0,110,148,85,Low,Yes,Yes,No,No
P04963,60,Female,21.6,154,122,172,Low,No,No,Yes,No
P04964,20,Female,24.9,119,122,183,Low,No,Yes,No,No
P04965,71,Female,18.6,163,144,118,Medium,Yes,Yes,Yes,Yes
P04966,27,Female,22.8,144,148,46,Medium,No,Yes,Yes,No
P04967,59,Female,26.9,89,137,78,Medium,Yes,Yes,No,No
P04968,79,Female,28.6,119,143,20,Low,No,No,No,Yes
P04969,38,Female,23.4,118,123,151,Medium,No,No,No,No
P04970,33,Male,29.8,108,115,79,Low,Yes,Yes,No,No
P04971,29,Male,26.8,147,65,160,Medium,No,No,Yes,No
P04972,19,Female,25.9,141,113,80,Medium,Yes,No,Yes,No
P04973,58,Male,27.4,164,100,96,Medium,No,No,Yes,No
P04974,41,Male,37.5,117,128,88,Low,No,Yes,No,Yes
P04975,52,Male,26.2,133,101,33,Medium,Yes,Yes,No,No
P04976,73,Male,31.8,119,130,32,High,No,Yes,No,No
P04977,47,Male,29.7,118,65,194,Medium,Yes,Yes,No,No
P04978,74,Female,25.8,140,91,71,Medium,No,No,Yes,No
P04979,47,Male,19.2,165,100,139,High,No,No,Yes,No
P04980,64,Female,23.9,143,88,223,Medium,No,Yes,Yes,No
P04981,52,Female,27.4,141,234,86,Low,No,No,Yes,Yes
P04982,36,Female,26.5,124,65,126,Medium,No,Yes,No,No
P04983,67,Male,33.5,140,149,118,Medium,No,No,Yes,No
P04984,25,Female,23.3,146,160,120,Low,No,Yes,Yes,Yes
P04985,43,Female,26.3,110,110,127,Low,No,No,No,No
P04986,66,Female,29.7,126,137,51,High,No,Yes,No,Yes
P04987,57,Female,25.6,119,146,40,Low,Yes,No,No,No
P04988,24,Male,31.9,114,130,103,Medium,No,Yes,No,No
P04989,47,Female,21.6,143,65,168,High,Yes,No,Yes,Yes
P04990,24,Female,19.4,121,139,146,Low,No,Yes,No,No
P04991,20,Female,25.6,134,159,41,Low,No,No,No,Yes
P04992,18,Female,26.6,134,197,131,Low,No,No,No,No
P04993,53,Male,28.1,120,77,116,Medium,No,Yes,No,No
P04994,42,Female,27.7,99,119,111,High,No,No,No,No
P04995,54,Female,25.0,119,124,111,Medium,Yes,No,No,No
P04996,18,Female,19.5,135,122,119,Low,No,Yes,No,No
P04997,32,Female,26.4,130,66,104,Low,No,Yes,No,No
P04998,54,Female,21.8,90,164,78,Medium,No,No,No,No
P04999,30,Female,27.4,140,160,95,Low,No,No,Yes,No
P05000,57,Male,21.5,115,138,22,Low,No,No,No,No
P05001,25,Female,28.9,135,110,129,Low,No,No,No,No
P05002,22,Male,35.3,140,117,127,Low,No,No,Yes,No
P05003,77,Male,23.4,133,115,180,Low,No,No,No,No
P05004,26,Female,20.7,159,76,133,High,No,Yes,Yes,No
P05005,80,Male,32.7,143,150,96,Medium,No,Yes,Yes,Yes
P05006,18,Female,35.8,117,126,127,Medium,No,Yes,No,No
P05007,53,Male,20.8,119,149,91,Low,No,Yes,No,No
P05008,52,Female,26.5,124,134,75,High,No,No,No,No
P05009,19,Male,29.4,119,90,20,Low,No,No,No,No
P05010,80,Male,25.7,132,93,122,High,No,No,No,No
P05011,57,Female,18.2,105,171,127,High,No,No,No,No
P05012,40,Male,20.1,150,145,163,High,Yes,Yes,Yes,No
P05013,26,Male,20.7,126,112,170,Medium,No,No,No,No
P05014,51,Male,21.8,149,145,121,Medium,No,Yes,Yes,No
P05015,63,Male,27.4,104,95,49,High,No,No,No,No
P05016,31,Male,32.5,104,163,51,Medium,No,No,No,No
P05017,21,Female,20.2,144,77,115,Medium,No,No,Yes,No
P05018,47,Male,23.1,113,132,145,Medium,Yes,No,No,No
P05019,48,Male,21.5,107,120,148,Low,No,Yes,No,No
P05020,55,Female,28.4,146,125,85,Medium,No,No,Yes,No
P05021,28,Female,22.9,110,148,20,Medium,No,Yes,No,No
P05022,52,Female,21.9,125,160,51,Low,Yes,No,No,No
P05023,25,Male,19.0,115,111,20,Medium,No,No,No,No
P05024,20,Male,33.8,139,65,120,Medium,Yes,No,No,No
P05025,31,Male,37.9,129,65,93,Low,Yes,No,No,No
P05026,77,Male,27.4,141,112,92,Medium,No,No,Yes,No
P05027,30,Female,34.4,103,126,126,Low,No,No,No,No
P05028,62,Female,24.2,129,138,89,Low,Yes,Yes,No,Yes
P05029,49,Male,27.0,127,132,192,Medium,No,No,No,No
P05030,51,Male,30.3,112,156,96,Low,Yes,No,No,Yes
P05031,62,Male,23.2,106,188,27,Medium,No,No,No,No
P05032,78,Male,26.2,123,128,20,Medium,No,No,No,No
P05033,36,Female,25.6,120,138,129,High,Yes,Yes,No,No
P05034,76,Female,29.2,146,98,134,Low,No,Yes,Yes,Yes
P05035,55,Male,27.3,140,127,133,Medium,Yes,No,Yes,No
P05036,33,Female,23.4,113,132,46,Medium,No,No,No,No
P05037,19,Male,25.5,120,130,65,Low,No,No,No,No
P05038,57,Male,32.6,135,99,180,Low,No,No,No,Yes
P05039,34,Female,29.7,137,131,97,Low,No,No,No,No
P05040,72,Male,29.3,146,128,77,Low,Yes,No,Yes,Yes
P05041,51,Female,38.3,124,136,167,Low,No,Yes,No,Yes
P05042,59,Male,21.3,128,111,59,Medium,No,No,No,No
P05043,77,Female,30.5,93,125,86,Medium,No,No,No,No
P05044,33,Male,27.3,105,201,161,Low,No,No,No,No
P05045,55,Female,28.7,141,127,165,Low,Yes,No,Yes,No
P05046,77,Male,27.9,105,162,166,Medium,No,No,No,No
P05047,19,Male,23.5,95,175,138,High,No,No,No,No
P05048,19,Female,21.8,139,74,196,Low,No,Yes,No,No
P05049,43,Male,27.0,118,118,147,Medium,No,No,No,No
P05050,30,Female,23.1,111,120,120,Low,No,Yes,No,No
P05051,73,Female,25.2,98,195,106,Medium,No,No,No,No
P05052,64,Male,31.0,99,191,91,Low,Yes,No,No,Yes
P05053,48,Male,20.9,117,74,49,Low,No,Yes,No,No
P05054,77,Male,26.0,122,90,20,Medium,No,No,No,No
P05055,51,Male,32.3,147,168,148,High,No,Yes,Yes,No
P05056,56,Female,24.5,123,107,100,Medium,Yes,No,No,No
P05057,20,Male,34.3,119,148,66,High,No,Yes,No,No
P05058,25,Male,19.2,120,117,196,Medium,No,Yes,No,No
P05059,40,Male,36.1,85,88,159,Medium,No,No,No,No
P05060,31,Female,27.1,116,171,98,Medium,No,Yes,No,No
P05061,73,Male,20.4,136,100,131,Low,Yes,No,No,No
P05062,79,Female,31.2,127,120,104,Medium,No,Yes,No,Yes
P05063,72,Male,29.2,139,85,89,High,Yes,No,No,No
P05064,44,Female,33.9,144,86,161,High,No,No,Yes,No
P05065,71,Male,19.3,95,127,117,Medium,Yes,Yes,No,No
P05066,46,Male,21.5,113,92,49,Medium,No,No,No,No
P05067,56,Female,30.9,143,178,121,Low,No,No,Yes,Yes
P05068,70,Male,39.7,127,149,134,Medium,No,No,No,No
P05069,56,Male,29.9,122,153,181,Medium,Yes,Yes,No,Yes
P05070,18,Male,30.7,144,115,118,Low,No,No,Yes,No
P05071,34,Female,23.2,111,116,108,High,No,No,No,No
P05072,58,Male,26.1,112,141,128,Medium,No,Yes,No,No
P05073,47,Female,23.9,111,65,58,Medium,No,No,No,No
P05074,70,Female,29.5,101,109,228,Low,No,No,No,No
P05075,30,Female,31.6,121,65,193,Low,No,No,No,No
P05076,38,Male,27.9,128,133,149,High,No,No,No,No
P05077,36,Female,31.0,106,85,119,High,No,No,No,No
P05078,70,Female,26.9,123,121,43,Medium,No,Yes,No,No
P05079,36,Male,33.6,114,94,106,Medium,No,No,No,No
P05080,74,Female,22.7,124,175,127,Low,No,No,No,No
P05081,42,Female,34.1,151,204,59,Low,Yes,No,Yes,Yes
P05082,39,Male,23.4,127,157,80,Low,No,Yes,No,No
P05083,48,Male,27.1,127,159,83,Medium,No,Yes,No,No
P05084,34,Female,21.0,162,124,77,Medium,No,No,Yes,No
P05085,72,Male,29.5,116,103,181,Medium,No,No,No,No
P05086,40,Male,27.7,136,65,98,Medium,No,No,No,No
P05087,49,Male,30.7,115,131,166,Low,No,Yes,No,No
P05088,79,Female,18.3,139,114,83,High,No,No,No,No
P05089,27,Female,27.7,109,133,89,High,No,No,No,No
P05090,27,Male,29.0,119,100,107,Low,No,Yes,No,No
P05091,53,Female,22.1,115,73,114,Medium,No,Yes,No,No
P05092,25,Male,29.7,106,84,58,Medium,Yes,Yes,No,No
P05093,71,Male,16.0,87,179,121,Medium,Yes,No,No,No
P05094,69,Male,26.4,132,193,55,High,No,No,No,No
P05095,37,Male,34.1,114,70,188,Medium,Yes,No,No,No
P05096,49,Male,26.3,120,102,81,Low,No,No,No,No
P05097,67,Female,23.4,123,65,144,Low,No,No,No,No
P05098,31,Female,26.7,99,127,80,Medium,No,Yes,No,No
P05099,67,Female,27.5,118,128,162,Medium,No,No,No,No
P05100,45,Female,31.5,93,121,84,High,Yes,Yes,No,No
P05101,63,Male,27.6,117,107,103,High,No,No,No,Yes
P05102,69,Male,30.8,152,134,94,High,No,Yes,Yes,Yes
P05103,70,Female,27.5,115,148,92,Low,No,Yes,No,No
P05104,41,Female,23.3,104,149,39,Low,No,No,No,No
P05105,32,Male,20.0,116,168,72,Low,Yes,Yes,No,No
P05106,39,Male,28.9,153,113,121,Low,No,No,Yes,No
P05107,47,Male,16.0,117,105,130,High,Yes,No,No,No
P05108,80,Female,18.2,97,158,54,High,No,Yes,No,No
P05109,21,Male,20.0,92,105,76,Medium,No,No,No,No
P05110,30,Male,30.6,118,118,101,High,No,No,No,No
P05111,76,Female,19.6,140,106,109,Medium,No,Yes,Yes,Yes
P05112,40,Female,29.4,133,184,122,Medium,No,Yes,No,No
P05113,25,Female,21.8,145,145,152,Medium,No,No,Yes,No
P05114,35,Male,26.3,136,85,120,Medium,No,No,No,No
P05115,29,Male,26.7,125,125,60,Low,No,No,No,No
P05116,72,Female,26.2,85,139,136,Low,No,No,No,No
P05117,48,Male,23.8,150,86,149,Medium,Yes,No,Yes,No
P05118,31,Male,19.2,99,137,34,Medium,No,Yes,No,No
P05119,51,Male,27.1,167,120,126,High,No,Yes,Yes,No
P05120,35,Female,29.8,111,82,164,Medium,No,Yes,No,No
P05121,73,Female,30.4,112,78,76,High,Yes,No,No,No
P05122,51,Male,27.4,115,173,136,High,No,No,No,No
P05123,80,Male,28.3,125,96,73,Medium,No,No,No,No
P05124,28,Male,23.1,100,160,92,Low,No,No,No,No
P05125,58,Male,29.2,109,148,65,Medium,No,No,No,No
P05126,29,Female,29.1,142,103,133,High,Yes,Yes,Yes,No
P05127,66,Female,25.5,149,142,139,Medium,No,Yes,Yes,Yes
P05128,32,Male,27.2,105,136,124,High,No,No,No,No
P05129,74,Male,26.9,131,157,132,Medium,No,No,No,No
P05130,48,Female,29.3,116,131,138,Low,No,Yes,No,No
P05131,66,Male,19.3,134,113,166,Low,No,No,No,Yes
P05132,75,Female,19.2,109,171,79,Medium,No,Yes,No,No
P05133,46,Male,19.4,138,151,20,Low,No,No,No,No
P05134,43,Female,24.8,123,102,87,Medium,No,Yes,No,No
P05135,35,Male,29.3,116,119,87,Low,No,No,No,No
P05136,49,Male,16.0,124,170,142,Low,No,Yes,No,No
P05137,39,Female,27.5,151,177,20,Low,No,No,Yes,Yes
P05138,55,Female,33.0,123,119,117,Medium,Yes,No,No,No
P05139,34,Male,28.4,130,142,165,High,Yes,Yes,No,No
P05140,40,Male,16.9,127,138,106,Medium,No,No,No,No
P05141,41,Female,29.6,127,86,131,High,Yes,No,No,No
P05142,67,Female,28.2,147,143,73,Medium,No,Yes,Yes,Yes
P05143,25,Male,25.3,140,65,137,Medium,No,No,Yes,No
P05144,58,Male,27.9,101,157,101,Medium,No,No,No,No
P05145,23,Female,20.0,135,143,79,Low,No,No,No,No
P05146,22,Female,27.3,154,65,108,Low,Yes,No,Yes,No
P05147,61,Female,29.4,121,91,143,High,Yes,Yes,No,No
P05148,74,Female,23.5,140,65,100,Medium,No,No,Yes,No
P05149,46,Female,24.6,85,89,98,Medium,No,No,No,No
P05150,45,Male,24.2,108,130,103,Medium,No,Yes,No,No
P05151,28,Male,24.6,168,186,117,Medium,No,No,Yes,Yes
P05152,74,Female,22.8,139,143,114,Low,No,No,No,No
P05153,18,Male,23.1,129,112,114,Low,No,Yes,No,No
P05154,60,Male,29.6,158,150,50,Low,No,No,Yes,Yes
P05155,36,Female,18.3,105,147,98,Low,Yes,No,No,No
P05156,26,Male,27.9,148,176,162,Low,No,No,Yes,Yes
P05157,44,Male,29.6,110,154,131,Medium,No,Yes,No,No
P05158,51,Male,20.2,127,125,159,Low,No,Yes,No,No
P05159,61,Female,26.6,96,72,124,Low,No,No,No,No
P05160,21,Female,22.4,118,172,115,Medium,No,No,No,No
P05161,53,Male,32.7,149,121,170,Medium,No,No,Yes,No
P05162,35,Male,26.0,116,94,85,Medium,No,No,No,No
P05163,32,Male,34.4,134,65,83,Low,No,No,No,No
P05164,68,Male,33.6,116,85,183,Medium,No,No,No,No
P05165,30,Male,28.5,133,139,146,Medium,No,No,No,No
P05166,36,Male,37.7,138,111,92,Medium,No,No,No,No
P05167,66,Female,19.1,113,160,76,Low,No,No,No,No
P05168,23,Male,34.2,109,182,59,Medium,No,No,No,No
P05169,65,Male,25.7,118,65,91,Medium,No,Yes,No,No
P05170,73,Female,26.4,117,89,147,High,No,No,No,No
P05171,29,Male,24.7,89,130,20,Medium,No,No,No,No
P05172,68,Male,19.7,131,177,154,High,No,Yes,No,No
P05173,54,Male,29.8,132,96,137,High,No,No,No,No
P05174,34,Male,20.8,93,133,59,Low,No,Yes,No,No
P05175,75,Female,24.0,140,87,108,Medium,No,No,Yes,No
P05176,40,Male,24.3,118,122,82,Low,No,No,No,No
P05177,43,Female,32.0,131,130,64,Medium,No,Yes,No,No
P05178,46,Male,26.6,121,114,118,Low,Yes,No,No,No
P05179,50,Male,16.0,131,182,129,Low,No,Yes,No,Yes
P05180,77,Female,22.5,127,167,140,High,No,No,No,No
P05181,44,Male,19.2,141,114,25,Medium,No,Yes,Yes,No
P05182,42,Female,29.5,125,116,85,High,Yes,No,No,No
P05183,73,Female,21.1,139,153,133,Low,Yes,No,No,Yes
P05184,72,Female,24.0,151,127,149,Low,Yes,No,Yes,No
P05185,27,Male,35.8,124,125,116,Low,No,No,No,No
P05186,64,Male,30.2,120,101,154,Medium,No,No,No,No
P05187,40,Male,21.2,135,146,114,High,No,Yes,No,No
P05188,38,Male,31.1,88,103,129,Medium,Yes,No,No,No
P05189,38,Female,23.4,109,103,67,Low,No,No,No,No
P05190,60,Male,31.1,109,135,138,Medium,No,No,No,No
P05191,30,Male,24.9,135,130,46,Medium,Yes,No,No,No
P05192,54,Female,22.2,128,126,59,Low,No,No,No,No
P05193,50,Female,21.7,148,65,70,Medium,No,Yes,Yes,No
P05194,41,Male,28.4,147,133,180,Medium,No,No,Yes,No
P05195,61,Female,31.6,90,65,89,High,Yes,No,No,No
P05196,28,Female,28.9,95,161,125,Low,No,No,No,No
P05197,34,Female,24.8,126,106,130,Medium,No,No,No,No
P05198,21,Female,18.0,97,131,129,Medium,No,No,No,No
P05199,64,Female,23.8,89,105,59,Medium,Yes,No,No,No
P05200,42,Male,20.7,112,136,122,High,No,No,No,No
P05201,47,Male,33.8,87,83,61,Medium,No,No,No,No
P05202,26,Male,25.0,107,190,31,Medium,No,No,No,No
P05203,38,Male,28.5,138,101,181,High,No,Yes,No,No
P05204,37,Male,25.3,116,156,94,Medium,No,No,No,No
P05205,36,Male,29.1,152,86,96,Medium,Yes,Yes,Yes,No
P05206,36,Male,30.6,115,111,153,Medium,Yes,Yes,No,No
P05207,29,Female,38.6,135,99,143,High,No,No,No,No
P05208,54,Male,24.7,115,104,79,Low,Yes,Yes,No,No
P05209,59,Male,32.2,121,140,121,Medium,No,No,No,No
P05210,34,Male,28.4,118,141,132,Low,Yes,Yes,No,No
P05211,54,Female,24.1,135,139,50,Low,No,Yes,No,Yes
P05212,71,Male,24.5,138,94,75,Medium,Yes,No,No,No
P05213,65,Male,29.4,162,130,94,Low,No,No,Yes,No
P05214,56,Female,25.5,125,95,110,Low,Yes,No,No,No
P05215,45,Male,27.5,135,176,168,Medium,No,No,No,No
P05216,58,Male,30.3,107,93,78,Medium,No,No,No,No
P05217,52,Female,39.5,137,108,176,High,Yes,No,No,No
P05218,64,Male,27.2,125,127,131,High,No,Yes,No,No
P05219,65,Female,21.4,85,89,37,Low,No,No,No,No
P05220,35,Male,29.0,109,147,124,Low,No,No,No,No
P05221,31,Male,24.6,88,164,175,Low,No,Yes,No,No
P05222,52,Male,36.5,112,94,101,Medium,No,Yes,No,No
P05223,61,Female,24.5,131,101,76,Medium,No,No,No,No
P05224,58,Female,27.1,120,167,84,Low,No,No,No,Yes
P05225,77,Female,30.1,136,130,132,Medium,No,Yes,No,No
P05226,24,Male,29.5,85,117,47,Low,No,No,No,No
P05227,58,Male,34.0,142,98,189,Medium,Yes,No,Yes,No
P05228,30,Female,30.3,129,112,160,High,No,Yes,No,No
P05229,35,Female,38.7,102,120,141,Low,No,No,No,No
P05230,54,Male,29.2,125,147,58,Medium,Yes,Yes,No,Yes
P05231,30,Male,33.5,164,125,176,Low,Yes,Yes,Yes,Yes
P05232,53,Male,24.7,151,93,168,Medium,No,No,Yes,No
P05233,48,Male,36.9,155,107,176,Medium,No,Yes,Yes,No
P05234,19,Female,25.3,121,86,126,Low,No,Yes,No,No
P05235,33,Male,34.4,145,120,113,Medium,No,Yes,Yes,No
P05236,26,Male,31.5,149,204,124,High,Yes,No,Yes,Yes
P05237,26,Male,27.3,106,212,134,Low,No,No,No,Yes
P05238,55,Male,34.5,148,136,170,Medium,No,No,Yes,No
P05239,28,Male,26.9,144,67,51,High,No,No,Yes,No
P05240,71,Male,33.8,113,157,123,Medium,Yes,Yes,No,No
P05241,73,Male,28.9,127,148,135,Medium,No,No,No,Yes
P05242,39,Female,25.1,149,219,159,Low,No,No,Yes,Yes
P05243,50,Female,28.6,124,128,99,High,Yes,No,No,No
P05244,53,Female,27.2,141,110,116,Medium,No,No,Yes,No
P05245,62,Male,24.8,117,90,107,High,No,No,No,No
P05246,40,Female,28.2,105,154,126,High,Yes,No,No,No
P05247,62,Male,29.0,103,118,87,Medium,No,No,No,No
P05248,62,Male,16.0,120,116,142,Medium,Yes,No,No,No
P05249,51,Male,29.5,133,107,130,Medium,No,No,No,No
P05250,26,Male,30.7,93,202,47,High,No,Yes,No,Yes
P05251,41,Female,34.3,160,111,60,High,No,Yes,Yes,No
P05252,25,Male,20.8,144,150,104,High,No,No,Yes,No
P05253,24,Male,21.9,134,141,252,Low,No,No,No,No
P05254,53,Female,28.0,140,65,100,Medium,No,No,Yes,No
P05255,35,Female,23.4,113,202,67,Low,No,No,No,No
P05256,20,Female,21.1,98,65,81,High,No,Yes,No,No
P05257,45,Male,24.9,132,93,135,Low,Yes,No,No,No
P05258,23,Female,25.2,144,107,184,High,No,No,Yes,No
P05259,61,Male,21.9,116,100,83,High,No,No,No,No
P05260,61,Male,21.9,108,117,121,Low,No,No,No,Yes
P05261,38,Female,26.4,115,98,88,Medium,Yes,No,No,No
P05262,45,Female,19.8,134,172,141,Low,No,Yes,No,No
P05263,57,Female,19.7,136,146,88,Medium,Yes,No,No,No
P05264,71,Male,27.4,158,103,147,Low,No,Yes,Yes,Yes
P05265,71,Male,34.5,133,96,20,Low,No,No,No,No
P05266,18,Male,30.7,110,105,140,Medium,Yes,No,No,No
P05267,53,Male,33.1,120,93,100,Low,Yes,No,No,No
P05268,38,Male,18.0,106,83,134,Medium,No,No,No,No
P05269,77,Male,20.0,145,158,106,Medium,Yes,No,Yes,Yes
P05270,60,Female,27.1,105,111,52,Medium,No,No,No,No
P05271,52,Male,31.2,115,139,115,Low,No,No,No,No
P05272,30,Female,30.2,134,127,142,Low,Yes,No,No,Yes
P05273,74,Female,20.3,154,176,117,Low,Yes,No,Yes,Yes
P05274,66,Female,32.7,176,156,40,Medium,Yes,No,Yes,Yes
P05275,71,Female,26.6,101,138,115,Low,No,No,No,No
P05276,71,Female,30.9,136,205,128,High,Yes,Yes,No,Yes
P05277,27,Male,24.0,125,100,87,Medium,No,No,No,No
P05278,70,Male,19.3,121,118,20,Low,Yes,No,No,No
P05279,61,Male,31.2,120,148,83,Low,No,Yes,No,No
P05280,64,Male,29.3,103,155,48,Medium,Yes,No,No,No
P05281,70,Female,20.8,155,94,101,High,No,No,Yes,No
P05282,27,Female,23.7,88,124,49,Medium,Yes,Yes,No,No
P05283,63,Female,30.4,122,126,47,Low,Yes,Yes,No,No
P05284,30,Male,28.0,152,207,140,Medium,No,Yes,Yes,No
P05285,54,Male,29.5,129,148,112,High,Yes,No,No,No
P05286,55,Male,24.4,113,163,127,Low,No,No,No,No
P05287,41,Male,34.1,114,111,79,High,Yes,No,No,No
P05288,19,Female,26.4,141,99,83,Medium,Yes,No,Yes,No
P05289,39,Female,16.0,119,110,76,Medium,Yes,Yes,No,No
P05290,34,Male,27.5,124,144,82,Medium,No,No,No,No
P05291,53,Male,30.0,136,177,84,Low,No,No,No,Yes
P05292,31,Female,28.5,142,75,60,Medium,No,No,Yes,No
P05293,27,Female,24.9,115,194,73,Medium,No,No,No,No
P05294,52,Female,17.2,100,156,114,Low,No,Yes,No,No
P05295,42,Female,23.8,107,160,60,High,No,No,No,No
P05296,20,Male,24.2,150,158,120,Low,No,Yes,Yes,Yes
P05297,64,Female,23.7,126,111,34,Medium,No,No,No,No
P05298,55,Female,30.1,103,121,119,Low,No,No,No,No
P05299,34,Female,25.3,108,149,102,Medium,No,Yes,No,No
P05300,29,Female,33.9,146,116,119,Medium,Yes,Yes,Yes,No
P05301,71,Male,25.9,127,133,120,High,No,No,No,No
P05302,69,Male,33.1,95,102,59,Low,Yes,No,No,No
P05303,41,Male,28.1,105,152,108,Medium,No,No,No,No
P05304,46,Male,28.3,146,120,54,Medium,Yes,No,Yes,No
P05305,60,Male,23.6,115,111,86,Low,No,No,No,No
P05306,42,Male,20.2,163,96,147,High,No,No,Yes,No
P05307,53,Female,26.6,159,102,61,Low,No,No,Yes,Yes
P05308,75,Female,35.4,152,79,102,Low,No,No,Yes,Yes
P05309,77,Female,24.7,134,140,69,Low,No,No,No,No
P05310,43,Female,23.9,144,104,119,Medium,Yes,No,Yes,No
P05311,55,Male,26.1,124,124,147,High,Yes,Yes,No,No
P05312,18,Female,35.8,124,168,84,Medium,No,Yes,No,No
P05313,37,Male,30.9,103,121,115,Medium,Yes,No,No,No
P05314,72,Female,33.1,124,119,95,Low,No,No,No,No
P05315,45,Female,17.1,102,123,61,Medium,No,Yes,No,No
P05316,33,Female,22.9,125,135,121,Low,No,No,No,No
P05317,64,Male,23.1,103,109,127,Medium,No,No,No,No
P05318,34,Female,32.7,109,155,61,Medium,No,No,No,No
P05319,57,Male,30.3,85,130,144,Low,Yes,No,No,No
P05320,45,Male,32.3,111,106,162,Medium,Yes,No,No,No
P05321,75,Female,17.6,112,113,65,High,Yes,No,No,No
P05322,29,Male,32.6,119,165,167,High,No,Yes,No,No
P05323,44,Male,30.3,146,102,105,Low,No,No,Yes,No
P05324,71,Female,22.4,124,140,102,Low,No,No,No,No
P05325,70,Female,26.0,142,142,180,Medium,No,Yes,Yes,Yes
P05326,59,Female,22.5,142,87,143,High,No,No,Yes,No
P05327,76,Female,26.5,150,74,77,Medium,No,Yes,Yes,No
P05328,64,Female,29.2,109,114,82,High,Yes,No,No,No
P05329,47,Female,34.0,104,153,120,Medium,No,Yes,No,No
P05330,58,Male,22.3,123,74,119,Low,Yes,No,No,No
P05331,51,Female,24.7,106,94,103,Low,No,No,No,No
P05332,54,Female,21.5,121,149,73,High,No,Yes,No,No
P05333,23,Male,30.8,108,88,80,Low,No,No,No,No
P05334,24,Female,19.1,103,161,104,Low,No,No,No,No
P05335,49,Male,27.9,131,218,34,Medium,Yes,Yes,No,No
P05336,49,Female,20.9,159,96,127,Low,No,No,Yes,No
P05337,70,Female,27.2,120,177,117,High,No,No,No,No
P05338,42,Male,32.8,130,136,63,Medium,No,No,No,No
P05339,50,Female,24.4,126,97,127,Medium,No,Yes,No,No
P05340,72,Male,28.1,124,181,28,High,No,No,No,No
P05341,75,Female,22.5,151,139,122,High,Yes,No,Yes,No
P05342,24,Female,26.4,120,167,145,Low,No,No,No,Yes
P05343,69,Male,19.2,85,207,123,High,No,No,No,No
P05344,74,Female,30.5,109,121,132,Medium,No,No,No,No
P05345,79,Female,24.9,127,144,135,Low,Yes,No,No,Yes
P05346,29,Male,26.0,123,86,123,High,No,Yes,No,No
P05347,33,Female,27.3,121,109,103,Low,Yes,Yes,No,No
P05348,33,Male,17.2,116,122,91,High,No,No,No,No
P05349,60,Female,23.5,127,132,157,Medium,No,No,No,No
P05350,70,Male,27.7,162,65,132,Low,No,No,Yes,Yes
P05351,53,Female,26.2,119,179,158,Low,No,No,No,No
P05352,30,Male,37.9,164,147,150,Medium,No,Yes,Yes,Yes
P05353,24,Male,33.3,133,143,52,Medium,No,No,No,No
P05354,53,Female,27.7,113,197,75,High,No,No,No,No
P05355,64,Female,21.9,141,182,22,Medium,No,No,Yes,No
P05356,68,Male,24.5,85,120,35,Medium,No,Yes,No,No
P05357,26,Female,30.3,125,105,24,Low,No,Yes,No,No
P05358,49,Male,27.4,134,147,20,Medium,Yes,No,No,Yes
P05359,28,Female,33.4,135,179,94,Medium,No,Yes,No,Yes
P05360,25,Female,27.3,136,120,158,Low,No,Yes,No,No
P05361,50,Male,27.6,138,156,121,Medium,No,No,No,No
P05362,40,Male,35.1,130,185,136,High,No,No,No,No
P05363,42,Female,21.5,138,160,107,Medium,No,Yes,No,No
P05364,73,Female,35.7,115,69,111,Low,No,No,No,No
P05365,25,Female,30.8,146,83,140,Medium,No,No,Yes,No
P05366,62,Female,43.2,117,194,98,Medium,No,No,No,No
P05367,39,Female,23.5,146,129,111,High,Yes,No,Yes,No
P05368,76,Male,35.1,125,137,87,High,No,Yes,No,No
P05369,21,Female,27.7,129,145,50,Low,No,No,No,No
P05370,57,Female,26.1,141,175,99,High,No,No,Yes,No
P05371,20,Male,28.5,152,98,52,Medium,Yes,No,Yes,No
P05372,46,Male,27.6,126,111,145,Medium,No,No,No,No
P05373,58,Male,23.1,129,90,127,Medium,No,Yes,No,No
P05374,46,Female,26.3,85,65,172,Medium,No,Yes,No,No
P05375,51,Male,28.5,109,139,70,High,No,No,No,No
P05376,51,Male,24.9,98,95,43,Medium,No,Yes,No,No
P05377,45,Male,29.7,118,159,36,Medium,No,No,No,No
P05378,30,Male,25.5,113,104,176,Low,No,No,No,No
P05379,32,Female,29.3,111,78,87,High,Yes,No,No,No
P05380,77,Female,28.7,106,162,38,Medium,Yes,Yes,No,Yes
P05381,40,Female,29.3,134,143,126,High,No,Yes,No,No
P05382,61,Male,20.3,93,119,90,Medium,Yes,No,No,Yes
P05383,43,Male,32.5,105,121,62,Low,No,Yes,No,No
P05384,21,Male,22.7,126,146,172,Medium,No,No,No,No
P05385,43,Male,26.1,142,185,99,Medium,No,Yes,Yes,No
P05386,57,Male,23.8,108,139,131,Medium,Yes,No,No,No
P05387,26,Male,27.4,144,141,124,Medium,No,Yes,Yes,No
P05388,72,Female,26.4,85,109,227,Low,Yes,No,No,No
P05389,22,Female,30.3,125,117,96,High,Yes,Yes,No,No
P05390,73,Male,27.2,131,65,60,Low,No,Yes,No,No
P05391,49,Female,25.0,107,92,74,High,No,No,No,No
P05392,37,Male,18.0,101,88,150,High,No,Yes,No,No
P05393,67,Male,31.4,127,87,116,Medium,No,Yes,No,No
P05394,28,Female,29.6,124,112,84,Low,Yes,No,No,No
P05395,32,Male,31.6,110,115,120,Low,No,Yes,No,No
P05396,49,Female,26.1,120,88,165,Low,No,No,No,No
P05397,45,Male,28.8,114,169,180,Medium,No,Yes,No,No
P05398,39,Male,23.7,148,146,122,Low,No,No,Yes,No
P05399,58,Female,23.3,137,132,156,Medium,No,Yes,No,No
P05400,34,Male,25.6,128,148,41,High,No,No,No,No
P05401,76,Male,31.6,159,65,133,Medium,No,Yes,Yes,No
P05402,43,Male,25.6,144,65,97,Low,Yes,No,Yes,No
P05403,61,Female,26.7,147,168,53,High,No,No,Yes,No
P05404,24,Male,28.2,153,208,63,Low,No,No,Yes,No
P05405,59,Male,27.1,122,127,68,Medium,No,No,No,No
P05406,74,Male,32.1,103,204,118,Low,No,No,No,No
P05407,43,Female,23.3,93,125,55,Medium,Yes,No,No,No
P05408,42,Female,27.5,138,100,137,Medium,No,No,No,No
P05409,27,Female,29.4,108,159,148,Low,No,No,No,No
P05410,76,Female,18.8,185,65,100,Medium,No,Yes,Yes,No
P05411,62,Female,28.3,110,104,96,Low,Yes,No,No,No
P05412,36,Male,33.7,107,96,112,Medium,No,Yes,No,No
P05413,28,Female,25.2,139,83,83,Medium,No,Yes,No,No
P05414,30,Female,21.6,139,108,171,High,No,No,No,No
P05415,70,Male,29.3,157,135,20,Low,Yes,No,Yes,No
P05416,25,Female,27.9,121,171,88,Low,No,Yes,No,No
P05417,57,Male,34.6,146,161,35,High,No,No,Yes,No
P05418,21,Female,29.2,122,69,131,Medium,Yes,No,No,No
P05419,64,Male,22.3,135,205,115,Medium,No,No,No,No
P05420,48,Male,22.1,121,169,139,High,No,No,No,No
P05421,45,Female,31.3,159,126,112,Medium,No,No,Yes,No
P05422,28,Female,28.8,166,172,123,Low,No,No,Yes,Yes
P05423,60,Male,26.7,104,93,66,Medium,No,No,No,No
P05424,18,Male,27.9,148,155,112,High,No,Yes,Yes,No
P05425,66,Male,29.2,108,65,70,Low,Yes,No,No,No
P05426,64,Male,28.9,146,114,133,Medium,Yes,No,Yes,No
P05427,69,Male,19.5,155,173,62,Medium,No,No,Yes,No
P05428,55,Male,33.1,108,109,82,Low,No,Yes,No,No
P05429,41,Male,33.4,103,110,101,Medium,No,Yes,No,No
P05430,71,Female,36.1,116,104,174,Medium,Yes,Yes,No,No
P05431,77,Male,35.0,146,118,106,Medium,No,Yes,Yes,Yes
P05432,74,Female,34.1,134,90,196,Low,Yes,Yes,No,No
P05433,64,Female,25.6,121,180,167,Low,No,No,No,No
P05434,48,Male,28.5,138,83,91,Low,Yes,No,No,No
P05435,58,Male,32.8,120,136,123,Medium,No,No,No,No
P05436,63,Female,18.0,127,155,130,Low,No,Yes,No,No
P05437,67,Male,25.9,135,99,20,Medium,No,No,No,No
P05438,43,Male,18.5,134,74,28,Low,No,Yes,No,No
P05439,66,Female,28.4,155,105,125,Low,No,No,Yes,No
P05440,67,Female,33.3,103,111,128,Low,No,Yes,No,No
P05441,22,Female,27.1,142,157,112,Medium,Yes,No,Yes,Yes
P05442,37,Male,24.2,108,120,55,High,No,No,No,No
P05443,69,Male,28.4,118,125,214,Low,No,No,No,No
P05444,58,Female,29.1,122,76,131,Medium,No,Yes,No,No
P05445,28,Male,29.4,117,118,151,High,Yes,No,No,No
P05446,73,Female,20.9,101,175,147,Medium,No,Yes,No,No
P05447,71,Male,28.2,117,163,112,Medium,No,Yes,No,No
P05448,50,Female,27.9,130,107,109,Medium,No,Yes,No,No
P05449,67,Male,31.7,123,154,146,Low,No,No,No,No
P05450,55,Female,26.6,152,120,81,High,No,No,Yes,No
P05451,44,Male,36.9,123,143,149,High,Yes,No,No,No
P05452,51,Male,27.4,125,115,113,Low,No,No,No,No
P05453,32,Female,24.6,128,91,132,Medium,No,Yes,No,No
P05454,49,Male,22.0,123,89,113,Low,No,No,No,No
P05455,78,Male,24.4,134,143,65,Medium,Yes,Yes,No,No
P05456,75,Female,23.0,116,65,97,Low,No,Yes,No,No
P05457,38,Male,26.2,104,162,160,Low,No,No,No,No
P05458,63,Male,35.4,124,117,134,Medium,No,No,No,No
P05459,22,Male,19.7,132,103,155,High,No,No,No,No
P05460,23,Female,20.1,128,160,147,Low,No,Yes,No,No
P05461,55,Female,25.8,109,65,79,High,No,No,No,No
P05462,79,Female,20.2,128,141,35,Low,No,No,No,Yes
P05463,39,Female,22.1,137,182,143,Medium,No,No,No,No
P05464,79,Female,28.7,129,77,97,High,No,No,No,No
P05465,35,Male,26.7,112,109,136,Low,No,No,No,No
P05466,31,Male,29.2,126,141,168,Low,No,No,No,No
P05467,27,Female,30.0,156,70,89,Medium,No,Yes,Yes,No
P05468,63,Male,33.7,106,134,71,Medium,No,No,No,No
P05469,30,Male,28.9,145,219,59,High,No,No,Yes,No
P05470,48,Male,33.0,85,136,104,Medium,No,No,No,No
P05471,47,Male,27.5,115,135,41,Medium,No,No,No,No
P05472,20,Female,29.0,117,83,121,Medium,No,Yes,No,No
P05473,47,Female,28.9,144,172,123,Medium,No,No,Yes,No
P05474,23,Male,28.4,157,65,123,Medium,No,Yes,Yes,No
P05475,46,Male,28.0,145,124,29,Medium,Yes,Yes,Yes,Yes
P05476,25,Female,36.1,134,157,159,Medium,No,Yes,No,No
P05477,61,Male,30.5,144,65,111,Medium,Yes,No,Yes,No
P05478,62,Male,24.8,101,65,85,Low,Yes,No,No,No
P05479,60,Male,38.7,141,73,134,Medium,Yes,Yes,Yes,No
P05480,61,Female,25.1,105,173,134,Low,No,No,No,No
P05481,50,Female,27.0,112,103,53,Medium,No,No,No,No
P05482,34,Male,22.8,132,156,103,Medium,Yes,Yes,No,No
P05483,65,Male,30.6,103,151,78,Medium,No,No,No,No
P05484,28,Male,35.5,147,67,86,High,No,No,Yes,No
P05485,30,Male,19.5,125,111,129,High,Yes,No,No,No
P05486,67,Male,25.6,102,117,66,Low,No,Yes,No,No
P05487,28,Male,32.6,152,143,130,Low,Yes,No,Yes,Yes
P05488,48,Female,21.7,120,133,63,Low,No,No,No,No
P05489,45,Female,29.9,122,123,159,Medium,No,Yes,No,No
P05490,61,Male,20.5,121,166,76,High,No,No,No,No
P05491,23,Female,29.0,85,165,208,Low,Yes,No,No,No
P05492,58,Male,27.4,148,74,142,Medium,No,Yes,Yes,No
P05493,33,Male,43.6,126,109,96,Medium,No,Yes,No,No
P05494,21,Female,30.7,128,126,62,Medium,No,Yes,No,No
P05495,52,Female,16.1,137,128,128,Medium,Yes,Yes,No,No
P05496,77,Male,26.6,120,144,151,High,No,No,No,No
P05497,65,Male,31.1,105,138,133,Low,No,Yes,No,No
P05498,73,Female,24.9,108,146,79,Medium,No,Yes,No,No
P05499,76,Female,24.7,141,150,169,Medium,Yes,Yes,Yes,Yes
P05500,43,Male,25.0,125,115,118,High,No,No,No,No
P05501,79,Male,29.7,143,113,76,Low,No,Yes,Yes,Yes
P05502,74,Male,20.7,146,174,205,High,No,No,Yes,Yes
P05503,29,Female,24.2,141,108,134,Low,Yes,Yes,Yes,Yes
P05504,28,Male,32.2,148,151,123,Medium,No,Yes,Yes,No
P05505,54,Female,24.6,112,99,83,Low,No,No,No,No
P05506,42,Male,24.3,136,137,103,Low,Yes,No,No,No
P05507,35,Female,20.1,117,139,68,Medium,No,Yes,No,No
P05508,36,Female,30.2,105,148,113,Medium,No,No,No,No
P05509,40,Female,29.1,133,181,130,Medium,No,No,No,No
P05510,72,Female,31.9,139,90,20,High,No,Yes,No,No
P05511,55,Male,26.4,119,130,47,Low,Yes,No,No,No
P05512,71,Female,28.6,126,148,64,Medium,No,No,No,No
P05513,35,Female,28.5,138,148,37,Low,No,No,No,No
P05514,43,Female,19.9,114,114,68,Medium,No,No,No,No
P05515,23,Male,38.8,140,138,171,Low,Yes,Yes,Yes,Yes
P05516,21,Male,31.9,109,124,156,Low,No,Yes,No,No
P05517,61,Male,27.4,132,151,77,Medium,No,No,No,No
P05518,68,Male,25.9,103,122,130,Low,Yes,No,No,No
P05519,46,Male,33.6,149,123,53,Medium,Yes,Yes,Yes,No
P05520,76,Male,27.5,137,134,193,High,No,No,No,No
P05521,78,Female,31.6,161,108,96,Low,No,No,Yes,Yes
P05522,51,Female,24.1,108,98,20,High,No,No,No,No
P05523,34,Female,22.6,137,79,205,Low,Yes,Yes,No,No
P05524,60,Male,26.2,125,120,92,High,No,No,No,No
P05525,60,Female,27.1,99,99,197,Medium,Yes,Yes,No,No
P05526,70,Female,29.1,127,115,146,High,Yes,Yes,No,No
P05527,33,Male,34.3,135,168,118,Medium,Yes,No,No,No
P05528,19,Female,32.6,160,116,22,Medium,No,Yes,Yes,No
P05529,51,Male,33.6,116,169,110,Medium,No,Yes,No,Yes
P05530,72,Female,23.3,134,138,35,Medium,No,No,No,No
P05531,25,Male,25.5,131,115,90,Low,No,No,No,No
P05532,30,Male,31.8,122,89,112,Medium,Yes,No,No,No
P05533,59,Male,33.1,123,121,165,Low,No,Yes,No,No
P05534,25,Female,30.7,138,111,78,High,Yes,No,No,No
P05535,47,Female,24.2,123,166,202,High,No,No,No,No
P05536,49,Male,21.8,121,194,36,Low,No,Yes,No,Yes
P05537,53,Male,28.2,116,161,68,Low,No,No,No,No
P05538,64,Female,22.5,98,99,113,Medium,No,Yes,No,No
P05539,47,Female,29.3,142,127,20,Low,Yes,No,Yes,No
P05540,18,Male,33.3,116,117,52,Low,Yes,No,No,No
P05541,60,Female,27.9,147,104,126,Medium,No,No,Yes,No
P05542,56,Female,20.5,148,122,147,Low,No,No,Yes,No
P05543,34,Female,24.5,168,120,61,Medium,No,No,Yes,No
P05544,76,Male,31.3,133,189,81,Low,Yes,No,No,Yes
P05545,37,Male,29.4,135,137,128,High,No,No,No,No
P05546,41,Female,29.8,136,154,27,Low,No,No,No,No
P05547,67,Male,35.8,130,162,97,Medium,No,No,No,No
P05548,39,Female,28.7,146,151,94,Medium,Yes,Yes,Yes,Yes
P05549,46,Female,28.6,124,173,184,Low,No,Yes,No,Yes
P05550,39,Male,31.3,135,112,129,Low,No,No,No,No
P05551,61,Male,21.1,123,159,106,Low,No,No,No,No
P05552,26,Male,24.8,101,194,140,Low,No,No,No,Yes
P05553,54,Female,23.3,138,100,115,Low,No,Yes,No,No
P05554,27,Female,30.3,85,113,63,Medium,Yes,No,No,No
P05555,53,Male,22.4,135,110,137,Medium,Yes,No,No,No
P05556,54,Male,29.8,145,200,144,Low,No,No,Yes,Yes
P05557,45,Male,25.9,136,88,91,Low,No,Yes,No,No
P05558,45,Female,25.2,111,129,114,Medium,Yes,Yes,No,No
P05559,59,Female,31.6,153,142,193,Medium,No,No,Yes,Yes
P05560,80,Female,20.3,158,106,114,Low,No,Yes,Yes,No
P05561,60,Male,24.6,137,90,96,Low,Yes,Yes,No,No
P05562,38,Male,41.6,158,96,60,Low,No,Yes,Yes,No
P05563,41,Female,36.3,163,116,65,High,No,No,Yes,No
P05564,59,Male,17.9,113,106,109,Low,No,No,No,No
P05565,77,Male,24.5,109,176,77,Low,No,No,No,No
P05566,57,Male,27.3,138,107,132,Medium,No,No,No,No
P05567,19,Male,19.9,85,106,86,High,Yes,Yes,No,No
P05568,72,Female,37.1,121,139,234,Medium,No,No,No,Yes
P05569,25,Male,27.1,113,135,115,Low,No,No,No,No
P05570,65,Female,26.1,122,65,34,Low,No,No,No,No
P05571,44,Female,28.9,103,95,114,High,No,Yes,No,No
P05572,39,Male,28.8,122,107,88,High,No,No,No,No
P05573,54,Female,22.7,136,90,137,Medium,No,No,No,No
P05574,44,Female,33.6,156,159,105,Medium,No,No,Yes,No
P05575,74,Male,27.8,133,73,124,Medium,No,No,No,No
P05576,46,Female,33.5,93,162,227,Low,No,Yes,No,No
P05577,20,Female,24.1,126,65,95,Medium,No,No,No,No
P05578,61,Female,18.0,151,128,138,Medium,No,No,Yes,No
P05579,30,Female,34.2,121,180,155,Medium,No,Yes,No,No
P05580,62,Female,30.7,137,104,119,Low,Yes,No,No,Yes
P05581,27,Female,32.8,147,126,32,High,Yes,Yes,Yes,No
P05582,53,Female,33.1,128,161,140,Medium,No,No,No,No
P05583,26,Female,27.1,131,160,20,High,No,No,No,No
P05584,71,Male,25.2,136,136,182,Medium,Yes,No,No,No
P05585,73,Male,26.5,118,119,46,Low,No,No,No,No
P05586,72,Male,29.8,121,118,193,Medium,No,No,No,No
P05587,44,Female,28.4,109,76,109,High,No,Yes,No,No
P05588,51,Female,17.9,116,89,144,Low,Yes,No,No,No
P05589,68,Female,26.4,140,126,128,Medium,No,No,Yes,No
P05590,18,Male,34.1,135,135,149,High,Yes,No,No,No
P05591,49,Male,27.0,105,215,20,Low,No,No,No,Yes
P05592,42,Male,38.1,108,152,76,Low,Yes,No,No,No
P05593,46,Female,22.2,115,113,123,Medium,Yes,No,No,No
P05594,24,Male,28.7,100,143,107,Medium,No,No,No,No
P05595,66,Male,22.1,130,65,87,Medium,Yes,Yes,No,No
P05596,20,Female,22.7,114,128,114,Medium,No,No,No,No
P05597,37,Male,22.8,134,149,95,High,No,Yes,No,No
P05598,37,Female,38.0,143,149,204,Low,No,No,Yes,Yes
P05599,70,Male,25.7,95,123,165,Low,No,No,No,Yes
P05600,47,Female,23.5,114,145,172,Low,Yes,No,No,No
P05601,52,Female,27.0,97,116,186,Medium,No,No,No,No
P05602,52,Female,25.9,92,139,127,Low,Yes,No,No,No
P05603,66,Female,31.1,135,92,63,Low,Yes,No,No,No
P05604,56,Female,16.8,129,85,92,High,No,No,No,No
P05605,44,Male,22.2,115,169,121,Low,No,No,No,No
P05606,43,Female,31.2,108,119,112,Medium,No,No,No,No
P05607,31,Female,24.6,106,140,45,Medium,No,Yes,No,No
P05608,34,Female,23.2,128,98,121,Low,No,No,No,No
P05609,35,Female,23.0,121,86,55,Low,No,Yes,No,No
P05610,62,Male,30.6,109,106,192,High,No,No,No,No
P05611,69,Female,30.4,133,140,140,High,No,No,No,No
P05612,46,Male,31.8,130,65,96,High,No,Yes,No,No
P05613,37,Female,21.2,108,132,108,Medium,Yes,No,No,No
P05614,70,Female,20.9,116,149,183,Medium,Yes,No,No,No
P05615,44,Male,32.7,140,94,38,High,No,No,Yes,No
P05616,35,Male,28.0,138,133,83,Medium,No,Yes,No,No
P05617,21,Male,24.0,113,131,129,High,Yes,No,No,No
P05618,18,Female,26.2,155,95,20,Low,No,No,Yes,No
P05619,67,Male,20.8,122,120,99,Medium,No,Yes,No,No
P05620,18,Female,24.4,139,125,85,Medium,Yes,Yes,No,No
P05621,75,Male,27.8,106,95,216,High,No,Yes,No,No
P05622,43,Male,28.8,122,113,99,High,No,No,No,No
P05623,62,Female,26.6,109,124,59,Low,No,No,No,No
P05624,37,Male,26.1,95,135,65,Low,No,No,No,No
P05625,69,Male,30.7,124,191,20,Medium,No,No,No,Yes
P05626,40,Female,26.5,119,91,181,Medium,No,Yes,No,No
P05627,27,Female,24.8,144,172,110,Medium,No,Yes,Yes,No
P05628,76,Female,23.2,115,94,97,Low,Yes,No,No,No
P05629,28,Male,18.2,130,125,147,High,Yes,No,No,No
P05630,58,Male,30.2,118,157,130,Medium,No,No,No,No
P05631,58,Male,34.3,107,140,106,High,Yes,Yes,No,No
P05632,22,Male,22.9,140,65,60,High,Yes,No,Yes,No
P05633,75,Male,20.6,114,163,81,High,No,No,No,No
P05634,18,Female,23.9,117,136,111,Medium,Yes,No,No,No
P05635,34,Male,28.5,104,106,135,Medium,No,Yes,No,No
P05636,39,Female,24.5,95,120,45,High,Yes,No,No,No
P05637,51,Male,24.4,133,140,101,Medium,No,No,No,No
P05638,73,Female,26.6,123,146,163,Medium,No,No,No,No
P05639,62,Male,27.5,142,144,49,High,No,No,Yes,No
P05640,58,Male,28.8,134,100,138,Low,No,Yes,No,No
P05641,46,Female,25.5,103,125,46,High,No,No,No,No
P05642,21,Male,25.4,125,95,81,Medium,No,No,No,No
P05643,22,Female,17.4,124,152,20,Low,Yes,Yes,No,No
P05644,28,Male,31.7,143,116,119,Medium,No,Yes,Yes,No
P05645,73,Male,28.3,147,140,70,Medium,No,No,Yes,No
P05646,68,Female,34.6,94,107,20,Low,No,No,No,No
P05647,38,Male,29.6,145,128,111,Medium,No,No,Yes,No
P05648,52,Female,26.6,142,118,153,High,No,Yes,Yes,No
P05649,29,Male,19.6,110,83,123,High,Yes,No,No,No
P05650,43,Male,18.8,124,163,121,Medium,Yes,No,No,No
P05651,68,Male,32.2,87,148,140,Low,Yes,No,No,Yes
P05652,36,Male,29.8,124,81,73,Medium,No,Yes,No,No
P05653,62,Male,34.3,106,96,110,Low,No,No,No,No
P05654,77,Male,31.7,134,104,204,High,Yes,No,No,No
P05655,24,Male,25.1,132,171,112,Medium,No,No,No,No
P05656,64,Female,16.0,123,155,67,Low,Yes,No,No,No
P05657,72,Male,30.0,129,133,121,Medium,Yes,Yes,No,No
P05658,24,Male,21.9,111,70,88,Low,No,Yes,No,No
P05659,43,Male,26.1,105,141,103,Low,No,Yes,No,No
P05660,57,Female,29.1,163,131,138,Low,Yes,No,Yes,Yes
P05661,22,Female,23.8,143,113,81,Low,No,No,Yes,No
P05662,38,Male,22.9,127,171,20,Medium,Yes,No,No,No
P05663,31,Male,25.5,121,118,97,High,No,No,No,No
P05664,21,Male,16.8,168,166,127,Low,No,No,Yes,Yes
P05665,40,Female,21.8,155,112,184,High,No,No,Yes,No
P05666,59,Male,21.8,120,95,153,Low,No,Yes,No,No
P05667,37,Female,25.8,108,81,90,Low,Yes,Yes,No,No
P05668,32,Male,22.3,126,122,127,Medium,No,Yes,No,No
P05669,67,Female,24.4,118,127,94,Medium,No,No,No,No
P05670,69,Female,24.8,108,92,145,Low,Yes,Yes,No,No
P05671,62,Male,37.6,150,93,98,Medium,Yes,No,Yes,No
P05672,46,Male,30.8,134,166,139,Medium,Yes,No,No,No
P05673,25,Male,26.4,118,151,180,Medium,No,No,No,No
P05674,58,Male,29.2,117,189,220,Low,Yes,Yes,No,Yes
P05675,65,Male,31.6,125,68,38,Low,Yes,No,No,No
P05676,36,Male,28.4,116,185,24,Low,No,No,No,No
P05677,65,Male,21.8,115,97,63,Low,No,Yes,No,No
P05678,56,Female,26.3,162,79,102,High,No,Yes,Yes,No
P05679,63,Male,22.1,109,134,81,Low,Yes,No,No,No
P05680,45,Male,25.4,85,65,161,Medium,No,No,No,No
P05681,63,Female,26.2,137,163,69,High,Yes,No,No,No
P05682,74,Male,32.3,145,131,55,High,No,No,Yes,No
P05683,44,Male,23.0,128,100,165,Low,No,Yes,No,No
P05684,21,Male,22.6,96,160,129,High,No,No,No,No
P05685,75,Male,23.4,123,120,118,High,No,No,No,No
P05686,32,Female,24.0,116,126,55,Medium,No,Yes,No,No
P05687,52,Female,25.4,149,147,153,Medium,No,No,Yes,No
P05688,54,Male,28.6,110,103,95,Medium,No,No,No,No
P05689,18,Male,23.1,129,88,111,High,No,No,No,No
P05690,20,Female,27.6,136,120,120,Medium,Yes,No,No,No
P05691,64,Male,27.6,110,78,167,Low,No,No,No,No
P05692,41,Female,29.8,114,110,125,High,No,Yes,No,No
P05693,44,Female,25.9,133,90,74,Low,No,Yes,No,No
P05694,57,Female,31.2,85,114,105,Medium,No,No,No,No
P05695,80,Male,28.8,150,94,136,Medium,No,No,Yes,No
P05696,78,Male,28.6,107,113,181,Medium,No,Yes,No,No
P05697,53,Male,24.2,126,161,87,Medium,No,Yes,No,No
P05698,51,Female,28.4,101,99,83,Low,Yes,No,No,No
P05699,46,Male,28.8,149,138,139,Low,No,No,Yes,Yes
P05700,41,Male,24.0,125,65,65,Low,No,Yes,No,No
P05701,41,Female,33.0,129,113,77,High,No,No,No,No
P05702,59,Male,40.1,135,96,106,Medium,Yes,No,No,No
P05703,21,Male,23.7,145,127,125,Low,No,Yes,Yes,No
P05704,20,Male,24.6,105,106,151,Medium,No,Yes,No,No
P05705,51,Female,24.8,120,155,112,Medium,No,No,No,Yes
P05706,74,Male,20.5,148,113,109,Low,Yes,Yes,Yes,Yes
P05707,66,Female,22.6,117,164,131,High,Yes,No,No,No
P05708,40,Female,31.3,150,65,36,Medium,No,No,Yes,No
P05709,70,Female,26.6,129,126,109,Medium,No,Yes,No,Yes
P05710,73,Male,36.6,117,130,178,Medium,No,No,No,No
P05711,69,Male,25.6,137,92,140,Medium,No,Yes,No,No
P05712,40,Male,29.1,122,125,104,Medium,No,Yes,No,No
P05713,62,Female,22.5,140,142,138,Medium,Yes,Yes,Yes,Yes
P05714,22,Female,26.4,116,163,49,High,No,No,No,No
P05715,48,Male,27.4,140,115,125,Medium,Yes,No,Yes,No
P05716,79,Female,16.5,133,110,103,Low,No,No,No,No
P05717,70,Male,22.9,119,104,110,Medium,No,No,No,No
P05718,79,Male,30.2,92,127,88,Medium,Yes,Yes,No,No
P05719,58,Male,29.9,134,92,168,Medium,No,Yes,No,Yes
P05720,74,Male,20.8,144,151,83,Low,No,No,Yes,No
P05721,78,Male,25.2,128,68,57,Low,Yes,No,No,No
P05722,74,Male,16.0,85,123,38,Low,No,No,No,No
P05723,77,Male,27.0,146,77,20,Low,No,No,Yes,No
P05724,71,Female,33.3,132,123,115,Medium,Yes,No,No,No
P05725,23,Male,33.5,136,153,70,Low,No,No,No,No
P05726,54,Female,33.3,124,131,46,Low,No,Yes,No,No
P05727,74,Female,29.6,90,104,93,High,No,Yes,No,No
P05728,27,Male,32.8,135,150,136,High,No,No,No,No
P05729,57,Female,26.1,121,65,101,Medium,No,Yes,No,No
P05730,24,Female,24.4,112,123,111,Low,Yes,Yes,No,No
P05731,56,Female,32.7,156,96,158,High,No,Yes,Yes,No
P05732,55,Male,28.4,136,142,142,Medium,No,Yes,No,No
P05733,38,Male,18.0,129,65,110,Medium,Yes,No,No,No
P05734,78,Male,33.1,109,109,61,High,No,Yes,No,No
P05735,37,Male,25.9,107,102,80,Medium,No,No,No,No
P05736,20,Male,23.7,134,157,106,Low,No,Yes,No,No
P05737,68,Female,31.9,89,97,137,High,No,No,No,No
P05738,39,Female,31.2,135,117,120,High,Yes,No,No,No
P05739,64,Male,22.2,136,127,77,High,No,No,No,No
P05740,21,Female,26.2,150,124,123,High,Yes,No,Yes,No
P05741,45,Female,22.5,143,123,182,Medium,Yes,No,Yes,No
P05742,29,Female,22.6,146,127,118,High,No,Yes,Yes,No
P05743,55,Female,16.0,114,125,133,High,Yes,No,No,No
P05744,68,Male,21.9,99,208,89,Medium,No,No,No,No
P05745,80,Male,26.1,128,65,96,Medium,No,No,No,No
P05746,53,Male,16.0,133,97,29,Medium,No,Yes,No,No
P05747,64,Female,20.1,143,123,111,Low,No,No,Yes,No
P05748,58,Female,30.0,152,164,20,Medium,No,Yes,Yes,Yes
P05749,22,Male,19.9,104,158,36,Low,Yes,No,No,No
P05750,30,Male,26.2,140,161,120,Medium,No,No,Yes,No
P05751,40,Female,18.7,85,124,61,Low,No,Yes,No,No
P05752,75,Male,29.0,130,168,20,Medium,No,Yes,No,Yes
P05753,67,Male,25.4,138,104,108,Low,No,No,No,No
P05754,47,Female,22.4,98,157,36,Medium,No,No,No,No
P05755,79,Female,16.0,136,132,152,Medium,No,No,No,No
P05756,54,Male,22.5,106,132,126,Medium,Yes,No,No,No
P05757,42,Female,30.3,118,79,187,High,No,No,No,No
P05758,65,Male,34.8,140,65,123,Medium,No,No,Yes,No
P05759,44,Female,25.9,119,115,190,Low,No,No,No,No
P05760,68,Female,26.5,119,122,62,Low,No,No,No,No
P05761,31,Male,23.6,131,86,78,Low,No,Yes,No,No
P05762,74,Female,33.1,139,157,118,Low,No,No,No,No
P05763,79,Male,25.8,125,96,99,High,Yes,Yes,No,No
P05764,65,Female,31.5,153,145,112,Medium,No,Yes,Yes,No
P05765,76,Male,28.2,119,115,104,Low,No,No,No,No
P05766,64,Female,27.6,147,152,96,Low,No,No,Yes,Yes
P05767,71,Female,21.9,135,83,63,Medium,No,No,No,No
P05768,53,Male,35.9,137,69,72,Low,Yes,No,No,No
P05769,56,Female,34.3,104,144,65,Low,No,Yes,No,No
P05770,33,Male,38.4,147,155,61,High,No,No,Yes,No
P05771,73,Female,21.5,127,136,108,Medium,No,No,No,No
P05772,39,Female,28.3,167,94,73,Medium,Yes,Yes,Yes,No
P05773,38,Male,23.0,130,149,81,Low,No,No,No,No
P05774,71,Female,29.2,125,145,168,Medium,No,Yes,No,No
P05775,38,Female,28.5,116,85,127,High,No,No,No,No
P05776,25,Male,24.9,125,141,141,Medium,No,No,No,No
P05777,66,Female,25.9,150,130,155,Medium,No,No,Yes,No
P05778,33,Male,37.5,139,129,179,Medium,No,No,No,No
P05779,76,Male,26.3,130,77,104,Medium,No,Yes,No,No
P05780,72,Male,16.0,140,154,117,High,No,Yes,Yes,No
P05781,48,Female,24.3,117,106,82,High,No,No,No,No
P05782,59,Female,21.5,116,102,67,Medium,Yes,Yes,No,No
P05783,27,Male,22.4,114,141,38,Medium,No,No,No,No
P05784,49,Female,30.5,143,117,59,Low,Yes,Yes,Yes,Yes
P05785,76,Male,31.5,145,75,81,Medium,No,Yes,Yes,No
P05786,51,Female,22.8,111,179,114,Medium,No,No,No,No
P05787,80,Male,24.2,113,133,54,Low,Yes,Yes,No,No
P05788,79,Male,23.5,123,124,61,Medium,No,No,No,No
P05789,26,Female,34.6,107,124,20,Low,Yes,No,No,No
P05790,34,Male,31.6,129,126,74,Medium,No,Yes,No,No
P05791,28,Male,30.4,151,128,108,High,No,No,Yes,No
P05792,49,Female,21.8,132,165,107,Low,No,No,No,No
P05793,27,Male,18.5,143,180,90,Medium,No,No,Yes,No
P05794,39,Male,33.2,101,115,94,Low,No,No,No,No
P05795,74,Female,36.6,116,149,105,Low,No,No,No,Yes
P05796,34,Male,18.2,91,147,161,Medium,No,Yes,No,No
P05797,21,Male,38.2,124,149,89,Low,Yes,Yes,No,Yes
P05798,65,Male,26.5,164,170,99,Low,No,No,Yes,No
P05799,69,Male,27.8,157,155,47,Medium,No,No,Yes,No
P05800,64,Male,20.4,132,140,126,Medium,No,No,No,No
P05801,42,Male,18.1,126,103,102,Medium,No,No,No,No
P05802,76,Male,16.0,134,136,81,Low,Yes,Yes,No,No
P05803,38,Male,32.2,104,88,52,High,No,No,No,No
P05804,54,Female,26.6,129,141,121,Low,Yes,No,No,No
P05805,55,Male,29.3,86,136,56,Medium,No,No,No,No
P05806,66,Male,32.7,85,75,129,Medium,No,Yes,No,No
P05807,18,Female,26.5,119,109,186,High,No,No,No,No
P05808,80,Male,35.4,168,99,157,Medium,No,No,Yes,Yes
P05809,42,Male,22.9,155,150,106,High,Yes,No,Yes,No
P05810,68,Male,24.9,146,115,133,Low,No,No,Yes,Yes
P05811,53,Male,22.5,125,75,74,Medium,No,Yes,No,No
P05812,34,Male,31.2,153,141,46,Medium,Yes,No,Yes,No
P05813,58,Male,32.6,116,132,111,Low,No,No,No,No
P05814,80,Female,24.7,104,129,78,Low,No,No,No,Yes
P05815,41,Female,20.0,115,86,43,Medium,Yes,No,No,No
P05816,19,Female,33.2,96,146,28,Medium,No,No,No,No
P05817,57,Female,22.6,166,121,92,Low,Yes,Yes,Yes,Yes
P05818,32,Female,25.0,135,119,150,Low,Yes,No,No,No
P05819,49,Male,21.6,109,81,98,High,Yes,Yes,No,No
P05820,56,Male,28.4,124,82,96,Low,No,No,No,No
P05821,76,Male,23.2,123,250,103,Low,No,No,No,Yes
P05822,23,Male,30.5,151,85,62,Medium,No,Yes,Yes,No
P05823,18,Male,24.2,165,65,85,Medium,No,Yes,Yes,No
P05824,64,Female,29.7,145,112,161,Medium,Yes,No,Yes,No
P05825,40,Female,22.4,138,118,174,High,No,No,No,No
P05826,75,Male,33.1,131,93,152,High,No,Yes,No,No
P05827,56,Male,24.5,127,96,140,High,No,No,No,No
P05828,78,Male,27.5,127,121,175,Medium,No,No,No,No
P05829,79,Female,21.1,127,138,56,Medium,No,Yes,No,No
P05830,74,Female,26.9,121,76,228,Low,No,Yes,No,No
P05831,34,Male,21.2,117,111,20,Medium,Yes,No,No,No
P05832,51,Female,26.8,106,125,90,Low,No,No,No,No
P05833,76,Male,22.2,121,117,20,Low,No,Yes,No,No
P05834,58,Female,26.2,101,101,139,Low,No,No,No,No
P05835,46,Female,29.3,115,89,52,Medium,No,No,No,No
P05836,26,Male,20.1,123,186,57,Low,No,No,No,No
P05837,30,Female,26.8,130,65,167,Low,No,No,No,No
P05838,23,Female,29.0,129,161,94,Medium,No,No,No,No
P05839,23,Male,29.0,134,85,134,Medium,Yes,Yes,No,No
P05840,37,Female,36.6,132,133,84,Medium,No,No,No,Yes
P05841,69,Male,23.3,157,128,62,Low,No,Yes,Yes,Yes
P05842,70,Female,27.0,155,89,145,High,No,Yes,Yes,No
P05843,20,Male,35.7,118,118,113,Medium,No,Yes,No,No
P05844,34,Male,20.1,142,111,115,Medium,Yes,No,Yes,Yes
P05845,80,Female,16.0,122,126,78,Medium,No,No,No,Yes
P05846,66,Female,29.7,95,170,98,Medium,No,Yes,No,No
P05847,29,Male,32.2,137,175,78,Medium,No,No,No,Yes
P05848,65,Female,16.4,116,98,139,Low,Yes,Yes,No,No
P05849,64,Female,25.4,113,137,106,Medium,Yes,Yes,No,Yes
P05850,62,Female,21.9,115,161,133,Low,No,No,No,No
P05851,72,Male,28.5,111,110,91,Medium,No,No,No,No
P05852,18,Male,26.8,158,146,186,Medium,Yes,No,Yes,No
P05853,34,Male,33.5,103,208,102,High,No,Yes,No,No
P05854,20,Female,20.3,122,85,121,Low,No,Yes,No,No
P05855,43,Female,28.9,95,142,131,Medium,Yes,Yes,No,No
P05856,32,Male,30.1,112,90,67,High,No,Yes,No,No
P05857,53,Male,27.3,101,103,89,Low,No,No,No,No
P05858,49,Female,17.0,134,108,131,Low,Yes,No,No,No
P05859,49,Female,29.1,98,140,36,Medium,Yes,Yes,No,No
P05860,21,Female,23.3,151,196,124,Low,No,No,Yes,Yes
P05861,35,Female,18.3,101,104,42,High,No,Yes,No,No
P05862,66,Male,28.8,106,160,38,Medium,No,No,No,No
P05863,36,Female,30.8,137,93,55,Low,Yes,Yes,No,No
P05864,60,Female,23.9,159,110,126,Medium,No,No,Yes,No
P05865,69,Male,31.2,117,171,224,Low,No,No,No,Yes
P05866,52,Male,31.2,136,158,48,High,No,No,No,No
P05867,57,Female,26.9,106,111,108,Low,No,No,No,No
P05868,31,Male,30.0,116,104,149,Medium,No,Yes,No,No
P05869,75,Female,31.9,123,141,128,Low,No,No,No,No
P05870,50,Female,29.6,110,102,74,Medium,No,No,No,No
P05871,31,Male,16.0,146,108,136,High,No,No,Yes,No
P05872,51,Male,16.0,139,111,82,Low,No,No,No,No
P05873,78,Female,32.3,115,119,99,Low,No,No,No,Yes
P05874,72,Male,23.6,85,105,65,Medium,No,No,No,No
P05875,21,Female,24.5,112,68,154,Medium,No,Yes,No,No
P05876,41,Female,36.4,148,179,118,Medium,Yes,Yes,Yes,Yes
P05877,76,Female,23.3,123,154,92,High,No,No,No,No
P05878,46,Male,26.3,143,122,120,Medium,No,No,Yes,No
P05879,36,Female,27.1,155,99,109,Medium,No,No,Yes,No
P05880,23,Female,25.9,136,167,119,Medium,No,No,No,No
P05881,74,Female,33.7,145,141,140,Medium,No,Yes,Yes,Yes
P05882,50,Male,25.1,115,102,119,Low,No,No,No,No
P05883,66,Female,30.6,146,143,68,High,No,Yes,Yes,No
P05884,57,Female,27.4,121,128,27,Low,No,No,No,No
P05885,36,Female,31.8,111,130,139,Low,No,Yes,No,No
P05886,70,Male,20.1,163,155,80,High,Yes,No,Yes,No
P05887,18,Female,16.0,125,143,155,Low,No,No,No,Yes
P05888,22,Female,27.1,112,155,39,Low,No,No,No,No
P05889,44,Male,22.8,133,189,63,Medium,No,No,No,No
P05890,33,Male,34.3,105,145,99,Medium,No,No,No,No
P05891,23,Female,26.6,102,207,110,Medium,No,Yes,No,No
P05892,57,Female,28.1,121,167,148,High,No,No,No,Yes
P05893,30,Female,25.5,99,116,152,Low,No,No,No,No
P05894,65,Male,23.7,116,72,103,Low,Yes,No,No,No
P05895,79,Male,27.3,101,167,139,Low,No,Yes,No,No
P05896,52,Female,32.1,143,80,22,Low,No,No,Yes,No
P05897,36,Male,25.4,155,130,90,Low,Yes,No,Yes,No
P05898,29,Female,25.1,100,150,141,Medium,Yes,No,No,No
P05899,33,Female,31.0,163,87,108,High,No,Yes,Yes,No
P05900,76,Male,18.6,139,103,171,High,Yes,Yes,No,No
P05901,60,Female,32.9,129,88,63,High,Yes,No,No,No
P05902,27,Male,23.0,98,197,145,High,No,No,No,No
P05903,42,Male,31.7,95,151,83,Low,No,No,No,No
P05904,37,Female,28.5,124,100,127,Low,No,Yes,No,No
P05905,48,Male,16.6,122,71,66,Medium,Yes,No,No,No
P05906,21,Female,27.1,120,94,112,Medium,No,No,No,No
P05907,61,Male,33.6,126,103,144,Low,Yes,No,No,No
P05908,40,Female,25.5,112,106,140,High,Yes,Yes,No,No
P05909,19,Female,25.9,121,153,110,Medium,No,No,No,No
P05910,73,Female,23.2,125,76,142,High,No,Yes,No,No
P05911,39,Male,33.0,171,163,134,Low,No,Yes,Yes,Yes
P05912,68,Female,24.7,85,65,92,Low,No,Yes,No,No
P05913,74,Male,36.0,132,122,113,Medium,No,Yes,No,No
P05914,54,Male,32.8,127,101,145,Low,No,No,No,Yes
P05915,25,Male,33.7,125,160,189,High,No,No,No,No
P05916,24,Male,27.4,132,175,130,High,No,No,No,No
P05917,31,Male,24.6,161,153,53,Medium,No,No,Yes,No
P05918,73,Female,29.4,131,140,123,High,No,No,No,No
P05919,72,Male,34.8,98,116,188,Low,No,No,No,No
P05920,20,Female,35.9,131,172,76,Medium,Yes,Yes,No,Yes
P05921,67,Female,17.7,122,90,46,Low,Yes,Yes,No,No
P05922,33,Male,40.5,114,141,128,Medium,No,No,No,No
P05923,72,Female,28.3,128,163,108,Low,No,No,No,No
P05924,36,Female,30.9,123,157,109,Medium,No,No,No,No
P05925,68,Male,22.5,121,144,96,Medium,No,No,No,No
P05926,35,Female,22.2,123,143,80,Medium,No,Yes,No,No
P05927,69,Male,19.8,104,156,73,Medium,No,No,No,No
P05928,33,Male,35.5,138,120,118,Medium,No,No,No,No
P05929,25,Male,23.6,123,175,137,Low,No,Yes,No,No
P05930,77,Female,26.5,130,197,89,Low,Yes,No,No,Yes
P05931,50,Female,25.5,109,65,164,Medium,No,Yes,No,No
P05932,66,Female,21.9,105,111,107,Medium,Yes,No,No,No
P05933,29,Female,26.0,118,86,140,Low,No,No,No,No
P05934,79,Male,27.4,124,102,86,Medium,No,No,No,Yes
P05935,70,Male,33.2,118,129,112,High,No,No,No,No
P05936,28,Female,21.7,127,141,121,Medium,No,Yes,No,No
P05937,22,Male,24.1,86,119,100,Medium,Yes,Yes,No,No
P05938,44,Female,29.8,161,147,53,High,No,Yes,Yes,Yes
P05939,29,Male,27.2,111,99,162,High,No,No,No,No
P05940,34,Male,27.3,104,111,99,High,Yes,No,No,No
P05941,23,Male,22.1,146,148,20,High,No,Yes,Yes,No
P05942,50,Male,30.9,104,113,84,High,Yes,No,No,No
P05943,22,Male,34.1,129,80,177,Medium,No,No,No,No
P05944,74,Female,33.6,104,203,159,Medium,No,Yes,No,No
P05945,45,Female,26.0,120,158,117,Medium,Yes,No,No,No
P05946,31,Male,16.0,120,131,143,Low,No,No,No,No
P05947,22,Female,28.2,111,156,169,Low,No,Yes,No,No
P05948,71,Male,27.5,141,140,110,Medium,No,No,Yes,No
P05949,73,Male,21.9,151,69,153,Medium,No,No,Yes,No
P05950,76,Male,22.9,111,130,69,High,No,Yes,No,No
P05951,50,Male,22.0,127,100,57,Low,No,Yes,No,No
P05952,79,Female,28.4,101,129,106,High,No,No,No,No
P05953,67,Male,22.9,127,139,138,Low,No,Yes,No,No
P05954,65,Female,27.8,140,158,162,Low,Yes,Yes,Yes,Yes
P05955,58,Male,38.9,127,90,101,Low,No,No,No,No
P05956,36,Male,26.1,115,92,68,High,No,Yes,No,No
P05957,39,Female,21.2,120,108,202,Low,No,No,No,No
P05958,22,Male,19.7,116,176,96,Low,No,Yes,No,No
P05959,76,Male,28.7,121,112,60,High,Yes,No,No,No
P05960,19,Female,37.0,113,144,131,Low,Yes,No,No,No
P05961,47,Female,22.5,128,123,257,Low,No,No,No,No
P05962,64,Female,16.2,103,111,109,Low,Yes,No,No,No
P05963,56,Male,35.5,85,130,108,High,No,Yes,No,No
P05964,21,Male,39.6,144,153,139,High,No,No,Yes,No
P05965,50,Female,30.8,124,149,147,Medium,No,No,No,No
P05966,30,Female,29.2,127,83,52,Low,No,Yes,No,No
P05967,37,Male,27.3,112,137,172,High,No,No,No,No
P05968,71,Male,30.4,117,182,100,Low,Yes,Yes,No,Yes
P05969,24,Female,30.2,106,136,108,Medium,Yes,Yes,No,No
P05970,32,Female,28.4,146,165,54,Medium,No,Yes,Yes,Yes
P05971,40,Female,22.2,116,186,90,High,No,No,No,No
P05972,31,Female,28.4,97,131,169,Medium,Yes,No,No,No
P05973,40,Male,26.5,137,123,157,Medium,No,No,No,No
P05974,36,Male,23.0,145,140,126,Medium,No,No,Yes,No
P05975,71,Male,28.4,122,170,20,High,No,No,No,No
P05976,46,Male,24.6,152,119,73,High,No,No,Yes,No
P05977,73,Female,27.3,130,85,125,Medium,Yes,Yes,No,No
P05978,37,Male,29.3,123,138,86,High,No,Yes,No,No
P05979,46,Female,30.0,123,157,135,Medium,No,No,No,No
P05980,41,Male,24.7,134,139,141,Medium,Yes,No,No,No
P05981,35,Male,29.3,144,140,168,Low,No,Yes,Yes,Yes
P05982,80,Male,30.4,134,124,24,Medium,No,No,No,No
P05983,27,Female,31.9,130,117,88,Low,No,No,No,No
P05984,58,Male,28.5,126,169,70,Medium,Yes,Yes,No,Yes
P05985,74,Female,30.0,138,65,80,Low,No,No,No,No
P05986,25,Female,24.9,114,128,101,Medium,No,No,No,No
P05987,43,Male,39.9,98,91,116,Medium,No,Yes,No,No
P05988,79,Female,26.7,128,124,135,Low,No,No,No,No
P05989,46,Male,32.6,107,134,70,Medium,Yes,No,No,No
P05990,27,Female,24.6,98,143,91,Low,No,No,No,No
P05991,34,Male,28.9,154,130,111,Medium,No,Yes,Yes,No
P05992,19,Female,28.7,85,174,108,Medium,No,Yes,No,No
P05993,23,Female,29.6,136,129,79,Low,No,Yes,No,No
P05994,75,Male,22.8,106,88,77,Low,No,No,No,No
P05995,22,Male,28.9,111,161,96,Low,No,Yes,No,No
P05996,45,Male,24.6,133,137,38,Medium,Yes,No,No,No
P05997,79,Male,31.1,167,91,47,Medium,No,No,Yes,Yes
P05998,58,Female,22.6,138,151,97,Medium,No,No,No,Yes
P05999,22,Female,28.5,107,105,108,Medium,No,No,No,No
P06000,35,Female,26.9,124,158,158,Medium,Yes,No,No,No
P06001,43,Female,36.3,120,81,33,Medium,No,No,No,No
P06002,37,Male,32.6,88,121,125,High,No,No,No,No
P06003,58,Female,33.9,126,140,168,Medium,Yes,No,No,No
P06004,66,Male,23.1,113,88,118,Medium,No,No,No,No
P06005,44,Female,25.1,138,143,75,Medium,No,No,No,No
P06006,66,Male,27.0,119,161,90,Medium,No,No,No,No
P06007,29,Male,32.7,153,118,187,Medium,No,Yes,Yes,No
P06008,24,Male,28.9,131,139,156,High,No,No,No,No
P06009,76,Male,23.3,129,97,76,High,No,Yes,No,No
P06010,20,Male,23.5,160,225,71,Low,No,No,Yes,Yes
P06011,27,Female,33.0,130,125,123,High,No,No,No,No
P06012,51,Male,29.0,155,137,125,High,No,No,Yes,No
P06013,42,Female,27.3,105,116,169,High,No,No,No,No
P06014,52,Female,26.8,89,102,96,Low,No,No,No,No
P06015,33,Male,31.5,129,159,38,Medium,Yes,No,No,No
P06016,19,Female,21.7,147,65,93,Medium,No,No,Yes,No
P06017,77,Female,27.3,104,65,83,Medium,No,Yes,No,No
P06018,41,Female,27.6,117,136,20,Medium,Yes,Yes,No,No
P06019,27,Male,20.8,95,112,93,High,No,No,No,No
P06020,55,Male,26.0,124,155,148,Medium,No,Yes,No,No
P06021,39,Male,38.4,125,107,139,Low,No,No,No,No
P06022,43,Male,22.8,136,66,90,Medium,Yes,No,No,No
P06023,60,Female,27.6,116,123,86,Medium,No,No,No,No
P06024,72,Female,16.6,120,116,82,Medium,No,No,No,No
P06025,56,Female,26.3,136,87,81,Low,No,No,No,No
P06026,44,Female,21.6,129,153,141,Medium,Yes,Yes,No,No
P06027,46,Female,25.2,132,137,166,Low,No,No,No,No
P06028,64,Female,29.1,140,90,139,High,No,No,Yes,No
P06029,55,Male,21.4,138,71,72,High,No,Yes,No,No
P06030,37,Female,28.2,163,137,68,High,No,No,Yes,No
P06031,44,Female,23.1,133,92,171,Medium,No,No,No,No
P06032,58,Female,20.3,133,91,109,Medium,Yes,No,No,No
P06033,71,Male,31.9,120,121,72,High,No,No,No,No
P06034,37,Female,22.2,126,127,109,Low,No,Yes,No,No
P06035,61,Female,24.9,102,143,45,Medium,No,Yes,No,No
P06036,36,Male,24.1,114,162,52,Medium,No,No,No,No
P06037,37,Female,28.1,145,109,77,Medium,No,Yes,Yes,No
P06038,52,Male,27.2,97,146,145,High,Yes,No,No,No
P06039,64,Male,26.2,150,119,92,Medium,No,No,Yes,Yes
P06040,19,Female,23.5,120,166,136,Medium,Yes,Yes,No,No
P06041,47,Female,25.7,109,95,113,Low,No,Yes,No,No
P06042,70,Male,28.5,120,143,43,Low,No,No,No,No
P06043,51,Female,27.6,136,96,176,High,Yes,Yes,No,No
P06044,39,Female,32.6,127,93,50,Low,No,No,No,No
P06045,20,Male,30.8,159,109,79,High,No,No,Yes,No
P06046,23,Male,32.5,133,65,84,High,No,No,No,No
P06047,32,Female,33.8,134,160,141,Low,No,No,No,No
P06048,44,Male,27.9,135,94,77,Low,Yes,No,No,Yes
P06049,27,Female,31.3,127,109,66,Low,No,No,No,No
P06050,26,Female,28.7,121,91,143,Low,No,No,No,No
P06051,50,Female,33.6,127,158,92,Low,Yes,Yes,No,No
P06052,49,Female,18.2,129,134,134,Low,No,No,No,No
P06053,65,Male,25.4,124,144,214,Medium,Yes,No,No,No
P06054,23,Female,29.1,148,131,85,High,No,No,Yes,No
P06055,58,Male,29.8,146,131,125,Low,No,No,Yes,Yes
P06056,76,Female,26.9,104,137,50,Low,No,No,No,Yes
P06057,53,Female,18.7,142,158,79,High,Yes,No,Yes,No
P06058,76,Male,26.1,125,85,119,Low,No,Yes,No,No
P06059,77,Female,31.1,120,105,170,Low,No,No,No,No
P06060,19,Male,25.4,138,88,36,Low,No,No,No,No
P06061,46,Male,27.5,130,146,122,Low,No,No,No,No
P06062,21,Female,36.6,109,140,54,Medium,Yes,No,No,No
P06063,18,Female,26.1,140,150,92,Low,No,No,Yes,No
P06064,36,Female,26.2,123,65,79,Medium,No,Yes,No,No
P06065,43,Female,28.0,139,110,71,Medium,No,No,No,No
P06066,42,Male,28.2,125,65,113,Medium,Yes,Yes,No,No
P06067,27,Female,27.7,139,193,60,Medium,No,No,No,No
P06068,70,Female,29.0,142,129,20,Low,Yes,No,Yes,Yes
P06069,32,Female,21.0,147,96,85,Medium,No,No,Yes,No
P06070,76,Female,26.4,114,121,69,High,No,No,No,No
P06071,39,Female,20.9,158,124,85,Low,No,Yes,Yes,Yes
P06072,68,Male,27.3,122,194,69,Low,Yes,Yes,No,Yes
P06073,65,Female,30.0,103,118,127,High,No,Yes,No,No
P06074,38,Male,26.3,128,131,131,Medium,No,Yes,No,No
P06075,76,Female,22.3,122,104,46,Low,Yes,Yes,No,No
P06076,73,Female,24.8,114,199,158,Medium,No,No,No,No
P06077,39,Female,36.0,126,180,134,Low,No,No,No,No
P06078,53,Male,34.2,139,65,84,Medium,Yes,No,No,No
P06079,51,Female,24.3,131,155,99,High,Yes,No,No,No
P06080,47,Male,24.3,149,141,147,High,No,Yes,Yes,No
P06081,42,Male,26.5,123,98,84,Low,No,No,No,No
P06082,62,Female,33.2,133,90,138,Medium,Yes,Yes,No,No
P06083,45,Male,18.2,129,65,118,Medium,Yes,Yes,No,No
P06084,18,Female,24.2,158,147,142,Medium,No,No,Yes,No
P06085,66,Female,29.1,107,77,131,Low,No,Yes,No,No
P06086,62,Male,28.5,115,136,77,High,No,Yes,No,No
P06087,21,Female,24.9,162,87,111,Medium,Yes,No,Yes,No
P06088,24,Female,25.7,121,83,142,Low,Yes,Yes,No,No
P06089,66,Male,28.7,97,127,138,Medium,No,Yes,No,No
P06090,26,Male,24.9,161,169,134,Low,No,No,Yes,Yes
P06091,53,Male,21.7,108,98,95,Low,No,No,No,No
P06092,36,Male,26.1,127,123,170,Low,No,No,No,No
P06093,18,Male,27.9,144,129,120,Low,No,Yes,Yes,No
P06094,27,Male,16.4,141,122,180,Low,No,No,Yes,No
P06095,53,Female,29.0,109,136,52,Medium,No,Yes,No,No
P06096,26,Male,31.9,168,126,91,Medium,Yes,No,Yes,Yes
P06097,62,Male,25.2,134,65,97,Medium,No,No,No,No
P06098,63,Female,25.3,124,171,142,Medium,No,No,No,No
P06099,59,Female,23.3,107,139,70,Medium,Yes,No,No,No
P06100,49,Male,26.2,134,118,69,Low,No,Yes,No,No
P06101,49,Male,24.2,152,90,148,Medium,Yes,Yes,Yes,No
P06102,23,Female,34.2,120,112,98,High,No,Yes,No,No
P06103,65,Male,27.6,93,156,130,Medium,Yes,No,No,No
P06104,55,Male,16.3,112,78,68,Medium,No,No,No,No
P06105,34,Female,29.9,119,96,136,Medium,No,No,No,No
P06106,27,Male,35.6,98,122,143,Medium,Yes,No,No,No
P06107,67,Female,29.5,134,69,162,Low,No,No,No,No
P06108,44,Male,33.0,138,91,60,Medium,No,No,No,No
P06109,71,Female,30.4,112,115,51,Medium,No,Yes,No,No
P06110,67,Female,32.0,140,65,101,High,No,No,Yes,No
P06111,52,Female,31.7,109,117,160,Low,Yes,No,No,No
P06112,69,Male,31.8,101,79,65,Medium,No,Yes,No,No
P06113,76,Female,28.6,106,166,56,Medium,No,Yes,No,No
P06114,38,Male,18.4,110,106,83,Medium,No,No,No,No
P06115,80,Female,21.6,139,151,113,Low,Yes,No,No,Yes
P06116,42,Female,21.6,135,139,110,Low,No,No,No,No
P06117,45,Female,16.0,109,97,65,Low,No,No,No,No
P06118,64,Male,24.8,113,137,72,Medium,No,No,No,No
P06119,32,Male,34.1,157,185,101,Medium,Yes,Yes,Yes,Yes
P06120,21,Female,19.8,140,127,71,Low,Yes,Yes,Yes,No
P06121,46,Male,30.6,100,113,58,High,Yes,No,No,No
P06122,76,Male,29.6,149,138,129,Medium,Yes,No,Yes,Yes
P06123,26,Male,28.1,166,142,79,Low,Yes,No,Yes,No
P06124,44,Female,32.9,125,112,83,Low,No,No,No,No
P06125,43,Male,26.8,120,65,89,Low,No,No,No,No
P06126,36,Female,34.6,117,94,118,Medium,No,No,No,No
P06127,73,Female,26.0,119,79,108,Medium,Yes,Yes,No,No
P06128,45,Female,28.7,139,124,80,High,Yes,Yes,No,No
P06129,34,Male,26.3,114,166,98,Low,No,No,No,No
P06130,60,Female,22.4,139,142,95,Low,No,Yes,No,No
P06131,74,Male,20.3,125,108,170,Low,No,No,No,No
P06132,58,Male,29.9,114,134,104,Low,Yes,No,No,No
P06133,59,Female,33.7,131,124,68,Low,Yes,No,No,No
P06134,67,Female,28.2,121,143,33,Medium,No,No,No,No
P06135,37,Female,29.6,114,145,148,Medium,No,No,No,No
P06136,62,Male,19.2,124,171,101,Medium,No,No,No,Yes
P06137,57,Male,28.9,125,120,119,Low,No,Yes,No,No
P06138,56,Female,16.6,116,65,140,Medium,No,Yes,No,No
P06139,66,Female,21.0,110,79,71,Medium,No,Yes,No,No
P06140,70,Male,33.7,127,126,70,Low,No,No,No,No
P06141,40,Male,27.1,129,116,108,Medium,No,Yes,No,No
P06142,64,Female,27.5,132,150,209,Low,No,No,No,No
P06143,49,Male,29.8,132,161,73,Low,No,Yes,No,Yes
P06144,69,Male,31.0,149,126,81,Medium,Yes,No,Yes,No
P06145,64,Male,25.6,105,81,143,Low,No,No,No,No
P06146,80,Male,28.5,154,145,132,Medium,No,Yes,Yes,Yes
P06147,50,Male,26.7,101,135,83,Low,No,No,No,No
P06148,74,Male,19.3,147,147,34,Low,Yes,No,Yes,Yes
P06149,63,Female,25.2,134,100,93,Medium,No,Yes,No,No
P06150,22,Male,29.1,116,229,187,Medium,No,No,No,No
P06151,60,Female,25.1,85,65,85,Medium,No,No,No,No
P06152,65,Female,25.1,98,128,141,Medium,No,No,No,No
P06153,51,Male,30.9,114,150,55,High,Yes,No,No,No
P06154,57,Female,27.8,133,154,143,Medium,No,Yes,No,No
P06155,28,Female,28.8,115,125,145,High,Yes,No,No,No
P06156,78,Female,18.9,124,147,106,Low,No,No,No,No
P06157,67,Male,29.2,117,157,160,High,No,No,No,No
P06158,20,Female,21.5,128,129,100,Medium,No,No,No,No
P06159,79,Male,26.9,100,133,194,High,No,Yes,No,No
P06160,75,Female,21.7,120,147,100,Medium,No,No,No,Yes
P06161,50,Female,31.7,134,126,90,Low,No,No,No,No
P06162,28,Female,36.1,170,172,120,High,No,No,Yes,Yes
P06163,33,Female,26.3,140,160,51,Low,No,No,Yes,No
P06164,35,Male,26.2,122,114,116,Medium,Yes,No,No,No
P06165,47,Female,32.2,114,100,68,Low,Yes,No,No,No
P06166,65,Female,29.9,133,152,149,Medium,No,No,No,Yes
P06167,72,Male,26.6,110,128,145,Medium,No,Yes,No,No
P06168,27,Male,28.8,128,104,71,High,No,No,No,No
P06169,35,Male,37.1,131,108,85,Low,No,No,No,No
P06170,55,Female,23.6,121,148,149,Medium,Yes,Yes,No,No
P06171,80,Male,24.1,142,109,193,Medium,No,No,Yes,No
P06172,36,Male,31.0,123,176,105,Medium,Yes,No,No,No
P06173,53,Male,37.6,117,90,142,Medium,No,No,No,Yes
P06174,76,Male,27.9,116,107,139,Medium,Yes,No,No,No
P06175,80,Male,18.5,102,92,139,High,No,No,No,No
P06176,30,Male,29.0,99,82,20,Medium,No,Yes,No,No
P06177,73,Female,24.4,136,97,64,Medium,No,No,No,No
P06178,63,Male,29.4,152,107,171,Medium,No,Yes,Yes,No
P06179,20,Female,20.2,164,110,70,Low,No,No,Yes,No
P06180,27,Male,19.6,145,65,95,Medium,Yes,Yes,Yes,No
P06181,55,Male,25.5,134,83,194,Low,Yes,No,No,No
P06182,18,Male,35.3,131,131,83,Medium,No,No,No,No
P06183,72,Female,20.1,149,100,111,Medium,No,No,Yes,No
P06184,73,Male,25.4,118,161,124,Medium,No,Yes,No,Yes
P06185,44,Male,19.7,157,117,158,Medium,No,Yes,Yes,No
P06186,63,Male,28.4,124,146,133,Low,No,No,No,No
P06187,25,Male,28.1,130,112,82,Medium,No,No,No,No
P06188,68,Female,19.9,125,157,105,Medium,No,No,No,No
P06189,63,Female,33.4,145,65,95,Low,No,Yes,Yes,Yes
P06190,59,Female,17.4,125,129,146,Medium,Yes,Yes,No,No
P06191,34,Female,34.9,132,179,103,Medium,No,No,No,No
P06192,26,Female,33.9,103,74,115,Medium,No,Yes,No,No
P06193,78,Male,28.5,122,151,84,Low,Yes,Yes,No,No
P06194,23,Male,31.5,144,139,195,Medium,No,No,Yes,No
P06195,60,Male,26.1,110,75,68,High,No,Yes,No,No
P06196,42,Female,19.3,125,137,201,Medium,No,Yes,No,No
P06197,56,Male,28.2,124,137,97,Medium,No,No,No,No
P06198,66,Female,19.1,114,122,146,Medium,Yes,Yes,No,No
P06199,77,Male,26.9,143,165,110,High,No,No,Yes,Yes
P06200,45,Female,20.8,134,160,51,Medium,No,No,No,No
P06201,50,Male,31.9,141,154,83,Medium,No,No,Yes,No
P06202,71,Male,28.9,144,174,156,High,No,Yes,Yes,Yes
P06203,54,Male,30.4,126,97,58,Medium,No,No,No,No
P06204,26,Male,28.7,153,107,20,Medium,No,No,Yes,No
P06205,35,Female,36.4,103,102,24,Low,No,No,No,No
P06206,73,Male,32.1,122,107,105,Medium,No,Yes,No,No
P06207,76,Male,35.5,128,108,61,Low,No,No,No,No
P06208,38,Male,22.5,94,120,108,Medium,No,Yes,No,No
P06209,19,Female,24.3,150,112,132,Medium,Yes,No,Yes,No
P06210,78,Male,16.0,109,87,133,Medium,No,No,No,No
P06211,75,Male,25.0,126,153,122,High,No,No,No,No
P06212,60,Male,26.8,139,94,196,Medium,Yes,Yes,No,No
P06213,76,Male,29.2,167,180,176,Medium,No,No,Yes,Yes
P06214,77,Male,24.3,95,153,62,Medium,No,No,No,No
P06215,55,Female,30.7,136,84,133,Low,No,Yes,No,No
P06216,75,Female,30.3,120,124,131,Low,No,No,No,No
P06217,57,Female,24.6,137,75,55,Medium,Yes,No,No,No
P06218,53,Male,22.2,142,170,80,Low,No,No,Yes,No
P06219,67,Female,27.3,133,125,32,High,Yes,No,No,No
P06220,77,Male,27.5,126,124,80,High,No,No,No,No
P06221,60,Male,24.0,106,133,134,Low,Yes,No,No,No
P06222,54,Male,25.7,107,119,153,Medium,No,No,No,No
P06223,32,Male,19.9,140,102,205,Low,Yes,Yes,Yes,No
P06224,45,Female,30.4,110,122,141,Low,No,No,No,No
P06225,35,Female,30.5,133,169,123,Medium,No,No,No,No
P06226,51,Female,27.2,148,106,188,Low,Yes,Yes,Yes,Yes
P06227,80,Male,30.8,102,174,175,Medium,Yes,Yes,No,Yes
P06228,39,Female,27.7,149,108,80,Medium,Yes,No,Yes,No
P06229,28,Female,35.1,148,131,99,Medium,Yes,Yes,Yes,Yes
P06230,75,Male,20.5,131,194,136,Low,Yes,Yes,No,Yes
P06231,74,Female,28.0,114,145,44,Medium,Yes,Yes,No,No
P06232,30,Male,31.5,135,137,123,Low,No,Yes,No,No
P06233,21,Female,34.5,122,148,125,Low,No,No,No,No
P06234,39,Female,31.0,112,160,138,Low,No,No,No,No
P06235,24,Female,21.8,127,96,144,High,No,Yes,No,No
P06236,78,Male,18.7,109,142,90,Low,No,No,No,No
P06237,60,Female,26.2,104,134,125,High,Yes,No,No,No
P06238,71,Female,28.8,115,65,86,Low,No,No,No,No
P06239,41,Female,31.7,94,134,148,Medium,Yes,No,No,No
P06240,21,Female,21.5,147,90,114,High,No,No,Yes,No
P06241,45,Male,30.1,134,129,149,Medium,No,No,No,No
P06242,32,Male,16.0,110,159,23,Low,Yes,Yes,No,No
P06243,18,Female,23.3,116,92,47,Low,No,No,No,No
P06244,72,Female,31.3,139,121,119,High,No,No,No,No
P06245,20,Female,21.0,148,110,49,Medium,Yes,Yes,Yes,No
P06246,31,Male,21.5,127,165,151,Medium,Yes,Yes,No,No
P06247,55,Female,24.4,120,106,151,Low,No,No,No,No
P06248,67,Female,27.9,96,133,126,Medium,No,No,No,No
P06249,74,Male,21.4,119,147,91,Medium,Yes,No,No,No
P06250,18,Male,26.8,105,152,89,Medium,No,Yes,No,No
P06251,55,Male,24.8,104,91,145,Low,No,No,No,No
P06252,55,Female,32.8,147,116,133,Medium,No,No,Yes,No
P06253,38,Male,24.6,123,181,66,Medium,No,No,No,No
P06254,65,Male,27.1,128,124,124,Medium,No,Yes,No,Yes
P06255,46,Female,27.8,132,161,172,Medium,No,No,No,No
P06256,22,Male,24.9,122,197,131,Low,No,No,No,No
P06257,66,Female,30.8,126,123,88,Medium,No,Yes,No,No
P06258,27,Female,31.9,125,154,95,Medium,No,No,No,No
P06259,45,Male,24.6,117,158,88,Medium,No,No,No,No
P06260,38,Female,28.5,130,77,85,Low,No,No,No,No
P06261,67,Male,22.4,123,139,51,High,No,No,No,No
P06262,24,Male,29.8,127,178,110,Low,No,No,No,No
P06263,20,Male,28.2,125,70,35,Medium,No,No,No,No
P06264,62,Female,25.2,160,121,140,High,No,Yes,Yes,No
P06265,64,Male,28.6,143,129,90,Medium,No,No,Yes,No
P06266,37,Female,30.0,139,122,164,Medium,No,No,No,No
P06267,36,Female,33.2,133,118,60,Low,No,Yes,No,No
P06268,52,Female,29.0,133,86,99,High,No,Yes,No,No
P06269,21,Male,31.4,120,138,110,Medium,No,No,No,No
P06270,22,Female,36.5,145,99,53,Medium,No,Yes,Yes,No
P06271,18,Female,21.8,131,100,127,Medium,No,Yes,No,No
P06272,21,Male,32.9,136,65,53,Medium,No,No,No,No
P06273,29,Male,22.6,120,75,124,High,No,No,No,No
P06274,77,Female,23.4,109,177,172,High,No,No,No,No
P06275,44,Female,26.9,145,128,132,Low,No,No,Yes,No
P06276,73,Male,23.8,127,151,85,Medium,No,Yes,No,No
P06277,59,Female,22.9,116,94,157,Medium,Yes,Yes,No,No
P06278,40,Female,26.7,131,65,210,High,No,No,No,No
P06279,42,Female,25.3,123,102,116,Low,Yes,No,No,No
P06280,38,Female,23.7,153,65,75,Medium,No,No,Yes,No
P06281,78,Male,22.2,119,100,108,Medium,No,Yes,No,No
P06282,80,Female,34.1,133,165,50,Medium,Yes,No,No,No
P06283,75,Male,21.0,145,122,156,Low,No,Yes,Yes,No
P06284,69,Female,26.2,137,176,119,Medium,No,No,No,No
P06285,41,Male,32.6,135,145,81,Low,No,Yes,No,No
P06286,42,Female,31.0,116,162,128,Medium,Yes,No,No,No
P06287,62,Male,28.2,127,116,83,Medium,No,No,No,No
P06288,72,Female,23.9,133,76,96,Medium,No,No,No,No
P06289,63,Male,26.9,128,89,105,Medium,No,No,No,No
P06290,49,Female,21.4,152,168,186,Medium,No,No,Yes,Yes
P06291,72,Female,25.6,122,131,54,Low,No,Yes,No,No
P06292,49,Male,25.5,126,77,140,Low,No,No,No,No
P06293,22,Male,26.0,171,148,73,Low,No,No,Yes,Yes
P06294,53,Male,23.1,140,70,184,Medium,Yes,No,Yes,No
P06295,63,Male,18.5,108,141,64,Low,Yes,Yes,No,No
P06296,59,Male,33.3,134,116,65,Low,No,Yes,No,No
P06297,66,Female,32.1,139,149,140,Low,No,No,No,Yes
P06298,59,Male,31.4,111,116,105,Medium,Yes,No,No,No
P06299,75,Male,28.9,120,150,142,Medium,Yes,No,No,No
P06300,56,Female,27.9,104,71,160,Medium,Yes,No,No,No
P06301,33,Male,23.5,130,137,114,Medium,No,No,No,No
P06302,50,Male,24.1,96,109,151,Medium,Yes,No,No,No
P06303,66,Male,34.3,111,138,20,High,No,No,No,No
P06304,38,Female,35.4,100,114,121,Medium,No,Yes,No,No
P06305,78,Male,26.1,131,94,96,Medium,No,No,No,No
P06306,26,Female,27.0,119,121,173,Medium,No,No,No,No
P06307,23,Female,30.7,132,168,20,Medium,No,Yes,No,No
P06308,68,Male,27.5,92,104,72,Medium,Yes,No,No,No
P06309,62,Female,27.8,111,132,46,Medium,No,Yes,No,No
P06310,52,Male,26.7,139,101,115,High,No,No,No,No
P06311,56,Male,22.3,104,65,116,Medium,No,Yes,No,No
P06312,39,Male,25.1,143,128,107,Medium,Yes,No,Yes,No
P06313,58,Male,26.3,122,250,141,Low,No,No,No,Yes
P06314,71,Male,16.0,110,78,155,Medium,No,Yes,No,No
P06315,22,Female,27.4,111,159,121,High,No,No,No,No
P06316,59,Female,38.6,129,65,45,Medium,Yes,No,No,No
P06317,40,Female,24.9,165,123,80,Medium,No,No,Yes,No
P06318,34,Female,27.2,174,76,136,Low,Yes,Yes,Yes,Yes
P06319,29,Male,22.8,101,140,116,High,No,No,No,No
P06320,40,Male,21.5,137,106,76,High,No,Yes,No,No
P06321,33,Female,25.4,155,104,152,Medium,No,No,Yes,No
P06322,20,Male,30.1,103,85,132,High,Yes,Yes,No,No
P06323,47,Female,25.8,114,65,151,Medium,No,No,No,No
P06324,74,Female,25.1,130,115,122,High,No,Yes,No,No
P06325,80,Female,29.5,126,100,73,High,No,No,No,No
P06326,39,Female,28.0,100,110,171,Low,No,No,No,No
P06327,26,Male,28.4,138,113,136,Medium,No,Yes,No,No
P06328,46,Male,33.0,133,96,129,Low,No,No,No,No
P06329,64,Female,32.3,142,129,146,Low,No,Yes,Yes,Yes
P06330,54,Female,34.5,135,117,93,Medium,No,Yes,No,No
P06331,40,Female,20.9,134,154,131,Medium,No,Yes,No,Yes
P06332,30,Female,31.3,126,208,100,High,No,No,No,No
P06333,49,Female,35.2,147,133,72,Low,No,No,Yes,Yes
P06334,63,Male,18.8,101,164,45,Low,No,Yes,No,No
P06335,69,Female,26.9,105,129,20,High,No,No,No,No
P06336,64,Female,24.3,145,141,122,Low,No,No,Yes,No
P06337,65,Male,26.9,120,114,72,Low,No,No,No,No
P06338,40,Male,32.7,109,121,82,Medium,Yes,No,No,No
P06339,62,Male,20.0,140,97,70,Low,No,No,Yes,No
P06340,34,Male,28.2,137,175,36,Low,No,No,No,No
P06341,72,Male,24.2,89,159,153,Medium,No,Yes,No,No
P06342,57,Male,32.9,137,134,196,Low,No,No,No,Yes
P06343,38,Male,29.1,114,89,24,High,No,No,No,No
P06344,19,Male,26.2,134,119,122,Low,No,No,No,No
P06345,54,Male,23.4,124,159,52,Low,No,No,No,No
P06346,23,Female,40.3,136,211,141,Medium,Yes,Yes,No,No
P06347,61,Male,28.4,125,128,169,High,No,No,No,No
P06348,35,Female,19.9,103,168,140,Low,No,No,No,No
P06349,47,Female,22.9,96,131,64,Low,No,No,No,No
P06350,39,Female,29.1,101,170,73,Medium,No,No,No,No
P06351,71,Female,23.3,105,65,85,Medium,No,Yes,No,No
P06352,50,Female,24.0,133,95,136,Low,No,No,No,No
P06353,47,Female,31.9,142,136,95,Medium,No,No,Yes,No
P06354,34,Female,31.5,119,82,136,High,No,No,No,No
P06355,79,Female,24.1,109,140,106,High,No,No,No,No
P06356,60,Male,32.9,126,126,102,Low,No,Yes,No,No
P06357,49,Female,23.4,89,69,110,Low,No,No,No,No
P06358,59,Female,35.5,136,65,103,Medium,No,No,No,No
P06359,68,Female,29.7,124,137,35,Low,No,No,No,No
P06360,31,Female,28.5,126,85,62,Low,No,Yes,No,No
P06361,75,Male,25.1,115,109,179,Low,No,Yes,No,No
P06362,27,Female,24.0,114,147,126,Low,No,Yes,No,No
P06363,64,Male,16.0,95,122,186,Low,No,No,No,No
P06364,77,Male,25.5,141,110,65,Medium,Yes,No,Yes,Yes
P06365,68,Female,26.9,102,72,105,Medium,No,Yes,No,No
P06366,53,Female,17.9,112,177,96,High,No,No,No,No
P06367,51,Male,31.1,108,153,58,Medium,No,Yes,No,No
P06368,26,Female,26.2,140,102,29,Medium,Yes,No,Yes,No
P06369,59,Female,33.1,114,93,60,Low,No,Yes,No,No
P06370,45,Male,23.6,142,105,152,High,Yes,No,Yes,No
P06371,28,Male,33.2,135,91,83,Low,Yes,No,No,No
P06372,31,Female,24.8,108,115,91,Medium,Yes,No,No,No
P06373,56,Female,26.7,123,164,105,Low,No,Yes,No,No
P06374,72,Female,28.1,94,160,112,Medium,No,No,No,No
P06375,64,Male,26.8,132,160,91,High,No,Yes,No,No
P06376,71,Female,28.5,113,80,88,Low,No,No,No,No
P06377,80,Male,17.4,106,89,123,Low,No,Yes,No,No
P06378,36,Male,26.3,120,159,178,Low,No,Yes,No,No
P06379,71,Female,26.6,117,141,77,Medium,No,No,No,No
P06380,32,Male,17.1,130,110,36,Medium,No,Yes,No,No
P06381,79,Female,30.2,159,150,77,Low,No,No,Yes,Yes
P06382,45,Female,22.4,149,143,101,Low,No,Yes,Yes,Yes
P06383,41,Male,31.7,104,71,22,Medium,No,Yes,No,No
P06384,25,Female,27.4,153,65,109,Low,No,No,Yes,No
P06385,60,Male,24.1,126,125,131,High,No,Yes,No,No
P06386,78,Male,32.0,85,65,59,Medium,Yes,No,No,No
P06387,26,Female,35.3,121,163,92,Medium,No,Yes,No,No
P06388,64,Female,27.2,97,143,135,High,Yes,Yes,No,No
P06389,50,Female,33.9,117,112,104,Medium,No,No,No,No
P06390,79,Female,26.1,159,82,112,Medium,No,No,Yes,Yes
P06391,50,Male,31.8,101,92,100,Low,No,No,No,No
P06392,36,Male,25.2,101,65,109,Low,No,No,No,No
P06393,20,Male,36.1,123,174,176,Medium,No,No,No,No
P06394,27,Female,32.4,110,132,131,Medium,Yes,Yes,No,No
P06395,57,Male,29.4,120,119,20,High,No,No,No,No
P06396,64,Male,16.0,127,189,112,Low,No,No,No,No
P06397,59,Female,29.2,98,92,184,High,No,Yes,No,No
P06398,18,Female,20.8,129,118,107,Low,No,Yes,No,No
P06399,46,Female,28.8,111,101,24,Low,No,No,No,No
P06400,67,Male,33.4,144,198,59,Low,Yes,Yes,Yes,Yes
P06401,51,Female,30.4,109,115,101,Medium,No,No,No,No
P06402,68,Male,31.3,112,131,69,Medium,No,No,No,No
P06403,30,Male,25.1,108,182,178,Medium,Yes,No,No,No
P06404,71,Male,19.4,118,163,57,Medium,No,Yes,No,No
P06405,18,Male,23.1,99,68,103,Low,No,No,No,No
P06406,51,Male,25.4,134,114,105,Medium,No,No,No,No
P06407,46,Female,26.9,116,123,175,Medium,No,No,No,No
P06408,65,Male,33.3,140,131,101,Low,No,No,Yes,Yes
P06409,64,Female,30.7,126,136,156,High,No,Yes,No,No
P06410,30,Male,38.1,156,93,94,Low,No,No,Yes,No
P06411,65,Male,22.0,120,178,99,Medium,Yes,Yes,No,No
P06412,66,Female,32.8,119,141,88,Medium,Yes,No,No,No
P06413,70,Male,31.4,136,148,27,High,No,No,No,No
P06414,78,Male,26.4,88,173,150,Medium,No,Yes,No,Yes
P06415,46,Female,22.2,116,135,137,Medium,No,No,No,No
P06416,56,Female,23.9,123,118,104,Medium,No,Yes,No,No
P06417,41,Male,23.7,138,112,84,High,No,No,No,No
P06418,43,Male,35.6,142,117,50,Medium,No,No,Yes,No
P06419,34,Male,31.1,145,119,81,Low,Yes,No,Yes,No
P06420,24,Female,31.3,120,65,103,High,No,No,No,No
P06421,30,Male,27.4,112,103,119,Medium,Yes,Yes,No,No
P06422,22,Female,25.9,126,87,126,Low,Yes,No,No,No
P06423,43,Female,28.7,120,65,64,Low,Yes,No,No,No
P06424,66,Male,27.5,95,130,66,High,Yes,Yes,No,No
P06425,20,Female,26.5,128,141,102,Medium,No,Yes,No,No
P06426,24,Male,28.8,109,95,90,Low,No,No,No,No
P06427,75,Male,21.7,121,115,135,Low,Yes,No,No,Yes
P06428,66,Female,28.3,120,145,42,Low,No,No,No,No
P06429,56,Female,26.4,164,114,131,Low,No,No,Yes,No
P06430,70,Female,23.4,141,120,108,High,No,No,Yes,No
P06431,18,Female,30.2,137,116,77,Medium,No,No,No,No
P06432,66,Female,36.0,142,146,119,Medium,No,No,Yes,Yes
P06433,79,Female,33.4,119,124,132,Low,No,No,No,No
P06434,34,Male,25.6,103,114,20,Medium,Yes,Yes,No,No
P06435,60,Male,30.3,86,108,193,Low,No,Yes,No,No
P06436,42,Male,31.2,135,96,103,Low,No,No,No,No
P06437,76,Female,27.6,135,146,126,Medium,Yes,No,No,No
P06438,78,Female,26.9,111,145,125,High,No,No,No,No
P06439,20,Female,28.7,114,125,113,Low,Yes,Yes,No,Yes
P06440,32,Male,39.6,111,158,82,Medium,No,Yes,No,No
P06441,46,Male,28.3,111,125,109,Medium,No,No,No,No
P06442,70,Female,20.7,116,136,105,Low,No,No,No,No
P06443,60,Female,21.8,131,105,118,Medium,No,Yes,No,No
P06444,49,Female,26.1,144,167,174,Medium,Yes,Yes,Yes,Yes
P06445,43,Female,20.8,125,131,91,Low,No,Yes,No,No
P06446,77,Male,26.3,148,139,64,High,No,Yes,Yes,No
P06447,33,Male,38.1,168,127,107,Medium,No,No,Yes,Yes
P06448,42,Male,24.4,132,128,72,Medium,Yes,No,No,No
P06449,71,Female,21.6,124,134,55,Medium,Yes,Yes,No,No
P06450,45,Male,26.0,85,65,72,Low,No,Yes,No,No
P06451,26,Female,26.5,136,140,42,Low,No,No,No,Yes
P06452,73,Female,22.1,126,100,47,Low,Yes,No,No,No
P06453,73,Female,20.8,127,117,171,Low,No,Yes,No,No
P06454,18,Male,33.8,121,102,152,Low,No,No,No,No
P06455,46,Male,29.5,117,154,104,Medium,No,No,No,No
P06456,74,Female,24.6,107,97,56,Medium,No,Yes,No,No
P06457,39,Male,21.2,140,115,21,Low,No,No,Yes,Yes
P06458,33,Female,24.4,85,102,92,Medium,No,No,No,No
P06459,58,Female,20.9,133,99,134,High,No,Yes,No,No
P06460,68,Female,24.1,98,99,100,Medium,Yes,No,No,No
P06461,61,Male,37.3,148,82,147,Medium,No,No,Yes,No
P06462,68,Male,28.2,119,105,86,High,No,No,No,No
P06463,71,Female,23.9,135,132,92,Low,No,Yes,No,No
P06464,58,Male,30.4,128,93,129,Low,Yes,No,No,No
P06465,24,Male,22.3,147,129,45,Medium,No,No,Yes,No
P06466,31,Male,25.0,158,144,114,Low,No,No,Yes,No
P06467,46,Male,17.7,146,120,112,Medium,No,No,Yes,No
P06468,36,Female,33.4,136,83,95,Low,Yes,No,No,No
P06469,36,Male,26.0,120,65,165,High,No,No,No,No
P06470,19,Female,22.9,134,153,136,Medium,No,No,No,No
P06471,58,Female,30.2,144,179,34,Medium,No,No,Yes,No
P06472,62,Male,21.8,118,174,88,Low,No,No,No,No
P06473,32,Female,22.1,126,136,74,High,No,No,No,No
P06474,20,Female,25.1,111,136,100,Low,No,No,No,No
P06475,28,Male,21.0,141,117,61,High,No,No,Yes,No
P06476,70,Female,23.7,134,117,57,Medium,No,Yes,No,No
P06477,63,Female,26.0,102,100,97,Medium,Yes,Yes,No,No
P06478,47,Male,26.5,131,95,109,Medium,Yes,No,No,No
P06479,74,Male,20.4,121,65,68,Low,No,Yes,No,No
P06480,57,Male,25.8,127,149,63,Medium,No,No,No,No
P06481,35,Male,29.9,112,144,34,Low,No,No,No,No
P06482,68,Male,30.7,149,112,119,Low,No,No,Yes,Yes
P06483,65,Female,24.5,113,169,87,High,No,No,No,No
P06484,19,Female,26.1,163,203,78,High,No,Yes,Yes,Yes
P06485,49,Male,25.8,128,73,143,High,No,No,No,No
P06486,25,Male,20.0,120,145,20,High,Yes,No,No,No
P06487,39,Female,24.3,133,124,129,High,No,No,No,No
P06488,23,Male,31.0,131,181,169,High,No,Yes,No,Yes
P06489,29,Male,31.1,161,107,20,Low,No,Yes,Yes,Yes
P06490,64,Female,29.1,133,162,20,Low,No,Yes,No,Yes
P06491,74,Female,16.0,92,149,40,Low,No,No,No,No
P06492,57,Female,23.1,114,165,51,Low,No,Yes,No,No
P06493,53,Male,29.3,140,100,150,High,Yes,Yes,Yes,No
P06494,32,Female,35.6,122,112,93,High,Yes,Yes,No,No
P06495,45,Male,26.9,116,143,196,Medium,No,No,No,No
P06496,69,Female,27.5,113,165,88,Low,Yes,No,No,Yes
P06497,74,Male,26.4,108,133,92,Low,No,No,No,No
P06498,66,Male,20.5,130,65,165,Medium,No,No,No,No
P06499,62,Male,28.8,113,167,20,High,Yes,No,No,No
P06500,35,Female,19.4,149,170,110,Medium,No,No,Yes,No
P06501,19,Female,26.6,110,106,129,Low,No,No,No,No
P06502,30,Female,27.4,102,155,155,Medium,Yes,No,No,No
P06503,62,Male,27.2,125,142,145,Low,Yes,No,No,No
P06504,71,Female,20.5,88,94,117,Medium,No,Yes,No,No
P06505,32,Female,23.5,85,156,163,Medium,No,No,No,No
P06506,37,Male,30.4,136,123,167,High,No,No,No,No
P06507,46,Male,27.4,126,77,134,High,Yes,No,No,No
P06508,76,Female,23.5,87,156,59,Medium,No,No,No,No
P06509,59,Female,21.6,127,199,112,Medium,No,No,No,No
P06510,46,Female,31.0,120,65,142,Low,No,Yes,No,No
P06511,20,Male,27.2,98,136,92,Low,No,No,No,No
P06512,36,Female,21.3,138,134,136,High,No,No,No,No
P06513,20,Male,26.1,152,85,102,Medium,Yes,No,Yes,No
P06514,71,Male,23.0,160,161,79,Medium,No,Yes,Yes,Yes
P06515,31,Female,28.5,131,87,112,High,Yes,No,No,No
P06516,57,Female,33.3,125,128,43,Medium,No,No,No,No
P06517,76,Male,21.6,157,99,116,High,No,No,Yes,No
P06518,72,Male,27.8,130,89,73,Low,No,Yes,No,No
P06519,79,Female,27.7,119,138,131,Medium,No,No,No,No
P06520,21,Female,16.3,113,100,54,Low,No,No,No,No
P06521,76,Female,31.2,135,170,191,Medium,No,Yes,No,Yes
P06522,77,Male,37.5,96,126,59,Medium,No,Yes,No,No
P06523,69,Male,27.7,146,155,144,Medium,No,No,Yes,No
P06524,28,Female,33.8,100,153,98,Medium,Yes,No,No,Yes
P06525,75,Male,20.7,110,167,128,High,No,No,No,No
P06526,48,Male,23.4,131,115,138,Medium,No,No,No,No
P06527,60,Female,27.4,156,121,96,Low,No,No,Yes,No
P06528,49,Male,22.7,120,94,98,High,No,No,No,No
P06529,44,Female,27.2,106,130,97,High,No,No,No,No
P06530,47,Female,32.0,144,97,20,Low,No,Yes,Yes,No
P06531,60,Male,22.6,117,165,143,Medium,No,No,No,No
P06532,19,Male,32.2,95,93,107,Medium,No,Yes,No,No
P06533,79,Female,17.4,136,110,90,Medium,No,No,No,No
P06534,66,Male,24.2,121,144,99,Medium,No,No,No,No
P06535,26,Female,26.0,121,143,85,Low,No,No,No,No
P06536,45,Male,22.4,138,85,20,Medium,No,Yes,No,No
P06537,48,Male,24.2,140,104,85,High,Yes,No,Yes,No
P06538,77,Male,34.0,111,114,105,Low,Yes,No,No,Yes
P06539,51,Female,33.2,127,119,68,Medium,Yes,No,No,No
P06540,78,Male,30.6,97,132,107,High,No,No,No,No
P06541,73,Female,32.2,120,151,143,Low,No,No,No,No
P06542,32,Female,23.9,109,120,78,High,No,No,No,No
P06543,65,Female,20.9,121,128,40,Low,No,Yes,No,No
P06544,42,Male,23.0,118,98,107,Low,No,Yes,No,No
P06545,53,Female,23.7,122,178,124,Medium,No,No,No,No
P06546,25,Female,24.0,95,139,182,Medium,No,Yes,No,No
P06547,26,Male,29.6,101,115,83,Low,No,Yes,No,No
P06548,75,Female,28.6,121,168,107,Low,Yes,No,No,Yes
P06549,75,Female,26.1,152,138,160,Medium,No,No,Yes,No
P06550,54,Male,26.4,138,133,66,Low,Yes,Yes,No,Yes
P06551,65,Female,32.5,133,125,130,Low,No,Yes,No,No
P06552,62,Male,20.5,114,161,129,Medium,No,No,No,No
P06553,79,Female,30.9,108,181,133,Medium,No,Yes,No,Yes
P06554,56,Female,16.4,136,160,79,High,No,No,No,No
P06555,49,Male,24.2,104,126,64,Low,Yes,No,No,No
P06556,75,Female,34.6,154,172,94,Low,No,No,Yes,Yes
P06557,69,Female,28.5,124,116,104,Medium,No,Yes,No,No
P06558,34,Female,24.7,161,94,45,High,No,Yes,Yes,No
P06559,52,Male,31.6,156,153,128,Medium,No,No,Yes,No
P06560,54,Male,30.0,133,175,143,Low,No,Yes,No,Yes
P06561,36,Male,29.8,132,125,49,High,Yes,Yes,No,No
P06562,61,Male,26.0,113,183,145,Medium,Yes,No,No,No
P06563,46,Male,31.8,149,74,52,Low,No,Yes,Yes,No
P06564,76,Female,23.8,118,122,72,High,No,No,No,No
P06565,24,Male,23.5,95,95,106,Low,Yes,No,No,No
P06566,45,Male,36.4,146,94,109,High,No,Yes,Yes,No
P06567,26,Male,24.5,135,124,166,Medium,No,No,No,No
P06568,80,Female,16.8,116,185,134,Medium,No,No,No,Yes
P06569,45,Female,32.3,130,171,117,Low,No,No,No,Yes
P06570,23,Male,33.8,126,174,75,Low,No,No,No,No
P06571,46,Female,25.8,152,141,83,Low,No,Yes,Yes,Yes
P06572,75,Female,16.5,107,115,62,Low,No,No,No,No
P06573,34,Female,26.7,152,137,83,Low,No,Yes,Yes,No
P06574,33,Female,37.4,149,75,183,Low,No,No,Yes,No
P06575,40,Male,28.0,113,179,100,Medium,Yes,No,No,Yes
P06576,48,Male,30.8,133,65,113,Medium,No,Yes,No,No
P06577,20,Female,31.1,135,121,85,Low,No,No,No,No
P06578,38,Female,31.9,179,125,63,Medium,No,No,Yes,Yes
P06579,43,Female,36.3,111,155,112,Low,No,Yes,No,Yes
P06580,53,Female,32.4,90,140,112,High,No,Yes,No,No
P06581,59,Male,26.6,89,143,157,Low,No,No,No,No
P06582,54,Female,21.4,129,65,83,Medium,Yes,No,No,No
P06583,70,Male,29.1,143,119,85,Low,No,No,Yes,No
P06584,39,Female,26.0,109,103,70,Medium,No,No,No,No
P06585,79,Male,30.6,122,130,115,High,No,No,No,No
P06586,59,Female,22.7,117,120,153,High,No,No,No,No
P06587,29,Male,25.5,104,133,152,Medium,No,No,No,No
P06588,59,Male,27.1,136,83,182,Medium,No,Yes,No,No
P06589,78,Male,22.3,94,129,48,High,No,No,No,No
P06590,30,Female,27.2,136,186,120,Medium,No,Yes,No,Yes
P06591,28,Male,30.9,117,200,125,High,No,No,No,No
P06592,71,Female,36.6,143,172,39,Medium,No,No,Yes,No
P06593,33,Male,23.3,128,65,148,Medium,No,No,No,No
P06594,25,Male,31.5,97,115,20,Medium,Yes,No,No,No
P06595,57,Female,17.1,131,108,94,Low,No,No,No,No
P06596,76,Male,27.0,118,130,31,Medium,No,Yes,No,No
P06597,74,Female,27.4,145,171,241,Low,No,No,Yes,Yes
P06598,57,Female,31.1,138,123,100,Medium,No,No,No,No
P06599,62,Female,24.4,146,93,148,Low,No,No,Yes,No
P06600,76,Female,28.2,119,166,106,Medium,No,No,No,No
P06601,19,Male,32.5,109,138,73,Medium,No,Yes,No,No
P06602,47,Male,21.4,125,152,155,Low,No,No,No,No
P06603,47,Female,17.2,138,160,103,Medium,Yes,No,No,Yes
P06604,29,Male,32.4,108,113,52,Medium,No,Yes,No,No
P06605,27,Male,22.0,131,84,77,Medium,Yes,Yes,No,No
P06606,61,Female,29.3,132,133,60,Medium,No,No,No,No
P06607,28,Male,36.8,150,113,101,Medium,Yes,No,Yes,No
P06608,32,Female,31.2,106,128,92,Low,No,No,No,No
P06609,33,Male,22.1,134,175,96,High,No,No,No,No
P06610,34,Male,19.7,116,132,126,Medium,Yes,Yes,No,No
P06611,43,Female,23.1,111,189,226,Medium,No,No,No,No
P06612,19,Male,27.9,160,135,108,Low,No,No,Yes,No
P06613,67,Male,25.8,133,115,68,Medium,No,No,No,No
P06614,29,Female,33.8,153,81,207,High,Yes,No,Yes,No
P06615,68,Male,30.3,112,133,171,Low,No,No,No,No
P06616,43,Female,23.3,155,93,130,Low,No,Yes,Yes,Yes
P06617,40,Male,31.2,118,144,111,Low,No,No,No,No
P06618,35,Female,34.5,139,121,123,High,Yes,No,No,No
P06619,79,Female,25.4,108,120,20,Medium,No,No,No,No
P06620,49,Female,29.4,106,128,33,High,No,No,No,No
P06621,66,Female,22.6,125,133,144,High,No,Yes,No,No
P06622,79,Female,26.3,153,124,170,Medium,No,No,Yes,No
P06623,55,Male,22.5,148,200,24,Low,No,No,Yes,Yes
P06624,74,Male,33.2,128,98,66,Low,No,No,No,No
P06625,64,Female,24.5,119,161,75,Low,No,Yes,No,No
P06626,20,Male,29.2,131,169,63,Medium,No,No,No,No
P06627,55,Female,30.2,106,86,119,Medium,No,Yes,No,No
P06628,20,Male,42.5,128,127,139,Medium,No,Yes,No,No
P06629,47,Male,25.7,126,137,59,Low,Yes,Yes,No,No
P06630,78,Female,23.1,126,131,41,Low,No,No,No,Yes
P06631,18,Female,26.6,133,130,52,High,No,No,No,No
P06632,47,Male,22.7,139,147,85,Medium,No,Yes,No,No
P06633,62,Male,24.6,85,65,176,Medium,No,Yes,No,No
P06634,49,Female,30.6,110,122,108,Low,Yes,No,No,No
P06635,45,Male,23.6,113,110,192,Medium,No,No,No,No
P06636,38,Male,29.8,122,100,141,Low,No,No,No,No
P06637,75,Female,30.0,124,156,77,Medium,No,Yes,No,Yes
P06638,63,Male,28.2,136,161,111,Medium,No,No,No,No
P06639,30,Female,30.3,131,165,81,Medium,Yes,No,No,No
P06640,44,Female,25.5,147,155,56,High,No,Yes,Yes,No
P06641,53,Female,17.0,120,83,91,Medium,No,Yes,No,No
P06642,24,Male,27.3,113,130,141,High,Yes,Yes,No,No
P06643,39,Male,27.4,122,164,79,Low,No,Yes,No,No
P06644,27,Female,25.1,126,65,94,Medium,No,No,No,No
P06645,56,Female,30.2,127,182,78,Medium,No,No,No,No
P06646,70,Male,30.8,120,81,166,Low,No,No,No,No
P06647,32,Male,28.1,145,94,97,Medium,No,Yes,Yes,No
P06648,32,Male,27.5,143,152,91,Low,No,No,Yes,No
P06649,21,Female,33.1,145,193,92,Medium,Yes,No,Yes,No
P06650,49,Female,21.6,107,92,120,Low,No,No,No,No
P06651,40,Male,25.3,138,98,109,Medium,No,Yes,No,No
P06652,72,Male,32.0,154,169,148,Medium,No,Yes,Yes,Yes
P06653,23,Male,29.7,145,131,88,Medium,Yes,No,Yes,No
P06654,41,Female,25.8,116,116,185,Medium,No,No,No,No
P06655,37,Female,29.0,119,132,72,Medium,No,No,No,No
P06656,75,Male,24.3,97,201,110,Medium,No,No,No,No
P06657,54,Male,27.8,148,152,126,Low,Yes,Yes,Yes,No
P06658,37,Female,30.4,107,137,104,High,No,Yes,No,No
P06659,29,Female,33.5,116,145,106,High,Yes,No,No,No
P06660,50,Male,30.3,135,140,65,Low,No,No,No,No
P06661,45,Male,33.8,128,157,135,Medium,No,Yes,No,No
P06662,25,Male,19.8,132,103,112,Medium,No,No,No,No
P06663,18,Female,16.0,115,123,106,High,Yes,No,No,No
P06664,54,Male,16.1,102,124,20,Low,Yes,Yes,No,No
P06665,80,Female,32.6,129,93,130,Low,No,No,No,No
P06666,39,Female,30.0,109,87,133,Low,No,No,No,No
P06667,23,Male,23.4,134,174,20,Medium,Yes,Yes,No,No
P06668,78,Male,25.1,109,150,134,Medium,No,No,No,No
P06669,38,Female,28.7,122,187,95,High,No,No,No,No
P06670,49,Male,23.4,156,143,30,High,No,No,Yes,No
P06671,52,Female,22.9,129,136,61,Medium,Yes,Yes,No,No
P06672,32,Male,23.7,111,118,49,Low,No,No,No,No
P06673,22,Male,23.3,134,160,67,Low,No,No,No,No
P06674,77,Male,27.2,122,80,129,Low,Yes,No,No,No
P06675,73,Male,35.3,111,136,131,Medium,No,No,No,No
P06676,63,Female,22.0,125,157,131,Medium,No,Yes,No,No
P06677,67,Female,26.6,147,122,93,Medium,Yes,Yes,Yes,No
P06678,65,Female,29.3,136,140,223,Low,Yes,Yes,No,No
P06679,23,Male,29.7,122,180,20,High,No,No,No,No
P06680,42,Female,24.5,103,117,60,Medium,No,Yes,No,No
P06681,73,Female,30.1,138,140,116,Medium,No,No,No,Yes
P06682,63,Female,29.1,134,161,75,High,No,Yes,No,No
P06683,76,Male,24.7,96,114,93,Low,No,Yes,No,No
P06684,73,Female,20.2,98,87,107,Low,No,No,No,No
P06685,57,Male,21.3,153,151,92,Medium,No,No,Yes,No
P06686,80,Male,30.7,131,129,43,Medium,No,No,No,No
P06687,46,Female,34.1,100,124,142,Medium,Yes,No,No,No
P06688,24,Male,27.0,145,131,143,Medium,No,Yes,Yes,No
P06689,57,Female,34.0,147,84,176,Low,No,No,Yes,No
P06690,30,Female,26.7,112,116,20,Low,No,No,No,No
P06691,55,Female,21.3,108,150,140,Low,Yes,No,No,No
P06692,35,Female,26.0,126,125,66,High,No,No,No,No
P06693,19,Female,34.5,128,107,99,Medium,Yes,No,No,No
P06694,25,Male,24.0,122,99,76,Low,Yes,No,No,No
P06695,28,Female,26.3,106,135,62,Low,No,No,No,No
P06696,50,Male,32.9,119,154,133,High,No,No,No,Yes
P06697,71,Female,32.6,117,161,181,Low,No,No,No,Yes
P06698,78,Female,28.5,98,106,194,Medium,Yes,No,No,No
P06699,55,Female,29.7,143,182,152,Medium,No,No,Yes,Yes
P06700,65,Male,32.3,106,129,55,Medium,No,Yes,No,Yes
P06701,44,Male,28.5,149,68,99,Medium,No,Yes,Yes,No
P06702,37,Male,33.4,128,129,103,Medium,Yes,No,No,No
P06703,29,Male,30.4,113,90,129,Low,Yes,No,No,No
P06704,60,Female,26.3,132,139,138,Medium,No,No,No,No
P06705,78,Female,29.2,123,135,84,High,No,No,No,No
P06706,48,Male,25.1,149,72,161,Medium,Yes,Yes,Yes,No
P06707,44,Male,22.2,163,175,211,Low,No,No,Yes,Yes
P06708,49,Male,21.3,132,102,121,Medium,No,No,No,No
P06709,78,Female,26.0,122,65,80,Low,No,No,No,No
P06710,27,Male,28.6,154,170,153,Medium,No,No,Yes,Yes
P06711,20,Male,36.0,121,146,155,Low,Yes,Yes,No,No
P06712,62,Female,29.1,116,116,136,Medium,No,No,No,No
P06713,44,Male,28.0,147,127,105,Medium,No,No,Yes,Yes
P06714,52,Female,26.5,140,121,168,Medium,Yes,No,Yes,No
P06715,48,Female,25.2,116,69,62,Medium,No,Yes,No,No
P06716,32,Female,27.7,131,76,102,High,Yes,No,No,No
P06717,33,Female,25.6,119,158,191,Low,No,Yes,No,No
P06718,78,Female,25.4,136,139,104,Medium,No,No,No,No
P06719,30,Male,31.1,134,157,106,Medium,No,Yes,No,No
P06720,66,Male,22.5,102,167,115,High,No,No,No,Yes
P06721,52,Female,25.8,126,65,64,Low,Yes,No,No,No
P06722,69,Female,23.6,98,111,54,Medium,Yes,Yes,No,No
P06723,28,Male,27.6,99,85,81,Medium,Yes,No,No,No
P06724,76,Male,31.3,116,121,97,High,No,Yes,No,No
P06725,38,Female,28.7,114,65,158,Low,No,No,No,No
P06726,68,Male,25.9,94,146,117,High,Yes,No,No,No
P06727,71,Male,31.7,104,148,173,Medium,No,Yes,No,No
P06728,28,Female,31.4,97,205,129,Medium,No,Yes,No,No
P06729,47,Male,27.2,112,121,144,Low,No,Yes,No,Yes
P06730,80,Male,35.0,134,149,133,Medium,No,No,No,Yes
P06731,77,Male,29.1,152,159,177,Low,Yes,No,Yes,Yes
P06732,65,Male,29.0,144,185,108,High,Yes,Yes,Yes,Yes
P06733,70,Female,21.0,133,85,109,Low,No,Yes,No,No
P06734,52,Male,18.6,132,156,57,Medium,Yes,No,No,Yes
P06735,39,Female,27.3,123,139,145,Low,No,Yes,No,No
P06736,55,Male,32.0,123,68,83,Low,Yes,No,No,No
P06737,48,Female,28.6,150,141,138,High,No,No,Yes,No
P06738,31,Female,31.8,136,151,114,High,Yes,No,No,No
P06739,41,Male,24.9,129,66,53,Low,Yes,Yes,No,No
P06740,67,Female,27.4,93,122,109,High,No,Yes,No,No
P06741,66,Female,27.1,138,128,86,Medium,No,No,No,No
P06742,49,Female,18.0,138,127,41,Low,No,No,No,No
P06743,53,Female,35.9,114,147,120,Medium,No,No,No,No
P06744,49,Female,33.0,129,104,182,Low,Yes,No,No,No
P06745,72,Male,31.6,123,87,61,Low,Yes,Yes,No,No
P06746,32,Female,33.4,115,142,20,Medium,No,Yes,No,No
P06747,60,Female,24.7,132,180,197,Medium,No,No,No,Yes
P06748,75,Male,31.0,106,177,33,Low,Yes,No,No,No
P06749,52,Male,24.7,162,209,184,Low,Yes,No,Yes,Yes
P06750,20,Female,27.7,135,112,164,Medium,No,No,No,No
P06751,33,Male,18.3,123,119,109,High,No,Yes,No,No
P06752,22,Male,26.3,142,65,76,Low,No,No,Yes,No
P06753,38,Male,19.3,139,103,156,Low,No,No,No,No
P06754,78,Male,20.7,112,70,112,Medium,No,No,No,No
P06755,27,Male,26.7,116,113,188,High,Yes,Yes,No,No
P06756,36,Male,23.5,85,173,129,Medium,Yes,No,No,No
P06757,42,Female,28.7,106,162,185,Low,No,No,No,Yes
P06758,21,Female,35.4,137,113,141,Low,No,No,No,No
P06759,78,Male,23.9,128,105,165,Low,No,No,No,No
P06760,46,Male,25.7,116,97,121,Low,No,No,No,No
P06761,80,Female,30.3,131,155,102,Low,No,No,No,Yes
P06762,36,Male,23.7,115,114,86,Low,No,Yes,No,No
P06763,60,Female,23.4,99,134,64,Medium,No,No,No,No
P06764,19,Male,24.8,108,148,100,Medium,No,Yes,No,No
P06765,27,Female,31.4,166,151,60,Medium,No,No,Yes,No
P06766,78,Female,18.2,122,65,87,High,No,No,No,No
P06767,60,Male,22.8,123,145,116,High,No,No,No,No
P06768,42,Male,34.7,134,128,129,Low,No,No,No,No
P06769,37,Male,16.0,143,65,167,Medium,No,Yes,Yes,No
P06770,65,Male,26.4,121,173,116,Medium,No,No,No,No
P06771,36,Female,34.6,145,132,127,Low,No,No,Yes,No
P06772,40,Male,36.5,121,71,96,High,No,No,No,No
P06773,41,Female,31.0,125,105,105,High,No,No,No,No
P06774,28,Male,32.9,116,118,108,Low,No,Yes,No,No
P06775,63,Female,22.3,139,216,200,Medium,No,Yes,No,Yes
P06776,51,Male,22.7,100,94,124,Medium,No,Yes,No,No
P06777,72,Male,35.6,129,101,51,Low,No,No,No,Yes
P06778,45,Female,25.7,136,131,115,Low,No,Yes,No,Yes
P06779,22,Male,17.6,143,200,67,Low,Yes,No,Yes,No
P06780,80,Male,29.1,135,117,76,High,No,No,No,No
P06781,76,Male,26.0,108,109,107,High,No,Yes,No,No
P06782,22,Male,27.4,135,131,125,Low,No,Yes,No,No
P06783,68,Male,16.0,138,113,122,Medium,No,No,No,No
P06784,38,Female,16.0,137,113,75,Low,No,No,No,No
P06785,29,Male,28.5,121,159,36,Medium,Yes,No,No,Yes
P06786,67,Female,25.5,122,108,99,High,No,Yes,No,No
P06787,21,Male,24.7,143,113,102,Low,Yes,Yes,Yes,Yes
P06788,71,Male,29.0,125,160,101,Low,No,No,No,No
P06789,66,Female,23.1,108,75,115,Medium,No,No,No,No
P06790,59,Female,25.7,118,113,86,High,No,Yes,No,No
P06791,37,Female,24.8,152,67,146,Medium,No,No,Yes,No
P06792,55,Female,31.4,101,108,135,Low,Yes,Yes,No,No
P06793,42,Female,17.6,148,113,142,Medium,No,No,Yes,No
P06794,31,Male,23.8,125,113,171,Low,Yes,Yes,No,No
P06795,28,Female,32.4,101,111,126,Medium,No,Yes,No,Yes
P06796,49,Female,22.8,139,135,107,Medium,Yes,No,No,No
P06797,28,Male,27.6,112,86,100,Medium,No,No,No,No
P06798,78,Male,35.3,127,139,137,Medium,Yes,No,No,No
P06799,35,Female,27.8,92,107,108,Low,No,No,No,No
P06800,44,Female,37.7,149,152,23,High,No,No,Yes,No
P06801,72,Female,34.0,120,123,78,Medium,No,No,No,Yes
P06802,71,Male,23.7,114,104,171,Medium,No,Yes,No,No
P06803,35,Female,20.7,128,79,21,Medium,No,No,No,No
P06804,73,Male,24.0,141,135,120,High,No,No,Yes,Yes
P06805,40,Male,28.9,122,118,130,Low,Yes,No,No,Yes
P06806,28,Male,28.7,140,176,101,Medium,No,No,Yes,Yes
P06807,38,Male,30.3,125,179,75,Low,No,No,No,No
P06808,61,Female,22.4,127,108,57,Low,Yes,Yes,No,No
P06809,22,Male,23.1,111,65,114,High,No,No,No,No
P06810,40,Male,29.8,144,156,91,High,No,Yes,Yes,No
P06811,58,Female,37.0,137,106,174,Medium,No,Yes,No,No
P06812,76,Male,21.5,135,113,127,Medium,No,No,No,No
P06813,80,Female,26.6,144,167,87,High,No,Yes,Yes,Yes
P06814,42,Male,25.2,106,137,118,Low,Yes,Yes,No,No
P06815,58,Female,27.7,126,155,75,High,No,No,No,No
P06816,71,Male,21.0,145,162,97,High,No,No,Yes,No
P06817,27,Male,27.4,124,119,25,Medium,No,Yes,No,No
P06818,39,Female,33.1,128,149,89,Medium,Yes,No,No,No
P06819,36,Male,18.9,127,129,130,High,Yes,Yes,No,No
P06820,18,Male,32.0,134,144,97,Medium,No,Yes,No,No
P06821,24,Female,21.0,90,130,145,Medium,Yes,No,No,No
P06822,21,Male,28.3,127,173,162,High,No,Yes,No,No
P06823,18,Male,29.4,132,80,137,Low,Yes,No,No,No
P06824,32,Female,28.9,132,110,195,Low,No,Yes,No,No
P06825,57,Female,25.3,154,122,152,High,No,No,Yes,No
P06826,29,Female,30.3,114,129,107,Low,No,Yes,No,Yes
P06827,39,Female,20.7,155,80,96,Low,Yes,Yes,Yes,No
P06828,39,Female,31.6,118,99,87,Medium,No,No,No,No
P06829,67,Male,24.7,101,126,73,Medium,No,No,No,Yes
P06830,64,Female,28.6,152,106,120,High,No,No,Yes,No
P06831,34,Male,25.2,144,65,89,Low,No,No,Yes,No
P06832,46,Female,34.7,127,112,45,Low,No,No,No,No
P06833,63,Male,29.2,114,83,141,High,No,No,No,No
P06834,31,Male,30.3,121,146,79,Medium,No,Yes,No,No
P06835,67,Female,30.9,130,135,37,Medium,No,No,No,No
P06836,37,Male,25.8,150,157,155,High,No,Yes,Yes,No
P06837,67,Male,28.4,101,132,157,Medium,No,No,No,No
P06838,65,Female,27.8,121,87,54,Low,No,No,No,No
P06839,50,Female,30.2,120,65,81,Medium,No,Yes,No,No
P06840,72,Female,24.8,116,165,69,Medium,No,No,No,No
P06841,76,Female,23.5,113,110,76,Low,No,No,No,No
P06842,60,Male,32.9,154,65,20,Low,No,Yes,Yes,No
P06843,32,Male,30.9,111,180,86,Medium,No,Yes,No,No
P06844,29,Male,22.8,127,145,88,Low,No,Yes,No,No
P06845,57,Male,36.5,104,179,176,Medium,No,No,No,No
P06846,71,Male,24.1,141,140,111,Low,No,No,Yes,Yes
P06847,37,Male,27.6,116,148,81,Low,No,Yes,No,No
P06848,47,Female,32.8,85,107,115,High,No,No,No,No
P06849,55,Male,32.8,143,150,44,Medium,No,Yes,Yes,No
P06850,20,Male,23.5,115,193,108,Medium,No,No,No,No
P06851,45,Male,29.6,149,154,75,Medium,No,No,Yes,No
P06852,73,Female,25.4,145,113,111,Medium,No,Yes,Yes,Yes
P06853,43,Female,29.1,123,79,126,Low,No,No,No,No
P06854,47,Female,26.4,132,165,80,Low,No,No,No,No
P06855,30,Female,25.0,127,127,117,Low,Yes,Yes,No,No
P06856,30,Male,22.2,100,129,74,Medium,No,No,No,No
P06857,19,Male,32.9,151,65,57,Low,No,Yes,Yes,No
P06858,54,Male,23.3,120,65,146,Medium,No,No,No,No
P06859,66,Female,34.3,125,128,151,Low,Yes,No,No,No
P06860,55,Male,25.5,126,94,114,Medium,No,Yes,No,No
P06861,19,Male,29.4,121,132,140,Low,No,No,No,No
P06862,53,Male,34.7,137,158,35,High,Yes,Yes,No,No
P06863,71,Female,24.8,123,105,142,Medium,No,No,No,No
P06864,43,Female,29.4,116,133,169,Medium,No,No,No,No
P06865,28,Female,29.5,118,121,132,Medium,No,No,No,No
P06866,25,Male,23.7,155,228,99,Medium,No,Yes,Yes,No
P06867,61,Male,28.1,126,107,45,Low,No,No,No,Yes
P06868,57,Male,30.7,154,101,129,Low,Yes,No,Yes,Yes
P06869,60,Male,35.5,108,109,130,Medium,No,No,No,No
P06870,39,Female,24.9,113,166,154,Low,Yes,Yes,No,Yes
P06871,37,Male,28.7,116,108,90,Low,No,Yes,No,No
P06872,25,Female,26.4,124,151,79,High,No,No,No,No
P06873,46,Male,28.0,112,126,71,Medium,No,No,No,No
P06874,57,Female,24.0,123,127,63,High,Yes,No,No,No
P06875,43,Male,26.2,129,181,127,Medium,No,No,No,No
P06876,47,Male,34.6,143,65,103,High,Yes,Yes,Yes,No
P06877,34,Female,27.6,101,130,126,Low,No,No,No,No
P06878,37,Female,27.4,142,149,112,Medium,No,No,Yes,No
P06879,69,Male,22.7,138,139,86,Low,No,No,No,Yes
P06880,72,Male,32.5,107,74,66,Low,No,No,No,No
P06881,33,Male,31.2,111,85,165,High,No,No,No,No
P06882,63,Female,27.6,131,135,115,Medium,No,Yes,No,No
P06883,79,Male,36.5,114,65,158,Low,No,No,No,No
P06884,60,Female,24.3,150,106,126,Low,No,No,Yes,No
P06885,24,Male,21.8,125,82,89,Medium,Yes,Yes,No,No
P06886,33,Male,26.5,103,132,86,Low,No,No,No,No
P06887,62,Male,22.8,105,119,69,Medium,Yes,No,No,No
P06888,76,Male,28.2,98,138,162,Medium,Yes,Yes,No,Yes
P06889,64,Female,27.4,123,95,168,Medium,No,No,No,No
P06890,73,Female,32.8,124,134,91,Medium,No,No,No,Yes
P06891,65,Male,24.7,134,125,135,Medium,No,No,No,No
P06892,44,Male,28.7,148,95,89,Low,No,No,Yes,No
P06893,70,Male,27.9,125,163,38,High,No,No,No,No
P06894,40,Female,31.2,148,149,79,Low,No,No,Yes,No
P06895,41,Male,21.3,112,103,138,High,No,No,No,No
P06896,80,Female,22.5,99,97,151,Medium,Yes,No,No,No
P06897,26,Female,24.1,139,158,105,Low,No,No,No,No
P06898,52,Female,21.6,138,69,74,Medium,No,No,No,No
P06899,68,Female,30.1,130,80,54,High,No,No,No,No
P06900,37,Male,30.1,137,142,91,Medium,No,No,No,Yes
P06901,54,Male,32.5,85,189,94,Low,No,No,No,Yes
P06902,59,Female,26.3,117,104,94,Medium,No,Yes,No,No
P06903,34,Male,24.7,145,108,52,Low,No,Yes,Yes,No
P06904,64,Male,22.3,120,117,121,Low,Yes,Yes,No,Yes
P06905,48,Male,33.5,137,108,109,Low,No,Yes,No,No
P06906,72,Female,25.9,172,110,92,Medium,No,Yes,Yes,No
P06907,74,Male,23.4,143,104,105,Low,Yes,Yes,Yes,Yes
P06908,25,Male,30.8,119,132,129,High,No,No,No,No
P06909,32,Male,25.3,93,149,130,Medium,No,No,No,No
P06910,48,Male,21.7,138,131,162,Medium,No,No,No,No
P06911,70,Male,22.7,89,119,162,Medium,No,No,No,No
P06912,47,Male,27.5,111,104,128,Medium,No,No,No,No
P06913,63,Male,21.6,112,84,98,Medium,No,Yes,No,No
P06914,37,Male,26.6,123,80,76,High,Yes,No,No,No
P06915,77,Male,22.7,130,73,144,Medium,No,No,No,No
P06916,56,Male,22.3,109,147,52,Low,No,No,No,No
P06917,70,Female,24.6,144,105,109,Low,Yes,No,Yes,Yes
P06918,72,Male,27.8,151,139,63,Medium,No,Yes,Yes,Yes
P06919,29,Female,28.6,121,100,149,Low,No,No,No,No
P06920,66,Male,31.6,144,122,141,High,Yes,No,Yes,No
P06921,34,Female,23.1,113,113,106,Low,Yes,No,No,No
P06922,59,Female,34.0,106,180,235,Medium,Yes,Yes,No,No
P06923,47,Male,40.6,144,108,72,Low,Yes,No,Yes,Yes
P06924,46,Female,24.9,130,154,125,Medium,No,No,No,No
P06925,36,Female,18.2,132,76,130,Medium,No,No,No,No
P06926,63,Female,18.3,158,172,116,Medium,No,No,Yes,No
P06927,28,Male,24.5,137,154,93,Medium,No,No,No,Yes
P06928,51,Female,23.5,168,104,110,Low,Yes,No,Yes,No
P06929,67,Female,27.0,127,104,185,Medium,No,No,No,No
P06930,24,Male,29.5,152,167,107,High,No,Yes,Yes,No
P06931,61,Female,20.6,124,158,134,Low,Yes,Yes,No,Yes
P06932,75,Female,26.1,104,117,33,Low,Yes,No,No,No
P06933,51,Female,24.5,140,95,98,Medium,No,Yes,Yes,No
P06934,76,Male,37.2,124,163,208,Medium,No,No,No,No
P06935,37,Female,20.1,162,108,82,Medium,No,No,Yes,No
P06936,67,Male,23.2,135,137,80,High,Yes,Yes,No,No
P06937,55,Female,27.2,142,105,183,Medium,Yes,No,Yes,No
P06938,41,Female,23.2,97,117,78,Medium,No,No,No,No
P06939,27,Female,32.7,138,192,72,High,No,No,No,No
P06940,49,Female,21.9,124,122,137,Low,Yes,Yes,No,No
P06941,69,Male,22.4,111,175,212,Low,No,Yes,No,Yes
P06942,32,Female,33.1,150,72,146,Medium,Yes,No,Yes,No
P06943,54,Male,21.0,102,65,108,Low,No,Yes,No,No
P06944,37,Female,31.2,131,145,165,High,No,Yes,No,No
P06945,20,Male,24.7,114,98,96,Low,No,No,No,No
P06946,54,Female,23.9,130,124,82,High,No,Yes,No,No
P06947,79,Female,24.5,120,65,172,Medium,No,No,No,No
P06948,74,Male,21.4,122,65,165,High,No,No,No,No
P06949,57,Male,31.5,126,125,89,Medium,No,No,No,No
P06950,25,Male,27.7,108,108,152,High,No,Yes,No,No
P06951,57,Male,31.5,143,113,164,Medium,No,Yes,Yes,No
P06952,61,Female,32.9,137,183,98,High,Yes,No,No,Yes
P06953,73,Male,29.7,107,142,112,Medium,No,Yes,No,No
P06954,40,Male,19.7,150,200,52,Low,No,No,Yes,Yes
P06955,57,Male,22.2,139,128,104,Medium,No,No,No,No
P06956,28,Female,31.3,127,177,79,Low,No,No,No,Yes
P06957,63,Female,27.3,99,159,96,Low,No,No,No,No
P06958,25,Female,30.3,113,107,46,Medium,No,Yes,No,No
P06959,46,Female,26.6,91,119,164,Low,No,No,No,No
P06960,47,Male,24.9,128,113,154,Medium,No,No,No,No
P06961,73,Female,30.3,140,163,164,Medium,No,No,Yes,Yes
P06962,77,Male,18.4,112,135,107,High,Yes,No,No,No
P06963,27,Female,25.4,125,93,91,Medium,No,No,No,No
P06964,56,Male,27.3,143,80,119,Medium,No,No,Yes,No
P06965,45,Male,28.0,114,81,122,Medium,No,No,No,No
P06966,66,Male,20.5,135,94,172,Medium,Yes,No,No,No
P06967,53,Male,20.7,163,92,113,Medium,Yes,Yes,Yes,No
P06968,78,Male,25.0,138,83,110,Low,Yes,No,No,No
P06969,30,Female,26.7,106,164,141,Medium,No,No,No,No
P06970,49,Male,34.8,125,71,21,High,No,No,No,No
P06971,53,Male,22.6,138,139,172,Medium,No,No,No,No
P06972,54,Male,24.5,134,205,139,Medium,Yes,No,No,No
P06973,43,Male,35.0,106,128,126,High,Yes,No,No,No
P06974,39,Female,32.3,133,128,134,Medium,No,No,No,No
P06975,21,Female,21.4,121,133,147,Low,No,Yes,No,No
P06976,48,Male,30.4,117,73,224,Low,No,No,No,No
P06977,35,Male,31.2,135,140,89,Medium,No,No,No,No
P06978,55,Male,28.0,157,137,157,Low,No,Yes,Yes,Yes
P06979,80,Male,21.1,112,124,125,High,No,No,No,No
P06980,41,Female,24.0,133,66,71,Low,Yes,Yes,No,No
P06981,80,Female,23.9,124,191,157,Medium,No,No,No,No
P06982,73,Male,29.6,136,133,122,High,No,No,No,No
P06983,40,Male,24.9,127,82,123,Low,No,No,No,No
P06984,39,Male,25.7,115,90,117,Medium,Yes,No,No,No
P06985,19,Male,24.0,114,98,127,High,Yes,Yes,No,No
P06986,48,Male,19.2,133,181,145,High,No,No,No,No
P06987,72,Female,40.0,127,121,87,High,No,Yes,No,No
P06988,28,Female,29.0,136,121,104,Low,Yes,Yes,No,No
P06989,45,Male,34.4,96,106,154,Low,No,Yes,No,No
P06990,63,Female,21.4,145,161,63,Low,No,No,Yes,Yes
P06991,49,Female,34.6,150,163,155,Low,No,No,Yes,Yes
P06992,79,Female,25.0,128,72,107,Medium,No,Yes,No,No
P06993,22,Male,29.7,137,121,155,High,Yes,No,No,No
P06994,55,Female,32.0,143,117,132,Low,No,No,Yes,Yes
P06995,27,Female,34.6,122,92,88,High,Yes,Yes,No,No
P06996,57,Male,26.8,129,105,87,Medium,No,Yes,No,No
P06997,63,Female,22.0,134,115,76,Medium,No,No,No,No
P06998,41,Male,26.9,116,90,55,High,Yes,Yes,No,No
P06999,52,Female,30.0,127,135,113,Low,No,Yes,No,No
P07000,61,Male,24.3,89,134,116,Low,No,No,No,No
P07001,65,Male,24.9,114,143,136,Low,No,Yes,No,No
P07002,77,Female,19.3,151,109,95,Medium,No,No,Yes,No
P07003,79,Female,22.1,132,65,134,Medium,No,No,No,No
P07004,40,Male,29.2,111,100,158,High,No,No,No,No
P07005,34,Male,31.4,103,88,193,High,No,Yes,No,No
P07006,18,Female,32.5,170,119,68,High,No,Yes,Yes,No
P07007,72,Female,38.4,112,145,167,High,No,Yes,No,No
P07008,48,Female,34.4,116,191,125,Medium,No,Yes,No,No
P07009,48,Female,26.2,136,93,122,Medium,No,No,No,No
P07010,59,Male,22.3,110,129,93,Low,No,No,No,No
P07011,74,Male,25.7,132,131,163,Low,Yes,No,No,No
P07012,72,Male,24.2,126,175,122,High,No,No,No,No
P07013,59,Female,27.8,104,133,53,Low,No,No,No,No
P07014,70,Female,31.5,126,112,32,Medium,No,No,No,Yes
P07015,73,Male,29.4,131,124,113,Medium,No,No,No,No
P07016,51,Male,34.9,106,137,132,Medium,No,No,No,No
P07017,26,Male,29.0,134,151,80,Low,No,No,No,No
P07018,39,Male,20.6,138,185,94,Medium,No,No,No,No
P07019,30,Male,24.2,107,181,157,High,No,No,No,No
P07020,42,Male,29.0,134,98,95,Low,Yes,Yes,No,No
P07021,65,Female,28.1,129,72,132,Medium,No,Yes,No,No
P07022,35,Male,33.5,119,81,86,Low,Yes,No,No,No
P07023,68,Male,27.0,120,133,161,Low,No,No,No,Yes
P07024,29,Male,26.1,132,164,125,Low,No,No,No,No
P07025,57,Male,19.1,114,116,115,Medium,Yes,Yes,No,No
P07026,34,Male,23.0,135,91,172,Medium,Yes,Yes,No,No
P07027,32,Male,28.5,111,74,45,Medium,No,No,No,No
P07028,59,Male,28.0,112,180,139,High,No,Yes,No,No
P07029,32,Female,30.0,102,108,41,Low,No,No,No,No
P07030,32,Male,29.3,94,71,116,Low,No,Yes,No,No
P07031,80,Female,26.4,128,124,114,Medium,No,Yes,No,No
P07032,72,Female,22.0,90,125,128,Medium,No,Yes,No,No
P07033,56,Female,27.0,131,156,35,Low,Yes,Yes,No,Yes
P07034,30,Male,26.8,123,83,123,Medium,Yes,No,No,No
P07035,34,Male,33.9,159,166,167,Medium,No,No,Yes,Yes
P07036,49,Male,33.6,136,171,85,Low,Yes,Yes,No,No
P07037,26,Male,24.6,134,128,82,Low,No,No,No,Yes
P07038,57,Male,23.9,113,146,89,Medium,No,No,No,No
P07039,37,Male,20.2,115,153,150,Low,No,Yes,No,Yes
P07040,43,Male,26.2,117,104,76,Low,No,No,No,No
P07041,44,Male,24.6,124,76,95,High,No,No,No,No
P07042,38,Male,40.0,114,104,148,Low,No,No,No,No
P07043,35,Male,21.4,135,65,75,Low,Yes,Yes,No,No
P07044,30,Female,27.3,118,142,155,Medium,Yes,No,No,No
P07045,33,Male,23.8,145,181,87,Medium,No,Yes,Yes,No
P07046,26,Male,27.1,110,95,105,Medium,No,No,No,No
P07047,80,Male,25.3,138,109,150,Medium,No,Yes,No,No
P07048,29,Female,31.1,160,116,149,Low,No,No,Yes,No
P07049,61,Male,29.2,157,197,93,Medium,No,No,Yes,Yes
P07050,55,Male,30.9,110,109,71,High,No,Yes,No,No
P07051,36,Female,23.2,146,164,175,Medium,Yes,No,Yes,No
P07052,77,Male,32.4,85,126,101,Low,No,Yes,No,Yes
P07053,24,Female,24.6,97,65,130,Low,No,No,No,No
P07054,74,Female,20.0,136,107,142,High,No,No,No,No
P07055,52,Female,26.1,133,156,78,Medium,No,No,No,No
P07056,65,Female,27.6,136,108,51,Low,Yes,No,No,No
P07057,35,Male,20.8,116,143,137,High,No,No,No,No
P07058,33,Female,31.4,105,186,46,Low,No,No,No,No
P07059,72,Female,22.9,92,143,65,Medium,Yes,Yes,No,No
P07060,56,Male,22.7,109,103,139,Medium,No,Yes,No,No
P07061,21,Male,27.0,137,150,127,High,No,Yes,No,No
P07062,76,Male,31.3,140,142,125,Low,No,No,Yes,Yes
P07063,42,Female,20.9,130,159,87,Medium,No,Yes,No,No
P07064,49,Male,31.7,129,122,164,Medium,No,No,No,No
P07065,79,Female,16.2,155,97,68,Low,No,Yes,Yes,No
P07066,57,Female,28.7,150,144,20,Medium,No,Yes,Yes,Yes
P07067,30,Male,21.4,142,145,31,Low,No,No,Yes,No
P07068,62,Male,23.0,146,106,113,Low,Yes,No,Yes,No
P07069,34,Male,35.7,131,71,105,Low,Yes,No,No,No
P07070,66,Male,22.1,134,109,140,Low,No,No,No,No
P07071,54,Male,26.7,111,84,135,Low,No,Yes,No,No
P07072,23,Male,21.7,132,116,104,Low,No,No,No,No
P07073,36,Female,30.8,113,152,45,Medium,No,No,No,No
P07074,30,Female,29.0,147,65,81,Low,No,No,Yes,No
P07075,74,Male,29.7,136,136,84,High,No,Yes,No,No
P07076,77,Female,32.7,117,139,178,Low,No,No,No,Yes
P07077,43,Female,25.3,138,93,101,Medium,No,Yes,No,No
P07078,31,Female,32.4,145,137,151,Low,Yes,No,Yes,Yes
P07079,48,Female,34.4,109,166,114,Medium,Yes,Yes,No,No
P07080,71,Female,28.4,120,140,102,Low,No,No,No,No
P07081,21,Female,21.5,108,197,84,Medium,No,Yes,No,No
P07082,77,Male,21.0,124,128,128,Medium,No,No,No,No
P07083,56,Male,29.2,149,160,59,Medium,No,No,Yes,Yes
P07084,25,Male,21.5,125,196,104,Medium,No,No,No,No
P07085,42,Female,20.3,135,143,110,Medium,No,No,No,No
P07086,30,Male,31.4,115,186,114,Low,No,No,No,No
P07087,49,Male,24.7,140,141,67,Low,Yes,No,Yes,No
P07088,76,Male,39.1,124,176,88,Medium,Yes,No,No,Yes
P07089,55,Female,23.7,139,86,119,Low,No,No,No,No
P07090,80,Male,24.5,141,127,115,Medium,No,No,Yes,No
P07091,55,Female,28.8,106,211,162,Medium,No,Yes,No,No
P07092,73,Male,28.0,113,65,96,Medium,Yes,Yes,No,No
P07093,45,Male,26.6,118,98,52,Medium,No,Yes,No,No
P07094,70,Male,26.5,157,201,84,Medium,No,Yes,Yes,Yes
P07095,47,Female,43.2,149,121,58,Medium,No,Yes,Yes,No
P07096,20,Female,35.3,127,121,176,High,Yes,No,No,No
P07097,45,Female,31.2,174,157,141,Medium,No,Yes,Yes,No
P07098,20,Female,20.9,101,169,121,Medium,No,No,No,No
P07099,62,Female,26.6,121,112,123,Medium,Yes,Yes,No,No
P07100,71,Male,30.3,146,68,102,Low,Yes,Yes,Yes,Yes
P07101,51,Male,30.7,126,93,44,High,No,No,No,No
P07102,33,Female,33.4,110,105,85,High,Yes,Yes,No,No
P07103,39,Female,23.8,132,84,20,Low,No,No,No,No
P07104,49,Male,26.8,173,95,136,High,Yes,No,Yes,No
P07105,78,Female,23.2,110,125,111,Low,No,No,No,No
P07106,55,Male,33.7,112,95,108,Low,No,Yes,No,Yes
P07107,25,Female,30.5,106,187,73,Medium,No,No,No,No
P07108,72,Male,24.5,117,111,101,Medium,Yes,No,No,No
P07109,25,Female,28.1,144,71,132,Medium,No,Yes,Yes,No
P07110,79,Female,27.3,153,166,123,High,No,No,Yes,No
P07111,74,Male,22.6,102,238,56,Medium,No,No,No,Yes
P07112,23,Male,31.7,136,113,74,Low,No,No,No,No
P07113,31,Female,27.4,139,134,135,Low,No,No,No,No
P07114,49,Female,24.4,113,171,93,High,Yes,Yes,No,No
P07115,52,Male,22.5,138,112,186,Medium,No,Yes,No,No
P07116,27,Female,31.3,132,191,62,Medium,No,No,No,No
P07117,20,Male,28.3,145,69,96,Medium,Yes,No,Yes,No
P07118,76,Male,23.5,85,121,88,Low,No,No,No,No
P07119,29,Female,24.5,130,96,95,High,Yes,Yes,No,No
P07120,66,Male,27.0,140,85,61,Low,No,Yes,Yes,No
P07121,76,Male,27.3,144,97,22,High,No,No,Yes,No
P07122,48,Female,28.0,140,143,131,Medium,No,No,Yes,No
P07123,46,Male,18.2,103,157,172,Medium,No,No,No,No
P07124,80,Male,27.6,151,150,84,Low,No,No,Yes,Yes
P07125,22,Male,20.9,138,73,118,Medium,No,Yes,No,No
P07126,79,Male,34.1,125,144,98,High,No,No,No,No
P07127,69,Female,32.2,126,121,97,High,No,No,No,No
P07128,42,Male,32.8,157,105,77,High,No,Yes,Yes,No
P07129,80,Female,16.0,138,117,136,Medium,Yes,No,No,No
P07130,58,Male,25.5,128,183,116,High,Yes,No,No,No
P07131,48,Female,26.6,110,115,75,Medium,No,No,No,No
P07132,79,Male,29.9,121,152,140,High,No,No,No,Yes
P07133,38,Female,31.5,110,161,169,High,Yes,No,No,No
P07134,75,Male,33.4,93,156,158,High,No,Yes,No,No
P07135,37,Male,16.0,129,109,98,Medium,No,No,No,No
P07136,56,Male,23.0,93,111,67,High,No,No,No,No
P07137,80,Male,27.3,114,135,66,High,Yes,Yes,No,Yes
P07138,39,Female,31.1,119,106,84,Medium,Yes,No,No,No
P07139,21,Female,31.0,99,95,87,Low,No,No,No,No
P07140,30,Male,29.4,143,128,144,Low,No,No,Yes,No
P07141,62,Female,23.8,123,97,21,Medium,Yes,No,No,No
P07142,80,Male,24.5,85,110,102,Low,No,No,No,No
P07143,59,Male,23.9,140,115,82,Medium,No,No,Yes,No
P07144,67,Female,22.1,157,106,73,Low,Yes,No,Yes,Yes
P07145,66,Female,22.0,128,116,128,Low,No,Yes,No,No
P07146,37,Female,21.5,136,110,75,Medium,Yes,No,No,No
P07147,69,Male,28.7,131,197,99,Low,No,No,No,Yes
P07148,30,Male,27.6,135,187,144,Low,No,No,No,No
P07149,34,Female,22.4,115,110,92,Medium,No,No,No,No
P07150,71,Male,18.4,112,109,161,High,No,No,No,No
P07151,53,Female,25.2,106,117,69,Medium,Yes,No,No,No
P07152,50,Female,34.4,127,133,20,Low,No,No,No,No
P07153,18,Female,27.0,137,121,127,Medium,No,No,No,No
P07154,32,Female,31.0,136,126,119,Medium,Yes,No,No,No
P07155,30,Female,27.9,117,153,151,Low,Yes,No,No,No
P07156,34,Female,26.7,122,95,124,Low,No,No,No,No
P07157,41,Male,19.6,121,104,172,Medium,No,No,No,No
P07158,75,Male,25.0,116,75,119,Medium,No,No,No,No
P07159,25,Female,24.3,90,111,151,Medium,No,Yes,No,No
P07160,67,Female,34.4,121,126,143,Medium,No,Yes,No,No
P07161,44,Female,27.9,120,127,79,Low,No,Yes,No,No
P07162,62,Male,33.4,124,169,85,Medium,No,Yes,No,Yes
P07163,40,Female,32.6,115,94,94,Medium,No,No,No,No
P07164,63,Female,22.8,130,68,202,Low,No,No,No,No
P07165,25,Female,27.0,174,128,80,Low,Yes,Yes,Yes,Yes
P07166,25,Male,35.4,139,119,124,Medium,Yes,No,No,No
P07167,76,Female,29.8,116,155,110,High,No,No,No,No
P07168,43,Male,29.5,121,128,115,Low,No,No,No,No
P07169,64,Male,31.6,123,170,108,Medium,No,No,No,No
P07170,76,Female,29.4,127,120,89,Low,No,No,No,No
P07171,30,Male,29.7,125,107,54,Low,No,No,No,No
P07172,56,Male,28.5,117,150,63,Low,No,Yes,No,Yes
P07173,54,Male,25.3,116,142,139,Medium,No,Yes,No,No
P07174,66,Female,21.7,137,100,126,Low,No,Yes,No,Yes
P07175,45,Male,17.7,120,144,114,Medium,Yes,Yes,No,No
P07176,42,Female,25.4,135,140,186,Medium,No,Yes,No,No
P07177,78,Female,29.2,121,123,215,Medium,No,No,No,No
P07178,33,Female,28.2,93,164,63,Low,No,Yes,No,No
P07179,72,Male,30.2,106,176,169,Medium,No,No,No,No
P07180,19,Female,26.4,96,105,51,High,Yes,No,No,No
P07181,71,Male,40.6,129,142,85,Medium,No,No,No,Yes
P07182,35,Male,37.1,94,128,112,Low,No,Yes,No,No
P07183,80,Male,19.4,116,109,143,Medium,No,No,No,No
P07184,34,Male,30.3,118,121,48,Medium,Yes,No,No,No
P07185,47,Female,31.8,121,65,109,Low,No,No,No,No
P07186,56,Female,16.4,141,163,110,Medium,No,Yes,Yes,Yes
P07187,30,Male,27.8,144,153,39,Low,Yes,Yes,Yes,No
P07188,49,Female,29.6,112,65,125,Medium,No,No,No,No
P07189,67,Female,27.0,125,118,99,Medium,No,No,No,No
P07190,46,Female,28.9,117,137,131,Medium,No,No,No,No
P07191,63,Male,27.4,133,155,84,Medium,No,No,No,No
P07192,47,Female,30.5,124,116,88,Low,No,No,No,No
P07193,35,Male,34.7,133,116,208,Medium,No,Yes,No,No
P07194,30,Female,30.9,105,138,70,Low,Yes,No,No,No
P07195,60,Male,32.9,129,101,97,High,No,Yes,No,No
P07196,38,Male,21.7,100,183,82,Low,No,No,No,No
P07197,47,Male,37.1,111,129,111,Medium,No,Yes,No,No
P07198,38,Female,28.6,127,132,118,Low,No,No,No,No
P07199,65,Male,25.0,90,172,160,Low,Yes,Yes,No,No
P07200,72,Female,29.1,86,124,80,Medium,No,No,No,No
P07201,34,Male,24.3,104,173,94,Medium,Yes,Yes,No,No
P07202,57,Female,27.7,108,69,116,High,Yes,No,No,No
P07203,36,Male,28.5,110,165,24,Low,No,Yes,No,No
P07204,69,Female,23.6,116,161,158,Low,No,No,No,No
P07205,32,Male,27.8,131,65,20,Medium,No,Yes,No,No
P07206,26,Male,23.5,160,114,137,High,No,No,Yes,No
P07207,69,Male,23.5,114,139,261,Medium,No,No,No,No
P07208,27,Female,21.9,132,153,132,High,No,No,No,No
P07209,61,Male,25.1,147,171,137,Low,No,No,Yes,Yes
P07210,48,Male,24.2,144,73,110,Low,No,No,Yes,No
P07211,70,Male,29.4,111,128,67,Low,No,No,No,No
P07212,40,Male,32.5,141,92,141,Medium,No,No,Yes,No
P07213,69,Female,30.3,148,100,42,Medium,No,Yes,Yes,No
P07214,47,Male,31.9,153,153,52,Low,No,No,Yes,Yes
P07215,50,Male,31.4,153,97,85,Medium,No,No,Yes,No
P07216,74,Female,22.4,105,125,129,High,Yes,Yes,No,No
P07217,69,Female,25.3,129,109,49,Medium,Yes,No,No,Yes
P07218,26,Female,35.9,113,160,135,Medium,No,Yes,No,No
P07219,71,Male,24.3,101,65,125,Low,No,Yes,No,No
P07220,64,Female,36.3,134,168,109,Medium,No,Yes,No,Yes
P07221,18,Female,24.9,129,177,30,Low,Yes,No,No,No
P07222,61,Female,16.8,128,146,146,Medium,No,No,No,No
P07223,52,Male,25.8,116,133,94,High,No,No,No,No
P07224,28,Male,31.2,169,65,102,Medium,No,Yes,Yes,No
P07225,51,Male,35.3,152,147,83,High,No,No,Yes,No
P07226,33,Female,19.6,117,160,35,High,No,No,No,No
P07227,26,Male,31.1,125,129,61,High,No,Yes,No,No
P07228,49,Female,31.5,134,102,148,Low,No,No,No,No
P07229,32,Female,33.5,143,176,177,Low,No,Yes,Yes,Yes
P07230,29,Female,16.0,134,95,130,High,No,No,No,No
P07231,50,Male,35.3,127,165,139,Medium,No,No,No,No
P07232,62,Female,29.2,99,143,180,Medium,No,No,No,No
P07233,31,Female,29.3,160,119,178,Medium,No,No,Yes,No
P07234,74,Male,32.2,114,210,132,Medium,Yes,No,No,Yes
P07235,74,Female,17.0,144,142,78,Low,No,No,Yes,Yes
P07236,25,Female,32.1,126,145,20,High,No,Yes,No,No
P07237,25,Female,38.9,148,143,108,High,Yes,Yes,Yes,No
P07238,44,Male,20.2,102,136,113,Medium,No,No,No,No
P07239,79,Female,26.7,114,122,223,Low,Yes,Yes,No,No
P07240,29,Male,27.2,122,152,135,Low,No,No,No,No
P07241,18,Male,28.8,108,128,114,Low,No,No,No,No
P07242,60,Female,29.1,115,65,65,Medium,Yes,No,No,No
P07243,57,Female,23.6,148,96,109,Medium,No,No,Yes,No
P07244,59,Female,27.2,135,165,161,Low,Yes,No,No,No
P07245,79,Female,35.7,151,156,96,High,No,Yes,Yes,No
P07246,68,Male,29.0,126,89,47,Medium,Yes,No,No,No
P07247,28,Male,28.8,122,106,66,Medium,No,No,No,No
P07248,56,Female,23.4,101,103,44,Low,No,No,No,No
P07249,60,Male,33.7,144,176,74,High,No,No,Yes,No
P07250,48,Female,25.9,122,71,54,Medium,No,Yes,No,No
P07251,34,Female,16.7,129,104,130,Low,No,No,No,No
P07252,50,Female,29.1,115,128,136,Medium,Yes,No,No,No
P07253,49,Female,30.5,176,74,173,Medium,No,No,Yes,No
P07254,75,Male,25.5,127,128,103,High,No,Yes,No,Yes
P07255,46,Male,16.0,112,88,102,Medium,Yes,No,No,No
P07256,38,Female,21.4,104,96,121,Low,No,Yes,No,No
P07257,38,Female,26.4,135,107,80,Medium,Yes,No,No,No
P07258,57,Male,25.0,111,119,54,Low,No,No,No,No
P07259,40,Male,29.2,117,105,64,Medium,No,No,No,No
P07260,73,Male,30.0,97,128,132,Medium,Yes,Yes,No,No
P07261,23,Female,24.8,126,169,146,Low,No,No,No,No
P07262,39,Male,20.0,126,155,213,High,Yes,No,No,No
P07263,67,Female,34.3,158,178,59,Medium,No,No,Yes,No
P07264,55,Female,29.8,115,122,57,Low,Yes,Yes,No,No
P07265,54,Male,30.4,85,123,20,Low,No,No,No,No
P07266,62,Female,28.9,121,132,112,Medium,Yes,Yes,No,No
P07267,68,Male,32.5,148,71,129,Medium,No,No,Yes,No
P07268,71,Female,25.1,136,161,77,Low,No,Yes,No,No
P07269,25,Female,31.1,145,112,36,Medium,No,No,Yes,No
P07270,58,Female,30.3,133,123,195,Low,Yes,Yes,No,No
P07271,66,Female,30.2,117,140,121,Low,No,Yes,No,No
P07272,52,Female,21.0,105,98,50,Low,No,No,No,No
P07273,68,Female,27.7,107,99,89,Low,No,No,No,No
P07274,28,Male,28.9,114,139,208,Low,No,No,No,No
P07275,41,Male,35.9,136,140,148,High,No,Yes,No,No
P07276,66,Female,27.5,124,205,90,Medium,Yes,No,No,No
P07277,38,Male,32.4,93,134,62,Medium,No,No,No,No
P07278,68,Female,19.6,131,144,166,Medium,No,No,No,No
P07279,19,Male,23.4,147,206,41,Low,No,No,Yes,No
P07280,80,Male,29.2,97,137,127,High,No,Yes,No,Yes
P07281,57,Female,29.2,135,140,127,Low,No,Yes,No,Yes
P07282,36,Male,23.4,87,65,155,High,No,Yes,No,No
P07283,56,Female,31.8,109,111,130,Low,No,No,No,No
P07284,45,Male,26.2,102,132,133,Low,No,Yes,No,No
P07285,76,Female,26.0,137,98,120,High,Yes,No,No,No
P07286,34,Male,26.6,155,132,119,Low,No,No,Yes,No
P07287,23,Female,33.7,144,150,189,Low,No,Yes,Yes,Yes
P07288,36,Male,32.4,144,157,106,Low,No,No,Yes,No
P07289,73,Female,36.4,108,121,144,Medium,No,Yes,No,No
P07290,55,Male,29.8,135,70,87,Low,Yes,No,No,No
P07291,45,Female,36.7,129,128,59,Medium,No,No,No,No
P07292,19,Male,28.2,104,110,83,Low,Yes,Yes,No,No
P07293,55,Female,26.4,144,98,94,Medium,No,No,Yes,No
P07294,72,Male,24.8,133,115,58,Medium,Yes,No,No,No
P07295,54,Female,26.1,121,113,38,Medium,No,Yes,No,No
P07296,68,Female,26.4,140,117,159,Low,No,No,Yes,No
P07297,69,Female,23.6,128,109,78,High,No,No,No,No
P07298,21,Female,24.0,147,175,92,Low,No,No,Yes,No
P07299,39,Male,30.0,159,134,79,Medium,Yes,No,Yes,Yes
P07300,43,Male,24.6,120,134,20,Medium,No,No,No,No
P07301,66,Male,18.5,120,140,179,Medium,No,No,No,No
P07302,60,Female,18.2,116,77,64,Low,No,No,No,No
P07303,53,Female,16.5,125,161,151,Low,Yes,No,No,Yes
P07304,75,Female,19.9,149,239,60,High,No,No,Yes,Yes
P07305,30,Female,21.0,106,91,115,Medium,Yes,Yes,No,No
P07306,69,Female,22.1,100,101,148,Medium,No,No,No,No
P07307,75,Male,28.4,129,106,52,Medium,Yes,Yes,No,No
P07308,49,Male,20.6,124,135,87,Low,Yes,No,No,No
P07309,34,Male,22.4,128,120,77,High,No,No,No,No
P07310,58,Female,17.8,90,107,85,Low,Yes,No,No,No
P07311,53,Female,23.7,153,146,140,Medium,No,Yes,Yes,Yes
P07312,72,Female,30.6,129,139,167,Low,No,No,No,No
P07313,77,Female,26.9,169,168,89,Medium,No,No,Yes,Yes
P07314,63,Female,27.4,132,130,117,Medium,No,No,No,No
P07315,36,Female,27.0,118,124,46,Low,No,No,No,No
P07316,75,Female,20.6,130,110,216,Low,Yes,No,No,No
P07317,77,Male,25.0,152,133,128,Low,No,No,Yes,Yes
P07318,52,Male,28.1,112,89,143,Low,No,Yes,No,No
P07319,63,Female,31.8,136,163,83,Medium,No,No,No,Yes
P07320,57,Female,28.8,133,147,153,Medium,Yes,No,No,Yes
P07321,73,Female,31.4,136,133,111,Medium,No,Yes,No,Yes
P07322,76,Male,21.6,109,111,148,Low,No,Yes,No,Yes
P07323,45,Male,19.5,136,182,63,High,No,No,No,No
P07324,18,Female,18.2,135,106,113,Medium,Yes,No,No,No
P07325,59,Male,31.1,153,95,20,Low,No,No,Yes,No
P07326,35,Male,19.8,157,114,133,Medium,No,No,Yes,Yes
P07327,65,Male,32.3,132,154,130,Low,No,No,No,No
P07328,57,Female,24.8,129,175,22,Medium,Yes,Yes,No,Yes
P07329,50,Male,35.3,108,162,54,Medium,Yes,Yes,No,No
P07330,80,Male,24.8,121,79,68,Medium,No,No,No,No
P07331,29,Female,25.0,117,123,127,Low,Yes,No,No,No
P07332,25,Female,27.3,143,108,20,Medium,No,No,Yes,No
P07333,41,Male,24.9,131,139,193,High,No,No,No,No
P07334,33,Female,29.1,107,115,71,Low,No,Yes,No,No
P07335,67,Male,21.8,110,152,239,Low,No,No,No,No
P07336,21,Male,27.9,171,109,106,Medium,No,No,Yes,No
P07337,55,Female,23.2,117,95,20,Medium,No,Yes,No,No
P07338,61,Female,26.0,137,171,34,Medium,No,Yes,No,No
P07339,44,Male,20.1,125,124,106,Medium,Yes,Yes,No,No
P07340,26,Female,31.4,121,156,43,Medium,No,No,No,No
P07341,64,Female,25.2,146,85,60,Low,No,No,Yes,No
P07342,33,Male,31.6,117,92,20,Low,Yes,Yes,No,No
P07343,73,Male,23.3,120,81,85,Medium,No,No,No,No
P07344,29,Male,27.0,150,98,171,High,No,Yes,Yes,No
P07345,48,Male,31.6,118,101,73,Low,Yes,No,No,No
P07346,41,Male,21.1,100,98,129,High,No,No,No,No
P07347,72,Male,22.6,105,124,57,High,No,Yes,No,No
P07348,31,Female,31.1,134,90,151,Medium,Yes,No,No,No
P07349,62,Female,33.7,112,98,82,High,Yes,Yes,No,No
P07350,42,Male,27.1,145,133,116,Medium,No,Yes,Yes,No
P07351,80,Female,22.2,125,194,69,Medium,No,No,No,No
P07352,51,Female,25.4,139,142,89,Medium,Yes,No,No,No
P07353,20,Male,36.8,131,138,45,High,No,No,No,No
P07354,75,Female,20.3,144,116,177,High,No,No,Yes,No
P07355,41,Female,29.6,159,65,107,High,No,No,Yes,No
P07356,79,Male,27.6,135,118,69,Low,Yes,No,No,Yes
P07357,71,Female,21.2,134,89,93,Medium,No,Yes,No,No
P07358,59,Female,25.4,145,161,124,Medium,No,No,Yes,Yes
P07359,26,Male,18.0,115,180,135,Medium,No,No,No,No
P07360,43,Female,28.4,135,93,79,Medium,Yes,No,No,No
P07361,37,Female,29.2,108,124,136,Low,No,No,No,No
P07362,57,Female,20.2,111,77,104,High,No,No,No,No
P07363,27,Male,29.8,116,154,68,High,Yes,No,No,No
P07364,36,Male,23.7,148,169,87,Low,No,No,Yes,Yes
P07365,20,Female,23.2,122,145,77,Medium,Yes,Yes,No,No
P07366,41,Female,22.1,111,136,190,Medium,No,Yes,No,No
P07367,22,Male,30.3,139,123,110,High,Yes,No,No,No
P07368,20,Male,18.6,95,142,138,Medium,No,No,No,No
P07369,75,Female,19.1,91,115,159,Medium,No,No,No,No
P07370,44,Male,24.0,120,112,109,High,Yes,No,No,No
P07371,33,Female,24.2,120,169,147,Medium,Yes,No,No,No
P07372,66,Female,30.1,144,152,106,Medium,No,Yes,Yes,Yes
P07373,32,Male,26.5,147,105,101,Low,No,No,Yes,No
P07374,52,Male,26.6,123,188,91,High,No,No,No,Yes
P07375,29,Female,18.9,121,101,84,Medium,No,No,No,No
P07376,58,Female,25.8,111,193,129,Medium,No,No,No,No
P07377,70,Male,16.0,123,80,57,Medium,No,No,No,No
P07378,61,Female,28.2,85,120,53,Medium,No,Yes,No,No
P07379,43,Male,30.4,117,141,145,Medium,No,No,No,No
P07380,64,Male,23.1,124,137,157,Low,Yes,No,No,Yes
P07381,51,Male,28.9,111,131,181,Medium,No,No,No,No
P07382,40,Male,24.8,113,170,87,Low,No,No,No,No
P07383,48,Male,33.2,120,140,27,Low,Yes,No,No,No
P07384,67,Female,28.1,125,143,20,Low,No,No,No,No
P07385,37,Male,21.8,141,104,165,High,No,No,Yes,No
P07386,29,Male,32.9,133,154,144,Low,No,No,No,Yes
P07387,40,Male,31.1,141,110,126,Medium,Yes,No,Yes,No
P07388,21,Male,24.9,135,165,134,Medium,Yes,No,No,No
P07389,40,Male,29.5,127,175,136,Low,No,No,No,No
P07390,65,Male,29.4,165,128,190,High,Yes,No,Yes,Yes
P07391,72,Male,24.9,112,143,56,Medium,No,No,No,No
P07392,65,Female,27.3,109,135,66,Medium,No,No,No,No
P07393,18,Female,28.2,122,123,127,Low,No,Yes,No,No
P07394,71,Female,23.6,124,117,140,Low,No,No,No,No
P07395,42,Female,33.7,127,85,51,Low,No,No,No,No
P07396,19,Male,17.1,108,102,142,Medium,No,No,No,No
P07397,47,Female,30.4,160,128,85,Medium,Yes,Yes,Yes,Yes
P07398,20,Male,20.9,119,175,128,Low,No,Yes,No,Yes
P07399,75,Female,25.8,108,137,47,Medium,No,Yes,No,No
P07400,38,Female,19.0,130,165,20,Low,Yes,No,No,No
P07401,42,Male,20.4,145,65,131,Low,Yes,Yes,Yes,No
P07402,37,Male,26.6,154,173,195,Low,No,Yes,Yes,No
P07403,66,Female,27.4,85,148,107,Medium,No,Yes,No,No
P07404,69,Female,32.3,139,161,187,Medium,No,Yes,No,No
P07405,39,Female,25.0,157,65,43,Medium,Yes,Yes,Yes,No
P07406,38,Female,30.1,114,111,65,Medium,No,Yes,No,No
P07407,79,Male,26.9,121,88,127,Low,Yes,No,No,No
P07408,78,Female,29.9,108,150,129,Medium,Yes,No,No,No
P07409,50,Female,21.5,115,143,82,Low,No,No,No,No
P07410,69,Female,27.4,106,158,131,Medium,Yes,No,No,No
P07411,55,Female,28.9,142,112,81,Low,No,No,Yes,No
P07412,78,Female,24.5,123,154,110,Medium,No,No,No,No
P07413,32,Male,28.9,85,125,121,Low,Yes,No,No,No
P07414,75,Male,29.4,114,166,188,High,No,No,No,No
P07415,75,Male,24.4,113,149,65,Medium,No,No,No,No
P07416,63,Male,30.9,140,100,132,Medium,No,No,Yes,No
P07417,69,Male,16.0,124,135,143,Medium,Yes,No,No,No
P07418,32,Female,17.4,123,77,208,Medium,No,No,No,No
P07419,63,Male,21.8,137,167,173,Medium,No,No,No,No
P07420,42,Male,28.4,144,148,136,Medium,No,Yes,Yes,No
P07421,38,Female,23.2,130,150,20,Low,Yes,Yes,No,No
P07422,41,Male,20.3,113,157,127,Medium,Yes,Yes,No,No
P07423,74,Male,26.6,98,133,155,Low,Yes,No,No,No
P07424,75,Male,27.5,151,74,56,Low,Yes,Yes,Yes,Yes
P07425,22,Male,23.8,186,159,66,Medium,No,No,Yes,Yes
P07426,23,Female,21.1,127,99,187,Medium,No,No,No,No
P07427,66,Female,27.0,131,96,161,Medium,No,No,No,No
P07428,60,Male,31.0,152,151,36,Low,No,Yes,Yes,Yes
P07429,65,Female,20.9,94,107,106,Medium,Yes,No,No,No
P07430,61,Male,34.9,142,131,105,Low,No,No,Yes,Yes
P07431,64,Female,24.2,132,150,176,Medium,Yes,No,No,No
P07432,40,Female,23.8,111,149,180,High,No,No,No,No
P07433,21,Female,27.7,116,164,119,High,No,No,No,No
P07434,44,Female,27.5,101,106,60,Low,No,No,No,No
P07435,35,Female,16.0,145,114,86,Low,No,No,Yes,No
P07436,38,Female,26.5,106,137,24,Medium,No,No,No,No
P07437,45,Female,29.9,132,80,35,Medium,Yes,Yes,No,No
P07438,52,Female,32.1,96,97,226,Medium,Yes,No,No,No
P07439,39,Female,26.4,150,94,91,Low,No,Yes,Yes,No
P07440,57,Female,25.2,121,65,92,Low,Yes,No,No,No
P07441,40,Female,30.6,144,106,99,High,Yes,Yes,Yes,No
P07442,20,Male,36.0,121,125,110,Low,No,No,No,No
P07443,57,Female,27.5,114,131,124,High,Yes,No,No,No
P07444,67,Male,26.1,101,109,63,Medium,No,No,No,No
P07445,27,Female,33.3,144,95,173,Low,No,No,Yes,No
P07446,42,Male,21.4,118,121,75,Medium,No,No,No,No
P07447,69,Male,27.3,130,107,28,Low,No,No,No,No
P07448,66,Male,39.0,112,65,43,Medium,No,Yes,No,No
P07449,25,Female,29.3,125,95,104,Low,No,No,No,No
P07450,72,Female,30.8,129,136,147,High,No,No,No,No
P07451,28,Female,25.4,93,125,141,High,Yes,No,No,No
P07452,78,Female,29.9,113,132,163,Medium,No,No,No,No
P07453,22,Male,33.1,153,147,48,High,No,No,Yes,No
P07454,75,Female,19.4,110,135,164,Low,Yes,No,No,No
P07455,62,Female,26.5,141,128,127,Low,No,Yes,Yes,No
P07456,70,Female,28.7,131,111,91,Medium,Yes,Yes,No,No
P07457,72,Female,26.7,134,101,71,High,No,No,No,No
P07458,54,Female,24.6,136,127,63,High,Yes,Yes,No,No
P07459,73,Female,34.0,125,89,129,Medium,No,No,No,No
P07460,76,Female,28.0,115,150,108,Medium,No,Yes,No,No
P07461,62,Female,23.5,112,92,23,Medium,No,No,No,No
P07462,55,Male,31.9,119,174,91,High,No,No,No,No
P07463,46,Male,33.9,148,123,86,Medium,No,Yes,Yes,No
P07464,22,Female,32.7,101,165,158,Low,No,No,No,No
P07465,26,Female,24.9,119,87,121,Low,No,No,No,No
P07466,76,Female,25.1,98,183,86,Low,Yes,No,No,No
P07467,65,Female,21.8,115,87,69,Medium,No,No,No,No
P07468,19,Male,28.3,123,123,117,Low,No,No,No,No
P07469,18,Male,32.5,150,79,76,Low,No,Yes,Yes,No
P07470,57,Female,29.8,152,126,40,Low,Yes,Yes,Yes,Yes
P07471,77,Male,35.8,93,120,121,Low,No,No,No,Yes
P07472,68,Male,17.3,98,65,102,High,Yes,No,No,No
P07473,47,Female,27.7,122,130,97,High,No,No,No,No
P07474,28,Female,31.2,139,143,108,High,Yes,Yes,No,No
P07475,45,Female,24.0,96,95,130,Low,No,Yes,No,No
P07476,61,Male,21.3,118,115,46,Medium,Yes,No,No,No
P07477,29,Male,21.0,144,117,68,Low,Yes,Yes,Yes,No
P07478,56,Female,27.5,146,183,171,High,No,No,Yes,Yes
P07479,43,Female,20.8,120,132,155,High,Yes,No,No,No
P07480,30,Male,34.4,89,106,197,High,No,No,No,No
P07481,76,Male,29.6,144,87,141,Low,Yes,No,Yes,Yes
P07482,25,Female,26.0,108,65,137,Low,No,Yes,No,No
P07483,80,Male,26.6,135,121,101,Medium,No,Yes,No,No
P07484,78,Female,32.4,109,129,38,Low,Yes,Yes,No,Yes
P07485,78,Female,33.7,127,83,136,High,No,No,No,No
P07486,71,Male,22.3,131,75,101,Medium,No,No,No,No
P07487,45,Male,23.3,148,142,29,Low,Yes,Yes,Yes,No
P07488,75,Male,25.2,100,159,131,High,No,Yes,No,No
P07489,47,Female,23.9,109,115,155,Medium,No,No,No,No
P07490,26,Female,18.0,154,143,69,Medium,No,Yes,Yes,No
P07491,56,Female,22.9,129,121,88,Low,No,Yes,No,No
P07492,48,Female,23.5,110,216,122,Medium,No,Yes,No,No
P07493,75,Female,21.0,138,122,65,Medium,Yes,Yes,No,No
P07494,38,Female,29.2,107,173,98,Low,Yes,No,No,No
P07495,73,Male,26.4,129,145,115,Low,Yes,Yes,No,Yes
P07496,64,Female,30.1,113,106,141,Medium,No,No,No,No
P07497,51,Female,22.1,147,146,105,Medium,No,Yes,Yes,Yes
P07498,72,Female,30.2,110,123,129,Low,No,Yes,No,Yes
P07499,48,Female,27.7,85,89,96,Low,No,Yes,No,No
P07500,69,Male,24.3,117,128,112,Low,No,No,No,Yes
P07501,42,Female,35.0,113,110,121,Low,No,No,No,No
P07502,29,Male,27.6,121,123,20,Low,No,No,No,No
P07503,18,Male,24.4,135,123,75,High,No,Yes,No,No
P07504,72,Female,28.4,104,117,156,Low,No,No,No,No
P07505,39,Female,22.3,111,92,20,Medium,No,Yes,No,No
P07506,57,Male,26.1,125,168,123,Medium,No,Yes,No,No
P07507,54,Male,37.1,113,122,167,Medium,No,No,No,No
P07508,64,Female,18.2,126,133,156,Medium,No,No,No,No
P07509,18,Male,24.4,135,118,142,Medium,No,No,No,No
P07510,18,Female,26.3,125,111,183,Medium,Yes,No,No,No
P07511,74,Female,25.2,145,132,160,Low,No,No,Yes,No
P07512,80,Male,24.5,108,174,88,Low,No,No,No,No
P07513,59,Female,35.5,115,70,137,Medium,No,No,No,No
P07514,71,Female,24.2,152,87,43,Low,No,No,Yes,Yes
P07515,59,Female,29.0,112,113,149,Low,Yes,No,No,No
P07516,38,Male,23.9,169,97,102,Medium,Yes,No,Yes,No
P07517,32,Male,29.0,142,196,153,Low,No,No,Yes,No
P07518,34,Male,31.7,110,113,117,Low,No,Yes,No,No
P07519,39,Female,26.6,136,142,150,Low,No,Yes,No,No
P07520,55,Male,24.1,130,115,111,Low,No,Yes,No,No
P07521,52,Male,26.4,99,65,94,Low,No,Yes,No,No
P07522,62,Male,29.7,153,111,119,Medium,No,Yes,Yes,No
P07523,33,Female,31.3,140,84,36,Low,No,No,Yes,No
P07524,25,Female,28.3,152,137,100,Low,No,No,Yes,No
P07525,79,Male,26.6,144,115,85,High,No,Yes,Yes,No
P07526,64,Male,33.4,131,98,43,Low,No,No,No,No
P07527,34,Male,23.9,144,121,74,Medium,No,Yes,Yes,No
P07528,34,Female,24.9,101,110,47,Medium,No,No,No,No
P07529,71,Male,36.0,161,161,36,Medium,No,No,Yes,Yes
P07530,43,Female,26.5,138,145,79,Medium,Yes,No,No,No
P07531,30,Female,30.3,90,186,128,Medium,No,Yes,No,No
P07532,34,Female,22.6,98,150,38,High,No,No,No,No
P07533,55,Male,32.0,130,142,103,Low,No,Yes,No,No
P07534,34,Male,21.2,109,146,114,Low,No,Yes,No,No
P07535,65,Female,20.9,134,151,100,Medium,No,Yes,No,Yes
P07536,31,Female,31.5,107,65,143,Medium,Yes,Yes,No,No
P07537,62,Female,25.2,102,143,245,High,No,No,No,No
P07538,23,Female,25.8,115,69,179,High,Yes,No,No,No
P07539,52,Male,29.2,184,65,76,Medium,No,No,Yes,Yes
P07540,63,Male,25.5,105,86,62,Medium,No,No,No,No
P07541,31,Female,21.8,148,134,84,High,No,Yes,Yes,No
P07542,64,Female,24.2,111,79,128,High,No,Yes,No,Yes
P07543,25,Female,22.1,123,143,107,Medium,Yes,No,No,No
P07544,78,Male,32.8,127,182,107,Low,No,Yes,No,Yes
P07545,32,Female,33.0,124,114,109,Medium,No,No,No,No
P07546,71,Male,22.8,126,132,108,Low,Yes,No,No,Yes
P07547,78,Female,29.2,131,100,117,High,Yes,No,No,No
P07548,44,Male,25.6,98,82,147,High,No,Yes,No,No
P07549,30,Male,34.3,123,118,121,High,No,No,No,No
P07550,66,Female,38.8,124,98,56,Low,No,No,No,Yes
P07551,48,Male,30.7,135,109,147,High,No,Yes,No,No
P07552,70,Male,24.4,120,99,154,Medium,No,Yes,No,No
P07553,73,Male,21.2,135,78,98,Low,No,Yes,No,No
P07554,52,Male,28.2,113,121,119,Low,Yes,Yes,No,No
P07555,77,Female,26.2,115,65,84,Medium,No,No,No,No
P07556,23,Female,19.8,131,143,70,Medium,No,Yes,No,No
P07557,22,Female,27.4,106,66,76,Low,Yes,No,No,No
P07558,39,Female,37.6,115,104,79,Low,No,Yes,No,No
P07559,75,Female,31.0,116,166,170,High,No,No,No,No
P07560,66,Male,21.2,117,150,102,High,No,No,No,No
P07561,40,Male,26.9,126,125,68,Medium,No,No,No,No
P07562,42,Male,28.9,109,202,94,Medium,No,No,No,No
P07563,51,Male,29.5,136,128,135,Medium,No,Yes,No,No
P07564,43,Female,18.8,120,162,170,High,No,Yes,No,No
P07565,64,Female,26.4,132,103,129,High,Yes,No,No,No
P07566,22,Male,28.3,103,65,104,Medium,Yes,Yes,No,No
P07567,43,Female,26.1,85,133,183,Medium,Yes,No,No,No
P07568,37,Male,17.4,142,141,95,Medium,No,No,Yes,No
P07569,23,Male,26.2,129,139,92,Medium,Yes,Yes,No,No
P07570,23,Female,30.9,135,75,53,Low,No,No,No,No
P07571,76,Female,24.1,149,229,77,High,Yes,Yes,Yes,Yes
P07572,67,Female,24.7,108,86,53,High,No,Yes,No,No
P07573,35,Female,34.0,92,129,46,Medium,No,Yes,No,No
P07574,21,Female,26.0,143,134,101,Low,Yes,No,Yes,No
P07575,34,Female,27.6,137,154,83,Low,No,Yes,No,Yes
P07576,74,Female,17.7,145,101,159,Low,No,Yes,Yes,No
P07577,31,Male,21.7,155,143,119,Low,Yes,No,Yes,No
P07578,31,Female,37.9,104,182,136,Medium,No,Yes,No,No
P07579,30,Male,35.3,142,109,126,Low,Yes,Yes,Yes,Yes
P07580,24,Male,29.4,120,107,56,Medium,No,No,No,No
P07581,61,Female,16.0,142,90,96,Low,No,No,Yes,No
P07582,72,Male,20.3,158,134,124,High,Yes,No,Yes,Yes
P07583,32,Female,20.2,125,94,27,Medium,Yes,Yes,No,No
P07584,36,Male,20.1,112,149,26,Medium,Yes,No,No,No
P07585,80,Male,25.1,101,108,113,Medium,Yes,No,No,No
P07586,60,Male,30.9,85,117,94,High,Yes,No,No,No
P07587,64,Female,23.8,151,90,20,Medium,No,No,Yes,No
P07588,61,Male,25.4,152,200,24,Medium,No,Yes,Yes,Yes
P07589,52,Male,25.5,143,129,61,Medium,No,Yes,Yes,No
P07590,34,Male,31.5,120,85,128,High,No,Yes,No,No
P07591,52,Female,31.5,139,135,83,Medium,Yes,No,No,No
P07592,36,Male,27.8,131,66,157,Medium,Yes,No,No,No
P07593,37,Female,33.4,104,102,72,Low,No,No,No,No
P07594,53,Male,25.1,146,140,80,High,No,No,Yes,No
P07595,52,Male,35.7,134,143,209,Medium,No,No,No,Yes
P07596,49,Male,24.0,138,156,143,Low,No,No,No,No
P07597,75,Female,17.2,131,171,152,Medium,Yes,No,No,Yes
P07598,65,Male,20.7,127,119,72,Medium,No,Yes,No,No
P07599,61,Male,20.2,131,156,94,Low,No,Yes,No,No
P07600,57,Male,23.3,120,153,106,Medium,No,No,No,No
P07601,41,Male,32.6,136,155,95,Medium,Yes,No,No,No
P07602,78,Female,24.8,160,73,112,Low,No,No,Yes,Yes
P07603,78,Male,20.2,133,134,112,High,Yes,Yes,No,No
P07604,34,Male,19.7,145,115,97,Low,Yes,No,Yes,No
P07605,24,Male,26.7,104,171,94,Medium,No,Yes,No,No
P07606,60,Male,34.6,140,129,167,Medium,No,Yes,Yes,Yes
P07607,67,Female,28.1,134,111,66,Low,Yes,Yes,No,No
P07608,18,Male,31.7,144,114,84,Medium,No,Yes,Yes,No
P07609,52,Male,29.0,117,112,40,Medium,Yes,No,No,No
P07610,49,Female,19.4,143,131,64,Medium,No,No,Yes,No
P07611,53,Male,30.0,112,136,84,Medium,No,Yes,No,No
P07612,30,Male,21.3,145,118,110,High,No,No,Yes,No
P07613,23,Male,24.9,147,114,143,Low,No,No,Yes,No
P07614,75,Female,23.4,105,92,144,Low,No,No,No,No
P07615,31,Male,26.5,132,175,166,Medium,Yes,Yes,No,No
P07616,54,Female,25.8,121,115,60,High,No,Yes,No,No
P07617,65,Female,25.1,134,133,67,High,No,No,No,No
P07618,32,Female,25.6,126,140,56,Low,No,No,No,No
P07619,64,Female,28.3,121,135,185,Low,No,No,No,No
P07620,79,Female,25.6,115,109,130,Medium,No,No,No,No
P07621,21,Female,26.1,151,146,145,High,No,No,Yes,No
P07622,57,Female,37.0,112,175,53,Low,No,No,No,Yes
P07623,76,Male,32.2,115,149,105,Medium,No,Yes,No,Yes
P07624,33,Male,24.5,102,140,130,Low,No,Yes,No,No
P07625,45,Female,27.5,140,148,41,Medium,Yes,No,Yes,No
P07626,33,Female,27.1,144,127,83,Low,No,No,Yes,No
P07627,79,Female,27.4,132,115,125,Low,Yes,Yes,No,Yes
P07628,21,Female,26.9,111,192,20,Medium,Yes,Yes,No,No
P07629,62,Female,27.4,94,179,172,Low,Yes,Yes,No,Yes
P07630,43,Female,25.7,135,108,135,High,No,Yes,No,No
P07631,45,Male,23.9,141,165,54,Medium,No,No,Yes,No
P07632,49,Male,25.1,116,141,103,Low,No,Yes,No,No
P07633,62,Female,18.3,126,130,126,Medium,No,Yes,No,No
P07634,19,Female,30.5,97,178,111,High,No,Yes,No,No
P07635,48,Female,29.4,111,129,102,Medium,No,No,No,No
P07636,20,Male,37.1,132,134,100,Medium,Yes,No,No,No
P07637,71,Female,21.0,123,142,140,Low,No,No,No,No
P07638,25,Male,25.0,128,82,142,Medium,No,Yes,No,No
P07639,41,Male,32.8,146,135,136,Medium,Yes,No,Yes,No
P07640,32,Male,28.8,103,77,137,Medium,No,No,No,No
P07641,60,Female,35.2,129,145,127,Medium,No,Yes,No,Yes
P07642,48,Female,34.4,113,144,132,High,Yes,Yes,No,No
P07643,26,Male,16.0,122,166,181,High,No,Yes,No,No
P07644,56,Male,28.3,130,147,100,High,No,Yes,No,No
P07645,62,Male,28.3,102,215,29,Medium,No,Yes,No,Yes
P07646,19,Male,26.9,113,76,161,Low,No,No,No,No
P07647,25,Female,24.8,118,124,125,Medium,No,Yes,No,No
P07648,24,Male,34.8,132,162,129,Medium,No,No,No,No
P07649,73,Female,26.9,145,165,66,Low,No,No,Yes,No
P07650,61,Male,16.0,95,105,30,Low,No,No,No,No
P07651,68,Female,24.8,113,167,118,Medium,No,No,No,Yes
P07652,56,Male,37.4,122,74,93,Medium,No,Yes,No,No
P07653,59,Female,21.4,122,97,104,High,Yes,No,No,No
P07654,78,Female,33.1,132,139,81,High,No,Yes,No,No
P07655,74,Female,32.2,103,135,107,Medium,No,Yes,No,No
P07656,33,Male,25.7,121,169,75,Low,No,No,No,No
P07657,52,Female,27.9,118,156,172,Low,Yes,No,No,No
P07658,47,Male,26.7,138,110,96,Low,Yes,No,No,No
P07659,27,Female,24.4,126,169,144,Medium,No,No,No,No
P07660,55,Female,23.7,117,144,126,High,No,No,No,No
P07661,35,Male,34.1,147,154,163,High,Yes,No,Yes,Yes
P07662,67,Female,26.1,115,153,113,Low,No,Yes,No,Yes
P07663,22,Female,23.1,111,117,146,Medium,No,No,No,No
P07664,70,Male,29.7,136,160,137,Medium,Yes,No,No,Yes
P07665,46,Female,29.1,116,137,175,Medium,No,No,No,No
P07666,56,Female,19.5,126,157,137,High,No,Yes,No,No
P07667,77,Female,23.8,156,177,70,Medium,No,No,Yes,Yes
P07668,51,Female,18.5,116,122,97,Medium,Yes,Yes,No,No
P07669,60,Male,39.8,108,161,50,Medium,No,No,No,No
P07670,79,Female,25.2,121,113,91,Medium,No,No,No,No
P07671,62,Female,23.6,119,109,43,High,No,No,No,No
P07672,40,Female,24.5,139,125,139,Medium,No,Yes,No,No
P07673,22,Female,23.2,100,125,24,High,No,Yes,No,No
P07674,47,Female,26.1,173,141,57,Medium,No,No,Yes,No
P07675,23,Female,33.2,112,86,119,Medium,No,No,No,No
P07676,73,Female,27.5,134,145,141,Low,No,No,No,Yes
P07677,75,Female,20.1,142,120,20,Medium,Yes,No,Yes,No
P07678,78,Male,21.3,128,65,122,Medium,No,No,No,No
P07679,63,Male,27.9,136,139,134,Low,No,Yes,No,No
P07680,61,Male,22.8,126,174,29,Low,No,No,No,Yes
P07681,21,Male,26.0,136,162,24,Medium,No,No,No,No
P07682,46,Female,40.2,117,125,106,High,Yes,Yes,No,No
P07683,40,Female,22.0,113,110,126,Medium,No,No,No,No
P07684,23,Male,19.8,93,155,84,High,No,No,No,No
P07685,49,Male,23.3,133,110,114,High,No,Yes,No,No
P07686,59,Male,18.0,119,123,105,Medium,No,No,No,No
P07687,35,Female,33.4,132,215,195,Low,No,Yes,No,Yes
P07688,32,Female,21.2,119,177,20,High,Yes,Yes,No,No
P07689,57,Male,22.1,147,119,84,Medium,No,Yes,Yes,Yes
P07690,75,Male,20.3,122,149,87,Medium,No,No,No,No
P07691,49,Male,18.5,114,181,28,Medium,No,No,No,No
P07692,26,Male,26.7,118,141,121,Low,No,Yes,No,No
P07693,54,Male,23.2,134,87,80,Low,No,No,No,No
P07694,27,Female,18.0,178,137,65,Medium,No,No,Yes,No
P07695,37,Male,25.1,150,117,49,High,Yes,No,Yes,No
P07696,23,Female,28.8,103,118,109,Low,No,Yes,No,No
P07697,65,Male,24.8,129,102,127,High,No,No,No,No
P07698,73,Male,30.0,111,87,97,Low,No,Yes,No,No
P07699,76,Female,35.5,118,105,146,Medium,No,Yes,No,No
P07700,80,Male,31.1,119,152,122,Low,Yes,No,No,No
P07701,20,Female,28.1,123,160,186,High,No,Yes,No,No
P07702,59,Female,31.1,141,200,56,Low,No,No,Yes,Yes
P07703,28,Male,38.1,120,108,41,Low,No,No,No,No
P07704,60,Male,19.8,128,98,132,High,Yes,No,No,No
P07705,34,Female,30.2,125,156,93,Medium,No,Yes,No,No
P07706,49,Female,22.0,112,74,45,Medium,No,No,No,No
P07707,21,Male,28.2,115,65,60,High,No,No,No,No
P07708,80,Female,20.4,114,155,139,Medium,No,No,No,No
P07709,21,Male,30.8,137,93,148,Low,No,No,No,No
P07710,34,Female,28.4,118,101,140,Medium,Yes,Yes,No,No
P07711,58,Male,34.5,157,148,109,Low,No,Yes,Yes,Yes
P07712,36,Female,25.6,111,128,95,High,No,Yes,No,No
P07713,22,Female,25.5,111,116,97,Medium,No,No,No,No
P07714,49,Male,25.5,106,80,117,Low,Yes,No,No,No
P07715,39,Female,39.3,123,106,113,Low,No,Yes,No,No
P07716,73,Female,30.2,115,108,61,High,Yes,Yes,No,Yes
P07717,23,Female,33.7,119,111,151,Medium,No,Yes,No,No
P07718,52,Female,30.6,143,147,107,Low,No,Yes,Yes,Yes
P07719,39,Female,31.4,122,137,20,Low,Yes,Yes,No,No
P07720,18,Female,19.6,118,118,49,Medium,No,No,No,No
P07721,37,Female,24.2,130,130,86,Low,No,No,No,Yes
P07722,39,Male,23.9,128,188,114,Medium,No,Yes,No,No
P07723,65,Female,27.3,139,138,105,High,No,No,No,No
P07724,72,Female,26.5,140,176,74,Low,No,Yes,Yes,Yes
P07725,28,Male,19.0,133,105,161,Low,No,No,No,No
P07726,30,Female,27.2,142,118,139,Medium,No,Yes,Yes,No
P07727,76,Female,16.9,113,114,103,Medium,No,No,No,No
P07728,59,Male,30.9,123,139,35,Medium,No,No,No,No
P07729,20,Female,27.5,127,142,91,Low,Yes,No,No,Yes
P07730,26,Female,33.2,127,144,88,Medium,Yes,No,No,No
P07731,77,Male,28.1,180,65,29,Low,No,No,Yes,No
P07732,29,Male,24.7,145,94,128,Low,No,No,Yes,No
P07733,40,Female,19.1,144,134,113,Medium,No,Yes,Yes,No
P07734,31,Female,25.0,120,190,61,Medium,No,No,No,No
P07735,50,Male,23.1,124,107,116,High,Yes,No,No,No
P07736,35,Female,28.9,139,203,149,Low,No,Yes,No,No
P07737,66,Male,24.9,152,78,128,Medium,No,No,Yes,No
P07738,76,Male,30.0,110,134,79,Medium,No,No,No,No
P07739,58,Male,33.8,116,119,213,Low,Yes,No,No,No
P07740,26,Female,19.9,121,108,125,Low,Yes,No,No,No
P07741,40,Male,27.0,130,157,77,Low,No,No,No,No
P07742,27,Male,26.8,139,122,178,High,No,No,No,No
P07743,36,Male,28.6,138,72,24,Low,Yes,No,No,No
P07744,78,Female,30.4,133,65,53,High,No,Yes,No,No
P07745,64,Female,34.9,111,88,83,Medium,No,Yes,No,No
P07746,22,Female,21.5,122,147,149,High,No,No,No,No
P07747,64,Male,19.1,101,118,75,Low,No,Yes,No,No
P07748,69,Female,27.9,143,161,99,Medium,No,No,Yes,No
P07749,40,Female,29.2,126,120,64,Medium,No,Yes,No,No
P07750,47,Male,30.6,104,135,137,Medium,Yes,Yes,No,No
P07751,42,Male,23.2,167,178,126,Medium,No,Yes,Yes,Yes
P07752,45,Female,19.1,85,118,40,Medium,No,No,No,No
P07753,51,Female,33.1,124,194,103,Low,No,Yes,No,No
P07754,62,Male,29.6,149,149,116,Medium,No,No,Yes,Yes
P07755,73,Female,25.1,116,92,97,Medium,No,No,No,No
P07756,65,Male,16.3,128,83,102,Medium,No,No,No,No
P07757,64,Male,23.7,134,75,74,Medium,No,Yes,No,No
P07758,42,Female,30.5,85,126,142,Medium,No,No,No,No
P07759,27,Female,29.2,105,68,71,Medium,No,No,No,No
P07760,31,Female,20.1,124,187,147,Low,No,No,No,No
P07761,59,Female,30.1,124,203,105,Low,No,No,No,Yes
P07762,74,Male,26.6,101,69,83,Medium,No,Yes,No,No
P07763,63,Female,33.3,125,134,102,High,No,No,No,No
P07764,75,Female,23.5,135,65,109,Medium,No,No,No,No
P07765,47,Female,23.9,148,150,89,Low,No,No,Yes,No
P07766,72,Male,27.6,129,158,88,Low,No,Yes,No,Yes
P07767,80,Female,24.9,109,125,60,Medium,Yes,Yes,No,No
P07768,58,Female,22.6,135,135,170,High,No,No,No,No
P07769,42,Male,36.2,137,102,69,Low,No,No,No,No
P07770,31,Male,34.1,122,127,50,High,No,No,No,No
P07771,52,Male,22.2,118,150,124,High,No,Yes,No,No
P07772,69,Male,28.1,117,118,20,Medium,No,No,No,Yes
P07773,65,Male,19.3,136,168,106,Low,No,No,No,Yes
P07774,51,Female,35.5,122,101,55,Medium,Yes,No,No,No
P07775,27,Male,30.8,131,114,125,High,No,No,No,No
P07776,52,Male,32.0,112,65,96,Medium,No,No,No,No
P07777,28,Male,25.7,126,206,65,High,No,No,No,No
P07778,28,Male,32.9,105,65,97,Low,Yes,No,No,No
P07779,38,Male,32.9,114,164,125,Low,No,No,No,No
P07780,38,Male,26.2,126,140,85,High,No,Yes,No,No
P07781,39,Male,21.3,112,125,88,Medium,No,No,No,No
P07782,62,Male,29.2,118,94,147,Medium,No,No,No,No
P07783,24,Female,26.4,139,109,124,Low,Yes,No,No,No
P07784,72,Female,36.3,120,111,84,High,No,No,No,No
P07785,34,Female,27.3,118,107,109,Medium,Yes,No,No,Yes
P07786,79,Male,27.5,109,65,91,Medium,Yes,Yes,No,No
P07787,19,Male,31.0,116,145,152,High,Yes,No,No,No
P07788,29,Male,27.0,125,148,28,Low,No,No,No,No
P07789,74,Female,30.5,136,113,130,Medium,No,No,No,No
P07790,59,Male,24.3,97,123,127,Medium,No,Yes,No,No
P07791,35,Male,21.4,139,145,72,Low,No,No,No,No
P07792,71,Male,22.4,118,77,64,Low,No,No,No,No
P07793,76,Female,25.3,123,68,157,Low,Yes,Yes,No,No
P07794,28,Female,27.6,138,125,95,Medium,Yes,No,No,No
P07795,33,Male,29.5,165,114,170,Medium,No,Yes,Yes,No
P07796,66,Female,29.3,135,110,59,Medium,No,No,No,No
P07797,68,Male,27.1,116,146,101,Medium,No,Yes,No,Yes
P07798,35,Male,21.6,128,111,79,Low,No,No,No,No
P07799,52,Female,30.5,133,140,86,Medium,No,No,No,No
P07800,70,Female,19.5,100,187,120,Medium,No,No,No,No
P07801,76,Female,21.2,105,198,71,High,No,No,No,No
P07802,43,Female,27.2,132,155,97,Medium,No,No,No,No
P07803,33,Male,31.0,135,65,71,Low,No,No,No,No
P07804,23,Male,30.1,132,147,132,High,Yes,Yes,No,No
P07805,74,Female,26.5,137,179,191,Low,No,Yes,No,No
P07806,61,Female,29.2,118,134,163,High,No,No,No,No
P07807,60,Male,21.7,144,102,62,High,Yes,No,Yes,No
P07808,64,Male,24.2,158,111,84,Medium,No,Yes,Yes,No
P07809,64,Male,24.3,113,168,103,Low,No,No,No,No
P07810,65,Male,22.1,102,106,20,Low,No,No,No,No
P07811,59,Female,25.2,124,92,103,Low,No,Yes,No,No
P07812,29,Female,26.0,141,102,126,Medium,Yes,No,Yes,No
P07813,77,Female,24.7,137,127,104,High,No,No,No,No
P07814,30,Male,25.7,128,117,101,High,No,Yes,No,No
P07815,21,Male,16.0,85,69,75,Medium,Yes,No,No,No
P07816,56,Female,28.9,113,110,89,Low,No,No,No,No
P07817,71,Female,25.0,145,191,84,High,No,No,Yes,No
P07818,19,Female,25.0,94,132,58,Medium,No,No,No,No
P07819,43,Male,20.1,125,146,147,Medium,No,Yes,No,No
P07820,76,Female,34.8,115,75,176,High,No,Yes,No,No
P07821,44,Male,35.0,137,148,77,Medium,No,No,No,No
P07822,44,Female,18.7,95,178,59,Medium,No,Yes,No,No
P07823,32,Female,25.8,120,136,71,High,No,No,No,No
P07824,80,Female,31.6,128,83,61,High,No,No,No,No
P07825,25,Male,25.2,119,147,84,Low,No,No,No,No
P07826,24,Male,24.0,136,153,117,Low,No,No,No,Yes
P07827,80,Male,23.6,97,100,159,Low,No,No,No,No
P07828,64,Male,28.6,105,162,33,Medium,Yes,Yes,No,No
P07829,72,Male,40.1,119,141,148,Medium,Yes,No,No,Yes
P07830,63,Male,31.1,131,65,105,Medium,Yes,No,No,No
P07831,80,Female,21.5,134,104,20,Low,No,No,No,No
P07832,57,Male,23.9,128,113,48,Low,No,No,No,No
P07833,77,Female,25.7,108,123,128,Medium,Yes,Yes,No,No
P07834,29,Male,22.7,114,125,66,Medium,Yes,Yes,No,No
P07835,30,Female,21.8,145,153,88,Medium,No,No,Yes,No
P07836,79,Female,30.7,161,154,99,Medium,No,No,Yes,Yes
P07837,60,Male,24.5,136,182,158,High,No,Yes,No,No
P07838,34,Female,28.9,131,137,48,Low,No,No,No,No
P07839,80,Male,35.9,104,177,134,Medium,No,No,No,Yes
P07840,78,Male,24.4,129,158,162,Medium,Yes,No,No,No
P07841,34,Male,28.4,95,168,61,Medium,No,No,No,No
P07842,73,Male,21.9,149,181,140,Low,Yes,Yes,Yes,Yes
P07843,53,Female,29.1,135,113,81,Low,No,Yes,No,No
P07844,38,Male,33.5,124,122,74,Low,No,No,No,No
P07845,25,Female,33.2,104,65,90,Medium,No,No,No,No
P07846,22,Female,27.2,128,164,115,Medium,No,No,No,No
P07847,43,Female,24.4,98,161,71,Low,No,Yes,No,No
P07848,33,Male,28.2,119,130,146,Low,No,Yes,No,No
P07849,53,Female,27.3,132,153,85,Medium,No,No,No,No
P07850,45,Male,29.3,112,162,20,Low,No,No,No,No
P07851,71,Female,23.8,124,126,102,High,No,Yes,No,No
P07852,46,Male,25.0,167,140,47,Low,No,Yes,Yes,Yes
P07853,64,Male,25.9,93,125,93,Low,No,Yes,No,No
P07854,29,Male,30.3,111,122,122,Medium,No,Yes,No,No
P07855,54,Male,31.0,120,101,75,High,No,No,No,No
P07856,47,Female,24.8,115,76,28,Medium,Yes,No,No,No
P07857,40,Female,21.2,133,80,60,High,No,Yes,No,No
P07858,33,Male,28.8,135,122,163,Medium,No,No,No,No
P07859,31,Female,30.7,126,86,114,Medium,No,Yes,No,No
P07860,27,Male,26.3,127,92,144,Low,No,No,No,No
P07861,24,Male,23.4,93,96,180,Medium,Yes,Yes,No,No
P07862,62,Female,24.6,134,115,198,Low,No,No,No,No
P07863,69,Male,35.2,128,165,115,Low,No,No,No,No
P07864,77,Male,28.1,113,65,92,High,Yes,Yes,No,No
P07865,78,Male,32.1,154,127,77,Medium,Yes,No,Yes,Yes
P07866,54,Male,23.0,124,93,110,High,Yes,No,No,No
P07867,46,Male,33.1,129,123,126,Low,Yes,No,No,Yes
P07868,20,Female,31.5,124,103,137,Medium,No,No,No,No
P07869,32,Female,26.5,95,119,59,High,No,No,No,No
P07870,53,Female,30.0,107,71,60,Medium,No,Yes,No,No
P07871,64,Male,33.5,120,139,94,Low,No,No,No,No
P07872,63,Male,21.5,143,127,105,Medium,No,No,Yes,No
P07873,69,Male,24.4,117,130,178,Medium,No,No,No,No
P07874,36,Male,29.6,129,159,20,High,Yes,Yes,No,No
P07875,30,Male,27.1,133,76,78,Medium,No,No,No,No
P07876,59,Male,29.1,111,87,143,High,No,No,No,No
P07877,38,Female,30.4,108,183,60,High,Yes,No,No,No
P07878,54,Male,29.5,113,144,104,Medium,Yes,No,No,No
P07879,44,Female,25.7,112,65,148,High,No,Yes,No,No
P07880,72,Male,26.1,105,119,135,Medium,No,No,No,No
P07881,69,Female,34.8,141,162,136,High,No,Yes,Yes,No
P07882,46,Male,27.4,136,198,96,High,No,Yes,No,Yes
P07883,37,Female,33.8,106,180,110,Low,No,No,No,Yes
P07884,42,Female,34.1,128,109,112,High,Yes,No,No,No
P07885,23,Male,23.1,119,121,81,Medium,No,No,No,No
P07886,80,Male,30.7,123,65,143,Medium,No,Yes,No,No
P07887,53,Female,21.6,126,129,46,Low,No,No,No,No
P07888,19,Male,35.1,98,132,75,Medium,No,Yes,No,No
P07889,39,Male,27.9,89,157,143,Low,No,No,No,No
P07890,49,Male,27.7,125,65,20,Medium,No,No,No,No
P07891,33,Female,22.7,118,93,111,Medium,No,Yes,No,No
P07892,35,Male,24.0,121,117,155,Low,No,No,No,No
P07893,22,Female,28.1,113,156,71,Medium,Yes,Yes,No,No
P07894,71,Female,27.5,125,111,124,High,No,Yes,No,No
P07895,53,Male,25.1,95,207,111,Low,No,Yes,No,No
P07896,47,Female,31.4,125,87,134,Medium,No,Yes,No,No
P07897,62,Male,27.0,85,108,106,Medium,No,Yes,No,No
P07898,36,Male,21.9,112,87,157,Medium,No,No,No,No
P07899,40,Female,30.6,116,118,122,Medium,Yes,Yes,No,No
P07900,51,Female,21.2,92,142,144,Medium,Yes,Yes,No,No
P07901,30,Female,17.4,148,131,141,Medium,No,No,Yes,No
P07902,60,Female,27.5,123,95,166,High,No,Yes,No,No
P07903,79,Female,21.8,111,168,61,Medium,No,No,No,No
P07904,71,Male,27.9,159,173,49,Medium,No,No,Yes,Yes
P07905,46,Female,31.1,129,101,152,High,Yes,No,No,No
P07906,53,Male,31.9,131,233,112,Low,No,No,No,Yes
P07907,39,Male,29.5,121,86,189,Low,No,No,No,No
P07908,69,Female,20.4,115,126,20,High,Yes,No,No,No
P07909,69,Female,23.4,128,126,102,Medium,No,No,No,Yes
P07910,64,Female,27.0,85,86,104,Medium,No,No,No,No
P07911,53,Female,27.1,91,132,145,Low,No,No,No,No
P07912,26,Female,22.3,98,121,193,Medium,No,Yes,No,No
P07913,56,Male,24.7,85,140,105,Medium,No,No,No,No
P07914,68,Male,31.1,133,125,124,Medium,No,Yes,No,Yes
P07915,36,Male,29.5,111,153,25,Medium,Yes,No,No,No
P07916,55,Female,25.5,145,146,118,Medium,Yes,No,Yes,No
P07917,23,Female,32.1,120,90,118,High,Yes,Yes,No,No
P07918,69,Male,20.4,108,114,79,High,No,No,No,No
P07919,64,Female,31.1,121,96,118,Low,No,No,No,No
P07920,32,Female,30.4,142,183,116,Low,Yes,Yes,Yes,Yes
P07921,74,Female,30.7,118,158,178,High,No,No,No,No
P07922,37,Male,28.5,144,137,71,Low,No,No,Yes,No
P07923,26,Female,23.7,142,144,65,Medium,Yes,No,Yes,No
P07924,49,Male,30.0,112,121,67,Medium,No,No,No,No
P07925,21,Female,24.9,113,130,85,Medium,No,No,No,No
P07926,67,Female,28.0,112,99,33,Low,No,No,No,No
P07927,35,Male,23.4,100,102,93,High,Yes,No,No,No
P07928,22,Female,25.3,95,147,107,Medium,No,No,No,No
P07929,37,Female,26.3,113,87,172,Low,No,Yes,No,No
P07930,40,Female,29.0,85,100,99,High,No,No,No,No
P07931,79,Male,29.8,101,117,162,High,No,No,No,No
P07932,28,Female,35.5,130,72,142,Low,No,Yes,No,No
P07933,54,Female,27.7,97,160,111,Low,No,Yes,No,No
P07934,39,Female,22.3,145,148,99,Medium,No,No,Yes,Yes
P07935,75,Female,31.0,132,140,129,High,No,Yes,No,No
P07936,21,Female,28.7,155,111,134,Medium,No,Yes,Yes,No
P07937,46,Male,26.0,159,166,81,Low,Yes,Yes,Yes,Yes
P07938,61,Male,25.0,135,139,131,Low,Yes,Yes,No,No
P07939,51,Female,23.9,111,160,101,Medium,No,No,No,No
P07940,30,Female,23.7,92,162,130,High,No,No,No,No
P07941,59,Male,20.9,95,108,179,High,No,Yes,No,No
P07942,26,Female,31.8,157,94,89,Medium,No,Yes,Yes,No
P07943,59,Female,29.2,95,90,20,High,No,No,No,No
P07944,48,Female,27.5,118,127,103,Low,No,No,No,No
P07945,24,Female,23.9,143,65,57,Medium,No,Yes,Yes,No
P07946,21,Female,32.4,106,88,117,High,No,No,No,No
P07947,36,Female,19.9,145,101,60,Medium,No,No,Yes,No
P07948,59,Female,26.3,120,103,100,High,No,Yes,No,No
P07949,47,Female,31.9,125,146,178,Medium,No,No,No,No
P07950,48,Male,17.0,116,75,187,Medium,No,No,No,No
P07951,52,Male,27.9,105,66,121,Low,No,No,No,No
P07952,74,Female,23.7,134,66,64,High,No,No,No,No
P07953,38,Female,27.6,132,143,144,Medium,No,No,No,No
P07954,78,Female,25.1,135,105,84,Low,No,No,No,No
P07955,48,Female,30.0,140,103,38,Medium,No,Yes,Yes,No
P07956,36,Male,33.2,114,186,193,Medium,No,No,No,No
P07957,48,Male,39.6,132,140,105,Medium,No,No,No,No
P07958,70,Male,26.4,138,99,130,Low,Yes,Yes,No,Yes
P07959,49,Male,30.7,129,76,90,Medium,No,Yes,No,No
P07960,19,Female,28.7,114,191,129,Low,No,Yes,No,No
P07961,76,Female,29.1,128,133,68,Medium,No,No,No,No
P07962,69,Female,34.4,86,110,100,Medium,No,No,No,No
P07963,27,Male,23.6,128,132,146,Low,No,No,No,No
P07964,19,Female,25.2,102,110,97,Low,Yes,No,No,No
P07965,19,Female,26.1,122,143,67,Medium,No,No,No,No
P07966,77,Male,22.1,114,66,146,High,Yes,Yes,No,No
P07967,41,Male,27.0,122,111,89,Low,Yes,No,No,No
P07968,34,Male,30.3,94,88,88,Medium,Yes,No,No,No
P07969,49,Male,31.1,134,122,54,High,No,No,No,No
P07970,33,Male,26.1,138,92,175,Low,No,No,No,Yes
P07971,33,Female,32.7,104,104,153,Medium,No,Yes,No,No
P07972,63,Female,16.6,97,106,94,Medium,Yes,No,No,No
P07973,56,Male,38.6,105,134,66,High,No,No,No,No
P07974,70,Female,29.8,135,112,136,Medium,No,No,No,No
P07975,48,Female,24.8,120,89,123,Low,No,Yes,No,No
P07976,60,Female,29.3,118,139,86,Low,No,Yes,No,Yes
P07977,41,Female,26.2,119,198,101,Low,No,No,No,Yes
P07978,18,Male,16.6,110,112,132,Medium,No,No,No,No
P07979,28,Female,27.2,128,171,115,Medium,No,Yes,No,No
P07980,72,Female,31.6,149,71,122,Low,No,No,Yes,No
P07981,38,Female,31.8,106,98,117,Low,No,No,No,No
P07982,21,Male,28.3,133,170,138,Low,No,Yes,No,Yes
P07983,24,Female,31.8,121,133,80,Medium,No,Yes,No,No
P07984,43,Male,29.2,120,100,112,High,No,No,No,No
P07985,64,Male,28.1,146,154,72,Medium,Yes,No,Yes,Yes
P07986,67,Male,23.6,139,89,76,High,No,No,No,No
P07987,29,Male,25.3,122,127,191,Low,Yes,Yes,No,No
P07988,48,Female,25.7,138,158,41,Low,No,No,No,No
P07989,34,Male,28.4,91,138,135,High,No,No,No,No
P07990,50,Male,31.0,85,213,227,Medium,No,Yes,No,No
P07991,28,Male,23.9,109,105,184,Medium,Yes,No,No,No
P07992,45,Male,20.0,104,149,130,Medium,No,No,No,No
P07993,49,Male,34.2,117,156,191,Medium,No,Yes,No,No
P07994,18,Female,22.2,142,117,123,Medium,No,No,Yes,No
P07995,64,Male,29.5,118,92,92,Medium,No,Yes,No,No
P07996,45,Female,28.3,139,166,106,Low,Yes,No,No,No
P07997,70,Female,25.3,138,107,146,Medium,No,Yes,No,No
P07998,59,Male,30.0,90,148,198,Low,No,Yes,No,No
P07999,24,Female,21.0,135,140,153,Low,No,No,No,No
P08000,19,Female,35.2,143,129,101,High,No,Yes,Yes,No
P08001,59,Female,40.2,144,172,76,Medium,No,No,Yes,Yes
P08002,41,Male,33.2,120,137,20,High,No,Yes,No,No
P08003,21,Male,22.9,124,147,99,Low,No,No,No,No
P08004,61,Male,16.0,125,139,58,High,No,No,No,No
P08005,36,Male,29.4,121,128,147,Medium,No,No,No,No
P08006,43,Male,20.5,104,112,94,Medium,No,Yes,No,No
P08007,28,Male,24.9,108,124,149,Medium,No,Yes,No,No
P08008,57,Male,34.6,134,147,218,High,No,No,No,No
P08009,67,Female,35.1,120,141,99,Medium,No,Yes,No,No
P08010,60,Female,35.7,124,146,112,Low,No,No,No,Yes
P08011,28,Male,27.5,142,250,121,Low,No,Yes,Yes,Yes
P08012,62,Female,31.5,124,107,92,Low,No,No,No,No
P08013,20,Male,17.0,102,70,110,High,No,No,No,No
P08014,29,Male,19.5,162,111,89,Medium,No,Yes,Yes,No
P08015,20,Male,25.6,117,113,166,Medium,No,No,No,No
P08016,59,Female,31.2,116,140,95,Medium,No,No,No,No
P08017,44,Male,24.9,128,116,49,Medium,Yes,No,No,No
P08018,66,Male,31.0,120,151,53,Low,No,No,No,No
P08019,71,Male,21.2,122,98,67,Medium,Yes,No,No,No
P08020,19,Male,27.5,112,145,85,High,Yes,Yes,No,No
P08021,66,Female,29.7,140,74,144,Medium,No,No,Yes,Yes
P08022,33,Male,30.8,143,125,142,High,No,Yes,Yes,No
P08023,19,Female,24.7,155,97,145,Low,Yes,No,Yes,No
P08024,77,Female,27.1,158,112,106,Low,Yes,No,Yes,Yes
P08025,71,Male,19.3,87,65,150,Medium,No,No,No,No
P08026,47,Male,26.5,134,155,94,Medium,Yes,No,No,Yes
P08027,37,Female,32.4,101,112,22,Medium,Yes,No,No,No
P08028,55,Female,25.7,146,121,148,Medium,No,No,Yes,No
P08029,45,Female,23.3,129,140,74,High,No,No,No,No
P08030,42,Female,30.9,110,99,95,High,No,No,No,No
P08031,49,Male,38.4,102,108,89,Low,Yes,No,No,No
P08032,78,Female,37.9,111,65,129,Low,No,Yes,No,No
P08033,27,Female,28.3,108,114,112,Low,No,No,No,No
P08034,77,Female,30.9,147,179,95,Medium,No,No,Yes,Yes
P08035,59,Female,35.2,124,135,177,Medium,No,Yes,No,Yes
P08036,57,Male,28.2,105,72,101,Medium,No,No,No,No
P08037,50,Male,29.3,130,140,94,Low,No,Yes,No,No
P08038,30,Male,25.4,130,170,141,Low,No,No,No,No
P08039,73,Female,38.8,120,90,158,Low,Yes,No,No,No
P08040,58,Female,30.6,145,117,145,Low,No,No,Yes,No
P08041,71,Male,25.7,133,119,78,Low,No,Yes,No,No
P08042,59,Male,24.1,132,129,122,Medium,No,Yes,No,No
P08043,64,Female,17.7,90,129,109,Low,No,No,No,No
P08044,54,Male,19.1,117,147,96,Low,No,No,No,Yes
P08045,71,Female,23.4,135,121,63,Medium,No,No,No,Yes
P08046,33,Female,31.6,130,168,115,Low,No,No,No,No
P08047,62,Female,28.6,125,65,154,Medium,No,Yes,No,No
P08048,39,Female,20.7,136,85,178,Medium,No,No,No,No
P08049,74,Female,22.4,132,177,157,Medium,No,No,No,No
P08050,37,Female,28.4,138,108,85,High,No,Yes,No,No
P08051,67,Male,35.4,131,144,63,Low,Yes,No,No,Yes
P08052,60,Male,21.5,137,120,38,Medium,No,Yes,No,No
P08053,44,Male,29.3,136,158,152,Medium,No,No,No,No
P08054,58,Female,24.8,123,139,142,Medium,No,Yes,No,No
P08055,33,Male,24.9,124,217,80,Low,No,No,No,No
P08056,51,Female,21.1,126,124,71,Low,Yes,Yes,No,No
P08057,49,Female,30.1,103,110,162,Low,No,No,No,No
P08058,43,Female,24.6,97,170,149,Medium,No,Yes,No,No
P08059,42,Female,25.2,134,149,163,Low,No,Yes,No,Yes
P08060,19,Male,31.9,135,97,130,Medium,Yes,Yes,No,No
P08061,29,Male,32.2,125,156,134,Medium,No,No,No,No
P08062,57,Male,23.4,131,132,20,Low,No,No,No,No
P08063,26,Female,28.5,137,128,88,Medium,No,No,No,No
P08064,29,Male,31.5,133,140,196,Medium,Yes,No,No,No
P08065,43,Male,26.1,135,153,79,Low,No,No,No,No
P08066,26,Male,30.4,102,132,115,Low,No,No,No,No
P08067,27,Female,25.4,155,116,175,Low,No,No,Yes,No
P08068,49,Male,25.3,131,198,144,Low,Yes,Yes,No,No
P08069,74,Female,22.3,142,124,62,High,No,No,Yes,No
P08070,51,Male,35.6,136,172,52,Low,No,Yes,No,No
P08071,65,Female,24.6,106,105,177,High,No,No,No,No
P08072,37,Male,23.0,113,95,138,Medium,No,No,No,No
P08073,56,Male,21.8,116,159,121,Medium,No,Yes,No,No
P08074,77,Male,27.4,146,116,128,Medium,No,Yes,Yes,No
P08075,19,Female,21.9,108,65,88,Medium,Yes,No,No,No
P08076,18,Male,23.4,102,118,65,Medium,Yes,No,No,No
P08077,68,Male,31.0,133,143,125,Medium,No,No,No,No
P08078,77,Female,29.2,157,101,78,Low,Yes,Yes,Yes,Yes
P08079,53,Female,20.3,110,96,78,High,Yes,No,No,No
P08080,41,Female,30.6,151,132,89,High,No,No,Yes,No
P08081,71,Female,27.2,138,85,140,Low,Yes,Yes,No,No
P08082,44,Male,32.7,117,136,73,Low,No,Yes,No,No
P08083,19,Male,34.1,101,161,69,Medium,No,No,No,No
P08084,48,Female,19.0,119,171,62,High,Yes,No,No,No
P08085,74,Male,30.8,111,102,98,Medium,No,No,No,No
P08086,31,Female,35.2,147,187,150,High,No,No,Yes,No
P08087,19,Male,28.0,124,146,98,Low,No,Yes,No,No
P08088,46,Female,30.4,134,101,105,Low,No,Yes,No,Yes
P08089,32,Male,28.1,134,110,114,Low,No,Yes,No,No
P08090,29,Female,31.9,113,101,90,Medium,No,No,No,No
P08091,54,Female,28.9,126,65,64,High,No,No,No,No
P08092,45,Male,16.9,143,175,86,Low,No,Yes,Yes,No
P08093,37,Male,26.4,124,133,79,Medium,No,Yes,No,No
P08094,78,Male,26.1,120,148,101,High,Yes,No,No,No
P08095,56,Female,30.6,137,128,85,Medium,No,Yes,No,Yes
P08096,41,Male,32.9,102,72,115,Medium,No,No,No,No
P08097,38,Female,25.9,85,137,100,Low,No,No,No,No
P08098,27,Male,20.9,130,158,77,Medium,Yes,No,No,No
P08099,63,Male,28.5,143,158,171,High,Yes,No,Yes,No
P08100,31,Female,23.1,157,163,127,High,No,Yes,Yes,No
P08101,54,Female,24.0,129,127,96,High,No,No,No,No
P08102,35,Male,38.9,140,65,81,Medium,No,Yes,Yes,No
P08103,41,Female,23.6,149,149,146,Low,No,No,Yes,No
P08104,31,Female,19.2,126,128,66,Low,Yes,No,No,No
P08105,51,Male,30.0,113,195,168,Low,Yes,No,No,No
P08106,75,Female,30.5,112,191,40,Medium,Yes,Yes,No,Yes
P08107,29,Male,31.4,120,164,230,Medium,No,No,No,No
P08108,39,Male,31.2,151,77,86,High,Yes,No,Yes,No
P08109,73,Female,27.7,142,86,47,Low,No,No,Yes,No
P08110,23,Male,27.8,121,143,75,Low,No,No,No,No
P08111,53,Female,31.7,147,84,91,Medium,No,No,Yes,No
P08112,62,Male,35.0,133,156,80,High,Yes,Yes,No,Yes
P08113,53,Female,20.7,121,157,121,Low,No,No,No,Yes
P08114,39,Female,24.0,128,180,118,Low,No,Yes,No,No
P08115,31,Female,30.1,132,163,248,Medium,No,Yes,No,No
P08116,80,Female,28.3,127,111,109,Low,No,No,No,No
P08117,33,Female,18.0,156,123,45,High,Yes,No,Yes,No
P08118,78,Male,24.1,122,95,97,Medium,No,No,No,No
P08119,53,Male,28.5,100,134,111,High,No,No,No,No
P08120,73,Female,27.1,131,65,82,High,No,No,No,No
P08121,42,Male,25.2,120,115,134,Low,No,No,No,No
P08122,49,Female,38.7,101,149,140,Low,No,No,No,Yes
P08123,50,Female,26.9,137,147,76,Low,No,Yes,No,No
P08124,62,Male,28.2,85,155,89,Medium,Yes,Yes,No,Yes
P08125,53,Male,27.7,130,88,20,Low,Yes,No,No,No
P08126,37,Female,28.1,85,80,66,High,No,No,No,No
P08127,35,Female,27.2,125,146,93,Low,No,No,No,No
P08128,55,Female,16.6,135,92,111,High,No,Yes,No,No
P08129,20,Female,22.0,138,84,99,Medium,No,No,No,No
P08130,40,Female,25.4,140,132,67,Medium,Yes,No,Yes,No
P08131,49,Female,31.1,106,124,155,Medium,No,No,No,No
P08132,62,Male,25.5,128,209,150,High,No,Yes,No,No
P08133,76,Female,22.8,112,138,155,Low,No,No,No,No
P08134,33,Female,31.7,111,131,175,Low,Yes,Yes,No,No
P08135,76,Male,33.8,123,105,61,Medium,No,No,No,Yes
P08136,22,Female,19.3,117,154,124,Medium,No,Yes,No,No
P08137,21,Female,27.5,106,124,146,Low,No,Yes,No,No
P08138,38,Male,16.0,131,107,207,Medium,No,No,No,No
P08139,57,Female,25.4,135,118,172,Medium,No,Yes,No,Yes
P08140,68,Male,36.4,109,113,93,Medium,No,Yes,No,No
P08141,31,Female,27.5,122,122,33,Low,No,No,No,No
P08142,56,Male,20.1,122,204,51,High,No,No,No,No
P08143,48,Male,20.2,122,147,135,Medium,Yes,No,No,No
P08144,31,Male,22.3,124,119,108,Medium,No,Yes,No,No
P08145,23,Female,23.6,130,123,74,Low,Yes,Yes,No,No
P08146,29,Female,17.5,146,76,20,High,Yes,No,Yes,No
P08147,33,Male,28.6,127,65,145,Low,Yes,No,No,No
P08148,34,Male,29.7,116,151,53,High,Yes,Yes,No,No
P08149,62,Female,25.2,125,150,169,Medium,No,No,No,No
P08150,40,Female,37.2,106,139,60,Low,No,Yes,No,No
P08151,31,Female,24.9,109,177,85,Medium,No,No,No,No
P08152,78,Female,33.0,133,133,75,Medium,Yes,No,No,Yes
P08153,24,Female,20.1,85,154,134,Medium,Yes,No,No,No
P08154,63,Male,28.5,121,122,75,High,No,No,No,No
P08155,49,Female,29.3,142,65,95,Medium,No,Yes,Yes,No
P08156,32,Male,23.4,132,166,89,Low,No,Yes,No,No
P08157,61,Female,27.8,140,91,65,Low,No,No,Yes,Yes
P08158,34,Male,23.4,131,134,106,High,No,No,No,No
P08159,58,Male,25.4,161,100,117,Medium,No,Yes,Yes,No
P08160,71,Female,25.6,103,134,137,Medium,No,Yes,No,No
P08161,64,Male,20.0,127,183,132,Low,No,No,No,No
P08162,61,Male,29.6,138,146,137,Medium,Yes,No,No,Yes
P08163,51,Male,30.0,117,154,25,Medium,Yes,Yes,No,No
P08164,22,Male,25.1,146,119,104,Medium,No,No,Yes,No
P08165,62,Female,28.2,136,115,65,High,Yes,No,No,No
P08166,44,Male,22.4,98,114,105,Medium,No,No,No,No
P08167,69,Female,20.7,132,152,111,High,No,No,No,No
P08168,40,Male,25.0,136,126,114,Low,No,No,No,No
P08169,57,Female,30.5,154,149,33,High,No,No,Yes,No
P08170,76,Female,26.6,122,119,213,Medium,No,Yes,No,No
P08171,31,Female,24.8,135,161,209,Low,No,Yes,No,No
P08172,32,Male,28.7,130,149,77,Medium,No,No,No,No
P08173,60,Female,22.4,115,129,55,Medium,No,No,No,No
P08174,50,Female,20.9,119,149,233,Medium,No,No,No,No
P08175,70,Male,25.2,86,161,155,Low,Yes,No,No,No
P08176,48,Female,22.7,116,190,139,Medium,Yes,No,No,No
P08177,52,Male,21.1,153,100,50,Low,No,Yes,Yes,Yes
P08178,34,Male,31.5,122,156,178,Medium,No,No,No,No
P08179,45,Female,38.0,140,149,66,High,No,Yes,Yes,No
P08180,36,Male,19.2,129,157,97,Low,No,No,No,No
P08181,63,Male,24.9,133,109,167,High,Yes,No,No,No
P08182,71,Male,27.9,161,129,86,Medium,No,No,Yes,No
P08183,79,Female,18.4,118,109,115,Low,No,No,No,No
P08184,40,Male,25.9,118,137,158,High,No,No,No,No
P08185,49,Male,26.2,145,95,51,Medium,No,No,Yes,No
P08186,57,Male,29.4,124,173,157,Low,No,No,No,No
P08187,30,Female,23.1,120,130,177,Low,No,No,No,No
P08188,76,Male,24.2,142,185,102,Medium,No,No,Yes,No
P08189,37,Female,31.9,130,102,160,Low,No,No,No,No
P08190,52,Male,29.1,122,132,70,High,No,Yes,No,No
P08191,22,Female,30.6,119,129,36,Low,No,Yes,No,No
P08192,26,Female,18.2,110,148,20,High,No,No,No,No
P08193,46,Female,23.7,97,152,128,Medium,No,No,No,No
P08194,23,Male,34.6,145,78,125,High,No,No,Yes,No
P08195,80,Male,26.6,117,167,79,Low,No,Yes,No,No
P08196,42,Male,26.4,94,156,158,Low,No,No,No,No
P08197,48,Female,26.6,157,73,76,Medium,No,No,Yes,No
P08198,39,Male,34.8,127,175,49,High,No,No,No,No
P08199,19,Male,23.3,125,81,62,Low,No,Yes,No,No
P08200,62,Female,30.4,96,135,169,High,No,No,No,No
P08201,22,Male,28.3,135,115,143,Low,Yes,Yes,No,No
P08202,77,Male,20.2,115,119,97,Medium,No,No,No,No
P08203,44,Female,25.5,115,113,93,Low,No,Yes,No,No
P08204,42,Female,22.8,132,143,79,Low,No,Yes,No,No
P08205,25,Male,20.6,127,94,20,Medium,No,Yes,No,No
P08206,72,Female,33.0,108,158,33,Low,Yes,No,No,Yes
P08207,18,Male,20.9,99,144,99,Medium,No,No,No,No
P08208,37,Male,30.7,128,119,132,Low,No,Yes,No,No
P08209,61,Male,22.7,126,156,90,High,Yes,No,No,No
P08210,40,Male,33.8,172,107,35,High,No,No,Yes,No
P08211,49,Male,24.9,85,124,178,Medium,No,Yes,No,No
P08212,28,Female,28.7,128,72,43,Medium,No,No,No,No
P08213,56,Female,24.2,96,105,106,Medium,No,No,No,No
P08214,64,Male,16.2,118,94,112,Medium,No,Yes,No,No
P08215,71,Female,18.7,117,65,211,Medium,No,No,No,No
P08216,41,Female,17.5,135,120,63,Medium,Yes,No,No,No
P08217,28,Male,28.3,135,121,107,Medium,No,No,No,No
P08218,46,Female,26.9,150,135,113,Low,No,No,Yes,No
P08219,71,Female,30.0,129,145,54,Low,No,No,No,No
P08220,43,Male,23.6,143,117,119,Medium,No,No,Yes,No
P08221,33,Male,16.1,150,142,85,Medium,No,No,Yes,No
P08222,52,Male,33.5,130,156,91,High,No,No,No,No
P08223,37,Male,31.9,146,163,72,Medium,No,No,Yes,No
P08224,63,Male,28.9,129,145,158,Low,No,No,No,No
P08225,20,Male,32.6,125,142,99,Low,No,No,No,No
P08226,18,Male,26.5,113,91,69,Medium,Yes,Yes,No,No
P08227,80,Female,28.3,132,153,20,Medium,Yes,No,No,No
P08228,75,Male,23.5,131,90,190,Medium,No,No,No,No
P08229,70,Female,21.6,131,136,108,Low,Yes,No,No,Yes
P08230,64,Female,19.1,146,148,163,High,No,No,Yes,No
P08231,18,Male,23.2,141,140,161,High,No,No,Yes,No
P08232,34,Female,40.3,98,65,122,Low,No,Yes,No,No
P08233,19,Female,19.4,99,153,146,Medium,No,No,No,No
P08234,46,Female,22.3,127,178,162,Low,No,No,No,No
P08235,37,Male,27.6,107,70,58,Low,No,Yes,No,No
P08236,23,Female,39.0,123,131,145,Low,Yes,No,No,No
P08237,25,Female,21.8,109,118,118,Medium,No,No,No,No
P08238,46,Male,23.9,127,127,65,High,No,Yes,No,No
P08239,65,Female,30.4,107,170,144,High,No,No,No,No
P08240,68,Female,30.1,132,133,62,Low,No,No,No,No
P08241,50,Female,23.5,106,91,130,Medium,No,No,No,No
P08242,20,Female,22.8,127,102,118,Low,Yes,Yes,No,No
P08243,77,Female,29.2,95,98,76,Medium,No,Yes,No,No
P08244,52,Male,25.5,105,65,190,Medium,Yes,No,No,No
P08245,22,Female,28.4,138,106,144,High,No,Yes,No,No
P08246,44,Male,26.2,148,149,69,High,Yes,Yes,Yes,No
P08247,61,Female,28.8,141,137,161,Low,No,No,Yes,No
P08248,29,Male,29.3,139,131,89,Medium,No,Yes,No,No
P08249,37,Male,17.3,152,115,87,Medium,No,No,Yes,No
P08250,62,Male,24.7,142,122,148,Medium,Yes,Yes,Yes,No
P08251,37,Female,28.7,97,144,135,Low,No,No,No,No
P08252,26,Female,31.1,142,155,94,Low,No,Yes,Yes,Yes
P08253,56,Female,25.3,142,135,176,High,No,No,Yes,No
P08254,21,Female,17.8,91,87,70,Low,No,No,No,No
P08255,68,Female,33.2,113,110,169,High,No,Yes,No,No
P08256,71,Male,31.3,153,140,71,Low,No,No,Yes,Yes
P08257,36,Male,27.5,123,102,122,Medium,No,Yes,No,No
P08258,55,Male,24.7,104,103,89,Medium,No,No,No,No
P08259,44,Female,30.0,141,149,141,Low,No,No,Yes,Yes
P08260,62,Female,24.7,120,153,20,High,Yes,No,No,No
P08261,60,Male,31.4,118,91,58,Medium,No,Yes,No,No
P08262,30,Female,36.0,141,78,131,Low,No,Yes,Yes,No
P08263,30,Female,24.6,132,83,145,Medium,No,Yes,No,No
P08264,77,Male,30.9,123,148,76,High,Yes,No,No,No
P08265,74,Male,23.7,131,95,153,Low,No,Yes,No,No
P08266,39,Female,32.1,122,106,74,High,No,Yes,No,No
P08267,45,Female,25.8,141,82,128,High,Yes,Yes,Yes,No
P08268,69,Male,34.2,99,126,99,Low,No,Yes,No,Yes
P08269,64,Female,25.6,122,117,37,Low,No,No,No,No
P08270,70,Male,22.5,118,141,184,Medium,No,Yes,No,No
P08271,62,Male,25.3,131,137,80,High,No,No,No,No
P08272,39,Male,25.9,105,65,72,Medium,No,No,No,No
P08273,60,Female,28.2,152,137,88,Medium,Yes,Yes,Yes,No
P08274,36,Male,25.4,112,122,86,Low,No,No,No,No
P08275,25,Male,28.2,144,168,114,High,Yes,Yes,Yes,No
P08276,69,Female,28.3,136,96,84,Low,Yes,No,No,No
P08277,25,Male,24.9,129,144,81,Low,No,No,No,Yes
P08278,59,Female,28.6,129,128,127,Medium,No,No,No,No
P08279,43,Female,24.1,92,95,105,Medium,No,No,No,No
P08280,65,Female,37.0,116,162,126,Low,No,No,No,Yes
P08281,68,Male,28.5,184,139,92,Low,No,No,Yes,Yes
P08282,43,Male,30.1,129,113,119,Low,Yes,No,No,No
P08283,40,Female,26.0,132,95,37,Low,Yes,No,No,No
P08284,60,Female,23.4,90,165,154,High,No,Yes,No,No
P08285,30,Female,31.2,121,155,87,Low,No,No,No,No
P08286,45,Male,28.6,119,125,95,High,No,Yes,No,No
P08287,26,Female,16.0,112,124,130,Medium,No,Yes,No,No
P08288,37,Female,36.6,135,86,116,Medium,No,No,No,No
P08289,73,Female,30.7,117,173,134,Medium,No,No,No,No
P08290,36,Male,25.1,112,86,167,Medium,Yes,No,No,No
P08291,65,Female,30.0,99,157,94,Medium,No,No,No,No
P08292,56,Male,29.1,105,196,103,High,Yes,Yes,No,No
P08293,68,Male,29.5,107,98,226,Medium,No,No,No,No
P08294,29,Female,22.6,119,108,84,Low,No,No,No,No
P08295,32,Female,27.4,116,97,75,Low,No,Yes,No,No
P08296,48,Female,28.5,114,168,141,Low,No,Yes,No,No
P08297,72,Male,33.2,95,130,147,Low,No,No,No,No
P08298,31,Male,27.5,107,73,143,High,Yes,Yes,No,No
P08299,28,Male,29.2,127,87,75,Medium,Yes,Yes,No,No
P08300,43,Female,22.4,151,148,99,Low,No,Yes,Yes,No
P08301,59,Male,27.3,154,99,105,Medium,No,No,Yes,No
P08302,44,Female,31.3,161,65,92,Medium,No,No,Yes,No
P08303,28,Female,23.6,130,145,112,Low,Yes,No,No,No
P08304,55,Female,25.1,124,138,91,Low,No,Yes,No,Yes
P08305,51,Male,22.2,136,98,174,Low,Yes,No,No,No
P08306,60,Male,20.2,119,113,60,Medium,No,No,No,No
P08307,36,Male,22.7,139,113,184,Medium,No,Yes,No,No
P08308,23,Female,29.8,122,118,49,High,No,Yes,No,No
P08309,63,Male,25.8,130,173,194,Medium,No,Yes,No,Yes
P08310,69,Male,22.7,112,151,147,Medium,Yes,No,No,No
P08311,55,Female,37.9,142,145,74,Low,No,Yes,Yes,Yes
P08312,66,Female,23.5,107,122,105,Low,No,No,No,No
P08313,59,Male,30.1,114,98,137,Medium,No,No,No,No
P08314,45,Female,28.7,119,175,137,High,No,Yes,No,Yes
P08315,18,Male,28.2,110,124,100,Medium,Yes,No,No,No
P08316,52,Female,17.8,135,92,59,Low,No,No,No,No
P08317,57,Female,33.4,127,231,152,High,Yes,Yes,No,Yes
P08318,25,Male,28.6,107,133,118,Medium,No,No,No,No
P08319,76,Female,31.6,116,85,168,Low,No,No,No,No
P08320,69,Female,32.7,128,156,100,Medium,No,No,No,Yes
P08321,71,Female,35.6,129,159,114,Medium,No,Yes,No,No
P08322,64,Male,22.0,108,111,169,High,No,No,No,No
P08323,73,Female,23.4,125,94,116,High,No,No,No,No
P08324,24,Female,24.1,136,116,47,Low,No,No,No,No
P08325,28,Male,22.7,120,149,40,Medium,No,Yes,No,No
P08326,56,Male,33.6,107,153,27,Medium,No,Yes,No,No
P08327,78,Female,22.0,149,104,66,Medium,No,Yes,Yes,No
P08328,21,Female,25.1,136,174,86,Low,No,No,No,No
P08329,42,Female,18.8,118,72,145,Medium,No,No,No,No
P08330,29,Male,30.7,127,104,151,Medium,No,No,No,No
P08331,43,Female,26.4,119,121,20,Low,No,No,No,No
P08332,55,Male,31.4,107,114,133,Medium,No,No,No,No
P08333,63,Male,30.5,137,107,88,Low,Yes,Yes,No,Yes
P08334,29,Female,18.8,155,169,121,Low,No,No,Yes,No
P08335,60,Female,27.9,141,120,192,High,No,Yes,Yes,No
P08336,68,Male,21.5,129,138,68,Medium,No,No,No,No
P08337,70,Female,27.7,119,137,127,Medium,Yes,Yes,No,No
P08338,54,Female,24.1,85,138,153,Low,Yes,Yes,No,No
P08339,63,Male,36.2,153,119,109,Low,No,Yes,Yes,Yes
P08340,70,Female,40.3,113,65,77,Low,No,No,No,Yes
P08341,41,Male,25.8,140,157,76,Low,No,No,Yes,No
P08342,33,Female,27.5,142,122,83,Medium,No,Yes,Yes,No
P08343,74,Male,16.0,141,109,116,Low,No,No,Yes,No
P08344,30,Male,18.8,100,109,74,Low,No,No,No,No
P08345,42,Female,28.9,143,136,132,Low,Yes,Yes,Yes,Yes
P08346,78,Male,26.8,116,107,124,Low,No,Yes,No,No
P08347,71,Male,29.1,123,117,28,Medium,No,No,No,No
P08348,71,Female,23.0,123,149,156,Medium,No,No,No,No
P08349,74,Female,28.5,114,132,204,High,Yes,No,No,No
P08350,69,Female,16.0,120,94,83,Low,No,No,No,No
P08351,71,Male,24.0,128,144,146,Medium,No,No,No,No
P08352,21,Male,29.3,108,114,166,Low,No,Yes,No,No
P08353,28,Male,35.5,96,154,137,Medium,Yes,No,No,No
P08354,49,Female,26.4,141,112,130,Medium,No,No,Yes,No
P08355,66,Male,29.9,130,130,29,Low,Yes,Yes,No,No
P08356,24,Male,23.7,91,146,92,Medium,No,No,No,No
P08357,63,Female,29.2,132,95,98,Medium,No,No,No,No
P08358,75,Male,24.5,122,150,165,Medium,No,Yes,No,No
P08359,28,Female,36.8,102,184,47,Medium,No,Yes,No,No
P08360,45,Female,25.4,115,142,193,Low,No,Yes,No,Yes
P08361,71,Female,26.2,132,132,179,High,No,No,No,No
P08362,58,Male,30.9,107,156,60,Medium,Yes,Yes,No,Yes
P08363,40,Male,29.5,107,154,49,Low,Yes,No,No,No
P08364,62,Male,25.2,115,130,154,High,No,No,No,No
P08365,40,Female,29.0,108,92,92,Medium,No,Yes,No,No
P08366,67,Female,21.7,105,102,94,High,Yes,Yes,No,No
P08367,45,Female,28.1,105,112,149,Low,No,No,No,No
P08368,60,Male,29.7,133,80,52,Low,Yes,No,No,No
P08369,64,Male,24.9,109,174,149,Medium,Yes,No,No,No
P08370,74,Male,25.2,144,92,49,High,Yes,No,Yes,No
P08371,43,Male,23.9,164,123,47,Low,No,Yes,Yes,Yes
P08372,42,Male,19.8,122,94,146,Medium,Yes,Yes,No,No
P08373,71,Female,29.1,161,146,136,Low,No,Yes,Yes,Yes
P08374,46,Male,24.6,135,160,20,Medium,Yes,No,No,Yes
P08375,36,Female,29.8,128,79,145,Medium,No,Yes,No,No
P08376,50,Female,26.1,124,148,192,Medium,Yes,No,No,No
P08377,53,Male,30.1,90,83,110,Medium,Yes,Yes,No,No
P08378,31,Female,18.4,117,111,163,High,No,No,No,No
P08379,31,Male,21.3,105,218,95,Low,Yes,No,No,No
P08380,52,Male,22.8,141,135,154,Low,No,Yes,Yes,Yes
P08381,47,Female,33.0,156,157,20,High,No,Yes,Yes,No
P08382,45,Male,29.0,129,136,77,Low,No,No,No,No
P08383,34,Male,25.7,130,120,233,Medium,No,No,No,No
P08384,20,Female,24.6,142,103,173,Medium,No,No,Yes,No
P08385,33,Female,30.0,127,177,91,Low,Yes,No,No,Yes
P08386,63,Female,24.1,147,192,104,Low,No,Yes,Yes,Yes
P08387,47,Female,30.7,168,127,55,Low,No,No,Yes,Yes
P08388,69,Female,25.9,151,167,106,High,Yes,Yes,Yes,Yes
P08389,46,Female,33.5,114,156,28,Medium,No,Yes,No,No
P08390,62,Male,22.3,140,118,129,Medium,No,No,Yes,No
P08391,32,Male,26.4,113,127,80,Medium,No,No,No,No
P08392,63,Male,22.4,121,110,137,Medium,Yes,Yes,No,Yes
P08393,73,Female,35.1,155,196,79,Medium,No,Yes,Yes,Yes
P08394,42,Male,27.1,107,153,77,Medium,Yes,No,No,No
P08395,68,Female,22.0,118,126,146,Medium,No,Yes,No,No
P08396,55,Male,22.5,146,108,85,Low,No,No,Yes,Yes
P08397,59,Female,29.6,110,143,88,Medium,No,Yes,No,No
P08398,76,Male,17.9,90,79,173,Low,No,No,No,No
P08399,64,Female,26.1,98,99,172,High,No,No,No,No
P08400,70,Female,22.7,114,118,144,Medium,No,No,No,No
P08401,71,Female,26.2,124,110,106,Low,Yes,Yes,No,Yes
P08402,69,Female,27.5,120,118,217,Low,No,Yes,No,No
P08403,75,Male,26.5,116,149,168,Low,No,Yes,No,No
P08404,55,Male,25.7,126,193,76,High,No,No,No,No
P08405,40,Female,27.8,116,150,139,High,No,No,No,No
P08406,42,Female,35.7,112,120,61,Low,No,No,No,No
P08407,59,Female,33.4,129,160,125,Medium,Yes,No,No,Yes
P08408,24,Male,25.3,127,127,97,High,No,No,No,No
P08409,39,Female,30.6,143,65,81,Medium,No,Yes,Yes,No
P08410,34,Female,30.4,161,167,126,Medium,Yes,No,Yes,Yes
P08411,35,Male,25.1,87,84,67,Low,Yes,Yes,No,No
P08412,66,Female,26.8,134,130,94,High,No,No,No,No
P08413,58,Female,29.7,128,97,126,High,Yes,No,No,No
P08414,27,Male,23.3,148,85,110,Low,No,No,Yes,No
P08415,27,Female,25.8,116,109,97,Medium,Yes,No,No,No
P08416,74,Female,26.0,118,65,92,Low,No,No,No,No
P08417,24,Male,25.7,102,101,93,Medium,No,No,No,No
P08418,65,Female,25.5,143,140,177,Low,No,No,Yes,No
P08419,78,Male,29.2,127,138,152,High,No,No,No,No
P08420,67,Female,27.1,145,65,30,High,No,Yes,Yes,No
P08421,55,Female,30.2,117,159,60,Low,No,Yes,No,No
P08422,44,Female,39.6,113,208,50,Medium,Yes,Yes,No,Yes
P08423,69,Female,24.3,138,185,85,Medium,No,No,No,No
P08424,50,Female,28.1,119,107,161,High,No,No,No,No
P08425,18,Male,29.5,136,102,69,Low,No,No,No,No
P08426,61,Female,32.5,134,94,126,Medium,Yes,Yes,No,No
P08427,70,Female,29.2,127,189,155,Medium,No,No,No,No
P08428,77,Male,21.5,114,107,20,Low,No,No,No,No
P08429,51,Male,23.7,131,100,81,Low,No,Yes,No,Yes
P08430,21,Female,27.7,111,154,33,Medium,No,Yes,No,No
P08431,34,Male,23.5,127,165,77,Low,No,Yes,No,Yes
P08432,21,Female,19.6,155,159,127,Medium,No,No,Yes,No
P08433,60,Male,23.0,147,88,28,Medium,Yes,No,Yes,No
P08434,71,Male,23.0,116,142,105,Low,No,Yes,No,No
P08435,43,Female,22.0,130,176,26,Medium,No,No,No,No
P08436,21,Male,39.6,115,125,48,Medium,No,No,No,No
P08437,18,Female,28.6,130,135,159,Low,No,No,No,No
P08438,24,Male,27.6,109,132,136,High,No,No,No,No
P08439,47,Male,31.6,113,116,48,Low,No,No,No,No
P08440,67,Male,36.0,159,141,105,High,No,No,Yes,Yes
P08441,26,Female,28.9,127,156,95,Medium,No,No,No,No
P08442,78,Female,32.1,117,171,117,High,No,No,No,No
P08443,52,Male,24.5,87,123,145,Medium,Yes,Yes,No,No
P08444,25,Female,22.5,128,127,219,Low,No,No,No,No
P08445,78,Female,31.5,164,107,90,Low,No,Yes,Yes,Yes
P08446,41,Female,31.5,115,180,195,Medium,No,No,No,No
P08447,36,Male,31.0,118,110,66,Medium,Yes,No,No,No
P08448,53,Female,27.6,126,122,100,Low,No,No,No,No
P08449,67,Male,23.1,114,128,83,High,No,No,No,No
P08450,69,Male,24.6,165,132,85,High,No,No,Yes,No
P08451,76,Male,32.8,143,73,116,Medium,No,No,Yes,No
P08452,60,Male,24.0,138,144,140,Low,Yes,Yes,No,No
P08453,44,Male,27.9,163,141,121,Low,Yes,No,Yes,Yes
P08454,49,Female,23.1,156,131,140,High,Yes,Yes,Yes,No
P08455,31,Female,26.0,126,138,136,Medium,No,No,No,No
P08456,74,Male,21.6,120,123,120,High,No,No,No,No
P08457,35,Female,26.6,120,75,100,Low,No,Yes,No,No
P08458,45,Female,24.6,115,163,77,High,No,No,No,No
P08459,77,Female,18.5,121,74,84,Medium,No,Yes,No,No
P08460,46,Female,30.3,116,95,166,Low,No,No,No,No
P08461,33,Female,30.0,105,167,82,Medium,No,No,No,No
P08462,52,Female,27.3,85,78,132,High,No,No,No,No
P08463,64,Female,21.4,144,119,174,Low,No,No,Yes,No
P08464,76,Male,21.4,85,188,129,Medium,Yes,Yes,No,No
P08465,76,Male,38.7,131,128,116,Medium,No,Yes,No,No
P08466,48,Male,16.0,142,77,184,Medium,No,Yes,Yes,No
P08467,21,Female,21.5,133,151,113,Medium,Yes,Yes,No,No
P08468,54,Female,37.7,122,141,88,High,Yes,No,No,No
P08469,34,Male,39.3,129,129,180,High,No,Yes,No,No
P08470,56,Female,35.5,117,65,88,Medium,No,Yes,No,No
P08471,65,Female,29.7,123,171,109,Medium,Yes,Yes,No,Yes
P08472,63,Male,23.8,119,187,83,Low,No,No,No,Yes
P08473,43,Male,18.6,113,124,20,Low,No,No,No,No
P08474,65,Male,29.0,146,102,34,High,No,No,Yes,No
P08475,56,Female,23.2,141,144,57,Low,No,Yes,Yes,No
P08476,58,Female,34.3,122,144,107,Low,Yes,Yes,No,No
P08477,21,Female,17.7,126,147,113,Low,Yes,Yes,No,No
P08478,47,Male,28.0,112,125,121,Low,Yes,No,No,No
P08479,47,Male,31.6,131,144,75,Medium,Yes,No,No,No
P08480,39,Female,32.1,123,151,72,High,No,No,No,No
P08481,28,Male,31.2,119,215,247,Low,No,No,No,Yes
P08482,19,Male,28.7,130,140,74,Low,No,No,No,No
P08483,61,Female,27.6,127,131,125,High,Yes,Yes,No,No
P08484,29,Male,31.5,110,72,154,Medium,No,Yes,No,No
P08485,47,Male,28.7,141,75,126,High,No,Yes,Yes,No
P08486,53,Male,28.9,143,129,94,High,Yes,Yes,Yes,No
P08487,35,Female,27.2,113,122,54,High,No,No,No,No
P08488,43,Female,25.1,182,92,53,Medium,No,No,Yes,No
P08489,70,Male,20.3,108,90,86,Low,Yes,No,No,No
P08490,80,Female,21.1,136,146,99,Medium,No,Yes,No,Yes
P08491,24,Female,25.1,135,105,103,Medium,Yes,No,No,No
P08492,78,Female,26.4,138,98,73,Medium,No,No,No,No
P08493,18,Male,22.2,156,88,83,Medium,Yes,Yes,Yes,No
P08494,80,Female,21.8,120,96,167,Medium,No,Yes,No,No
P08495,75,Male,25.2,126,112,59,Low,No,No,No,No
P08496,43,Male,31.5,133,124,74,Medium,No,No,No,No
P08497,40,Female,16.4,95,133,46,Low,No,Yes,No,No
P08498,43,Male,22.3,127,110,234,Medium,Yes,Yes,No,No
P08499,62,Female,27.8,132,65,20,Medium,No,No,No,No
P08500,23,Female,33.4,112,86,89,Medium,No,Yes,No,No
P08501,23,Male,37.8,164,107,187,Medium,No,No,Yes,No
P08502,61,Male,25.3,130,161,167,Medium,Yes,No,No,No
P08503,25,Female,25.2,112,121,120,Medium,No,No,No,No
P08504,41,Female,26.3,115,140,127,Medium,No,No,No,No
P08505,39,Female,28.1,111,174,56,Low,Yes,Yes,No,Yes
P08506,36,Female,26.8,111,119,36,Medium,No,No,No,No
P08507,54,Male,27.6,131,125,75,Medium,No,No,No,No
P08508,35,Male,20.3,133,126,82,Medium,Yes,Yes,No,No
P08509,48,Male,18.7,133,127,128,Low,Yes,Yes,No,No
P08510,79,Female,30.6,137,89,101,Medium,Yes,No,No,Yes
P08511,54,Male,26.0,133,143,180,Medium,No,No,No,No
P08512,47,Male,31.2,164,128,117,Low,Yes,No,Yes,No
P08513,74,Male,28.1,141,96,32,High,No,Yes,Yes,No
P08514,59,Male,19.8,106,119,40,High,Yes,No,No,No
P08515,50,Female,34.8,126,65,88,Low,No,No,No,No
P08516,27,Male,27.2,105,71,73,Medium,No,Yes,No,No
P08517,54,Male,23.3,125,156,104,Medium,Yes,Yes,No,No
P08518,29,Male,24.3,100,117,140,Low,No,No,No,No
P08519,71,Male,20.9,121,172,132,Medium,No,No,No,No
P08520,47,Female,28.7,123,127,56,Medium,No,Yes,No,No
P08521,44,Female,26.4,101,133,159,High,No,No,No,No
P08522,56,Male,37.1,125,124,90,Medium,No,Yes,No,No
P08523,26,Female,29.6,118,90,107,Medium,Yes,Yes,No,No
P08524,71,Female,36.8,105,139,64,Medium,No,Yes,No,No
P08525,38,Female,22.2,142,102,124,Low,No,No,Yes,No
P08526,29,Female,25.3,119,136,121,Low,No,No,No,No
P08527,72,Male,31.5,145,96,171,Low,No,Yes,Yes,No
P08528,46,Female,29.9,129,151,76,Low,No,No,No,No
P08529,50,Female,26.9,118,140,109,Low,Yes,No,No,No
P08530,60,Male,21.6,108,168,122,Low,No,No,No,No
P08531,79,Male,16.1,104,150,119,Medium,Yes,No,No,No
P08532,70,Male,25.9,128,123,163,Medium,No,Yes,No,Yes
P08533,32,Male,26.1,132,179,70,Medium,Yes,No,No,No
P08534,19,Female,27.6,110,138,127,Low,No,No,No,No
P08535,69,Male,19.8,103,65,130,High,Yes,No,No,No
P08536,56,Female,22.6,138,104,89,Low,No,No,No,No
P08537,70,Female,29.0,138,120,116,Low,Yes,No,No,No
P08538,61,Male,29.9,110,171,114,Medium,No,No,No,No
P08539,71,Male,28.0,122,110,125,Low,No,Yes,No,No
P08540,35,Female,25.3,134,101,91,Low,No,No,No,No
P08541,20,Female,21.1,105,65,70,Medium,Yes,Yes,No,No
P08542,24,Male,31.8,109,170,112,Low,Yes,Yes,No,No
P08543,60,Male,30.6,140,175,136,Medium,No,No,Yes,No
P08544,35,Male,24.1,109,85,62,Low,No,No,No,No
P08545,61,Female,31.2,126,75,144,High,No,No,No,No
P08546,55,Female,26.7,127,161,113,High,No,Yes,No,No
P08547,54,Male,23.6,103,170,99,Medium,No,Yes,No,No
P08548,75,Female,31.6,143,100,102,Low,No,No,Yes,No
P08549,50,Male,27.5,97,117,54,High,No,No,No,No
P08550,61,Female,24.9,130,144,114,Medium,Yes,No,No,No
P08551,76,Female,20.6,117,89,96,Medium,Yes,No,No,No
P08552,48,Male,21.1,127,93,117,Low,No,No,No,No
P08553,75,Male,31.2,121,113,98,Medium,No,No,No,No
P08554,28,Male,29.3,105,90,82,Medium,No,Yes,No,No
P08555,21,Female,21.2,120,227,55,Medium,No,Yes,No,No
P08556,76,Female,21.1,134,169,27,High,No,Yes,No,No
P08557,35,Male,37.5,121,114,88,High,Yes,Yes,No,No
P08558,21,Female,29.3,116,130,20,High,No,No,No,No
P08559,66,Male,33.0,89,69,41,High,No,Yes,No,No
P08560,51,Female,34.5,109,139,143,High,No,Yes,No,No
P08561,46,Male,22.4,112,151,65,Medium,No,No,No,No
P08562,41,Female,35.7,140,102,134,Low,Yes,No,Yes,Yes
P08563,39,Female,21.6,118,109,130,Medium,No,Yes,No,No
P08564,19,Female,30.6,134,93,70,Medium,Yes,No,No,No
P08565,61,Female,26.4,111,173,148,Medium,Yes,Yes,No,Yes
P08566,80,Male,30.6,88,172,166,Low,No,No,No,Yes
P08567,23,Female,25.9,143,139,39,Medium,No,No,Yes,No
P08568,59,Male,29.7,111,130,145,Low,Yes,No,No,No
P08569,42,Male,33.8,142,81,76,High,No,No,Yes,No
P08570,72,Male,32.6,121,100,35,High,No,Yes,No,No
P08571,74,Male,26.7,150,115,116,High,No,No,Yes,No
P08572,38,Female,22.2,182,102,130,Low,No,No,Yes,No
P08573,72,Male,25.5,133,145,102,Medium,No,No,No,No
P08574,76,Female,29.2,100,68,186,High,No,Yes,No,No
P08575,33,Female,30.3,135,80,139,Medium,Yes,No,No,No
P08576,48,Female,32.4,132,103,102,Medium,Yes,No,No,No
P08577,31,Female,23.3,103,70,113,High,Yes,No,No,No
P08578,56,Male,22.3,113,160,241,Medium,No,No,No,No
P08579,45,Female,21.9,117,165,126,Low,Yes,No,No,Yes
P08580,49,Male,26.0,131,66,168,Medium,Yes,Yes,No,No
P08581,45,Female,28.1,109,135,148,Medium,No,No,No,No
P08582,68,Female,28.8,106,111,53,Low,Yes,No,No,No
P08583,72,Male,19.9,104,125,57,Low,No,No,No,No
P08584,66,Female,22.2,91,144,104,Medium,No,No,No,No
P08585,26,Female,23.5,136,65,100,High,No,No,No,No
P08586,75,Female,35.8,126,162,118,Low,No,No,No,No
P08587,62,Female,25.1,139,143,161,Medium,No,Yes,No,No
P08588,39,Female,19.6,112,163,142,Low,Yes,No,No,No
P08589,49,Male,28.9,112,65,39,High,Yes,No,No,No
P08590,22,Female,26.5,131,124,76,Medium,Yes,No,No,No
P08591,40,Female,21.1,141,144,179,Low,No,Yes,Yes,No
P08592,22,Male,24.6,143,140,133,Medium,No,No,Yes,No
P08593,59,Female,25.3,105,155,35,Low,No,No,No,Yes
P08594,70,Male,26.4,142,141,97,Medium,No,No,Yes,No
P08595,49,Female,31.6,152,65,20,Medium,No,No,Yes,No
P08596,76,Female,29.8,133,165,153,Medium,No,Yes,No,No
P08597,27,Male,27.6,146,108,129,Low,No,No,Yes,No
P08598,76,Female,31.9,134,132,96,Medium,No,No,No,No
P08599,56,Female,25.0,105,179,102,High,No,Yes,No,No
P08600,75,Male,23.4,142,125,130,Medium,No,Yes,Yes,Yes
P08601,32,Male,28.5,132,113,161,Medium,No,No,No,No
P08602,24,Female,28.2,107,84,125,Medium,No,No,No,No
P08603,46,Male,19.6,115,78,138,Medium,No,No,No,No
P08604,76,Female,34.5,132,83,123,Low,No,No,No,No
P08605,64,Male,21.9,168,124,167,Medium,No,No,Yes,No
P08606,20,Female,29.6,157,202,187,High,No,No,Yes,No
P08607,36,Male,29.8,89,114,75,Medium,No,Yes,No,No
P08608,27,Male,16.0,125,124,96,High,No,No,No,No
P08609,45,Male,28.1,152,149,107,Medium,No,Yes,Yes,Yes
P08610,46,Male,35.2,118,100,74,Low,No,Yes,No,Yes
P08611,32,Male,23.4,116,173,89,Medium,No,No,No,No
P08612,52,Male,17.5,115,108,102,Medium,No,Yes,No,No
P08613,23,Male,26.4,140,168,106,Low,No,No,Yes,Yes
P08614,29,Male,29.3,132,146,86,Medium,Yes,No,No,No
P08615,64,Male,26.6,135,128,81,Medium,No,Yes,No,No
P08616,55,Female,22.2,121,104,108,Low,No,No,No,No
P08617,30,Male,21.8,156,158,69,Medium,Yes,No,Yes,No
P08618,46,Female,18.9,119,121,121,High,No,Yes,No,No
P08619,36,Male,17.6,141,107,49,Medium,No,Yes,Yes,No
P08620,20,Female,25.3,88,181,104,Low,No,No,No,No
P08621,25,Female,29.1,124,65,180,Medium,No,No,No,No
P08622,25,Male,27.8,117,178,94,High,No,No,No,No
P08623,72,Male,28.3,127,196,145,Low,No,Yes,No,No
P08624,75,Female,30.2,96,94,54,Low,No,No,No,No
P08625,37,Female,33.5,154,102,86,High,No,No,Yes,No
P08626,64,Male,27.1,128,86,135,Medium,No,No,No,No
P08627,21,Male,28.7,165,156,20,High,No,Yes,Yes,No
P08628,68,Male,28.8,139,103,133,Medium,Yes,Yes,No,Yes
P08629,38,Female,27.7,130,121,101,Low,No,No,No,No
P08630,20,Male,27.1,125,147,90,Medium,No,Yes,No,No
P08631,62,Male,27.5,137,69,170,Low,No,No,No,No
P08632,25,Male,34.8,139,71,39,Low,Yes,Yes,No,No
P08633,40,Male,34.2,134,137,123,Medium,No,Yes,No,No
P08634,33,Male,18.5,166,112,142,Medium,Yes,No,Yes,No
P08635,30,Female,28.1,146,90,72,Medium,No,Yes,Yes,No
P08636,20,Female,27.0,114,125,20,High,Yes,No,No,No
P08637,65,Male,33.3,111,121,118,Low,Yes,Yes,No,No
P08638,26,Male,26.8,133,93,142,Medium,No,No,No,No
P08639,77,Female,28.3,128,131,172,Medium,Yes,No,No,No
P08640,31,Male,23.8,130,90,32,High,No,Yes,No,No
P08641,30,Female,31.1,96,150,93,Low,No,No,No,No
P08642,70,Male,20.8,141,118,204,Medium,No,No,Yes,No
P08643,74,Female,25.5,118,189,117,Low,No,No,No,No
P08644,24,Female,21.7,165,79,118,Medium,No,No,Yes,No
P08645,32,Male,25.5,129,104,131,Medium,Yes,No,No,No
P08646,24,Female,24.3,123,158,106,High,No,No,No,No
P08647,55,Male,31.2,134,88,92,Low,Yes,No,No,No
P08648,51,Female,25.9,113,126,96,Medium,No,Yes,No,No
P08649,58,Male,34.5,155,65,170,Low,Yes,Yes,Yes,Yes
P08650,39,Male,25.8,168,88,139,Low,No,No,Yes,No
P08651,41,Male,21.6,138,92,122,Medium,No,No,No,No
P08652,66,Female,25.8,137,119,20,High,No,No,No,No
P08653,54,Male,29.4,114,160,81,Low,Yes,No,No,Yes
P08654,61,Male,35.4,125,115,200,Low,Yes,No,No,No
P08655,18,Male,23.8,135,114,69,Low,No,No,No,No
P08656,27,Female,35.3,104,97,108,Medium,No,No,No,No
P08657,60,Male,26.1,153,85,101,Low,Yes,No,Yes,No
P08658,33,Female,24.8,97,161,40,High,No,Yes,No,No
P08659,63,Female,30.9,88,131,62,Medium,No,Yes,No,No
P08660,25,Female,34.1,156,114,33,Low,No,Yes,Yes,No
P08661,73,Male,29.8,139,181,29,Medium,No,No,No,Yes
P08662,66,Male,19.9,108,65,127,Medium,No,No,No,No
P08663,42,Female,28.7,128,161,70,High,No,No,No,No
P08664,67,Male,37.9,129,70,189,High,No,Yes,No,Yes
P08665,29,Male,16.0,127,130,142,High,No,Yes,No,No
P08666,42,Female,28.9,106,159,103,Medium,No,Yes,No,No
P08667,34,Female,25.6,131,65,140,Low,No,No,No,No
P08668,77,Male,22.3,146,168,20,Medium,No,Yes,Yes,Yes
P08669,43,Female,32.2,94,120,100,Medium,No,No,No,No
P08670,63,Male,18.3,116,97,153,High,Yes,No,No,No
P08671,65,Female,25.2,104,133,45,Low,Yes,No,No,No
P08672,31,Male,32.0,111,143,136,Medium,Yes,No,No,No
P08673,58,Male,31.4,132,208,117,Medium,Yes,Yes,No,Yes
P08674,53,Female,30.0,102,118,34,Medium,No,No,No,No
P08675,74,Male,27.9,156,155,176,Low,No,Yes,Yes,Yes
P08676,40,Male,26.4,126,129,157,High,No,Yes,No,No
P08677,60,Female,24.6,118,137,133,High,Yes,No,No,No
P08678,23,Male,22.1,91,116,44,Low,Yes,No,No,No
P08679,64,Male,31.1,128,98,66,Medium,No,Yes,No,No
P08680,22,Male,28.1,126,138,100,Medium,No,Yes,No,No
P08681,60,Female,31.2,101,90,170,High,No,Yes,No,No
P08682,42,Female,23.1,107,65,95,Low,No,No,No,No
P08683,35,Female,23.0,156,129,113,Medium,No,No,Yes,Yes
P08684,79,Female,29.5,118,96,72,High,No,No,No,No
P08685,30,Female,16.0,126,115,184,Low,Yes,No,No,No
P08686,60,Male,16.0,135,67,59,High,No,No,No,No
P08687,31,Male,32.1,122,158,113,Medium,Yes,No,No,No
P08688,45,Male,23.5,149,65,164,High,Yes,No,Yes,No
P08689,35,Female,28.0,112,140,80,Low,Yes,No,No,No
P08690,76,Male,28.9,117,143,93,Low,No,No,No,No
P08691,77,Female,32.2,118,132,65,Medium,No,No,No,No
P08692,80,Male,24.8,111,161,42,High,No,No,No,No
P08693,74,Female,25.1,109,84,49,High,No,Yes,No,No
P08694,45,Male,23.9,126,194,176,Medium,No,Yes,No,Yes
P08695,68,Male,30.1,149,94,33,Medium,No,No,Yes,No
P08696,73,Female,30.3,104,148,72,Low,No,Yes,No,Yes
P08697,44,Male,33.4,122,189,44,Medium,No,Yes,No,No
P08698,49,Male,20.8,139,118,69,Low,No,No,No,No
P08699,64,Female,38.2,161,100,92,Medium,No,No,Yes,No
P08700,26,Male,25.4,142,153,112,Medium,No,No,Yes,No
P08701,57,Male,26.8,121,105,169,Medium,Yes,No,No,No
P08702,49,Female,27.8,115,95,147,Medium,No,No,No,No
P08703,37,Female,22.4,145,149,137,Medium,Yes,No,Yes,No
P08704,45,Female,24.9,141,151,139,Medium,Yes,No,Yes,No
P08705,50,Female,34.3,125,124,27,Medium,Yes,Yes,No,Yes
P08706,21,Female,34.4,121,127,108,Low,Yes,Yes,No,No
P08707,63,Male,28.0,161,131,164,Low,No,No,Yes,Yes
P08708,74,Female,32.2,159,118,191,Low,No,Yes,Yes,Yes
P08709,51,Female,29.1,132,115,160,Low,No,Yes,No,No
P08710,65,Male,26.7,129,78,82,High,No,No,No,No
P08711,20,Male,23.2,104,99,137,Low,No,No,No,No
P08712,43,Male,22.7,126,125,67,High,No,No,No,No
P08713,25,Male,23.2,147,199,168,High,No,No,Yes,No
P08714,23,Male,35.1,90,85,64,Low,No,Yes,No,No
P08715,33,Female,31.4,136,108,59,Medium,No,No,No,No
P08716,41,Male,34.2,137,80,157,Medium,No,No,No,No
P08717,65,Female,29.0,137,65,106,High,No,Yes,No,No
P08718,56,Male,22.6,113,173,139,Low,Yes,No,No,No
P08719,47,Female,30.0,119,144,143,High,Yes,Yes,No,No
P08720,62,Male,33.3,114,172,52,High,No,Yes,No,No
P08721,30,Female,30.2,161,65,108,Medium,No,No,Yes,No
P08722,22,Female,20.4,153,147,70,Low,No,No,Yes,No
P08723,42,Female,19.6,132,200,20,Low,Yes,Yes,No,Yes
P08724,37,Female,30.2,126,159,101,High,Yes,No,No,No
P08725,71,Female,25.4,125,145,74,Low,No,No,No,No
P08726,35,Female,28.6,119,98,132,Medium,No,No,No,No
P08727,64,Female,23.4,91,176,156,Low,No,Yes,No,Yes
P08728,35,Female,27.6,126,102,72,High,Yes,No,No,No
P08729,19,Female,21.5,161,143,55,Medium,No,No,Yes,No
P08730,27,Female,28.2,130,89,102,High,No,No,No,No
P08731,72,Male,30.6,114,122,119,High,No,No,No,No
P08732,62,Female,30.9,130,159,128,Medium,No,No,No,No
P08733,67,Female,20.5,121,157,197,High,No,Yes,No,Yes
P08734,64,Male,29.3,107,126,158,Low,No,No,No,No
P08735,80,Female,24.1,105,200,104,Low,No,No,No,No
P08736,29,Female,34.6,126,118,211,Medium,No,No,No,No
P08737,64,Male,31.8,99,165,144,Medium,No,No,No,No
P08738,30,Male,27.1,125,105,149,High,No,Yes,No,No
P08739,67,Female,37.9,123,81,195,Medium,Yes,No,No,No
P08740,64,Male,23.4,138,118,125,Medium,No,No,No,No
P08741,74,Female,26.7,122,66,114,High,No,No,No,No
P08742,72,Female,29.7,106,136,120,Low,Yes,Yes,No,No
P08743,28,Female,37.2,128,129,103,Low,No,Yes,No,No
P08744,36,Male,34.3,144,147,82,Medium,No,Yes,Yes,No
P08745,52,Female,31.0,115,125,51,Low,No,No,No,No
P08746,56,Female,22.6,154,115,156,Low,No,No,Yes,No
P08747,70,Male,22.6,127,128,158,Low,Yes,No,No,No
P08748,43,Female,30.5,119,165,82,Medium,No,Yes,No,Yes
P08749,63,Female,20.7,114,161,107,Low,No,No,No,No
P08750,31,Female,28.6,129,170,77,High,No,No,No,No
P08751,71,Female,31.0,123,65,130,Medium,No,Yes,No,No
P08752,62,Female,19.6,102,162,131,Low,Yes,No,No,No
P08753,61,Female,30.2,154,149,90,Low,Yes,No,Yes,No
P08754,41,Male,31.5,119,197,94,Medium,No,No,No,No
P08755,58,Female,25.2,153,107,95,Medium,No,No,Yes,No
P08756,18,Female,26.2,105,114,79,Medium,No,Yes,No,No
P08757,68,Male,18.1,142,134,122,Medium,No,Yes,Yes,No
P08758,60,Female,26.5,149,65,20,Medium,No,Yes,Yes,No
P08759,72,Female,19.4,148,65,108,Medium,No,No,Yes,No
P08760,39,Male,23.6,132,136,184,Medium,No,No,No,No
P08761,40,Male,25.0,143,84,135,Medium,No,No,Yes,No
P08762,73,Male,21.2,133,78,62,High,No,No,No,Yes
P08763,71,Male,20.8,106,144,63,Medium,No,No,No,No
P08764,36,Male,21.0,132,69,81,Low,No,Yes,No,No
P08765,35,Male,33.1,105,149,76,High,No,Yes,No,No
P08766,29,Male,26.6,103,95,136,Low,No,Yes,No,No
P08767,72,Female,33.3,130,93,70,Medium,No,Yes,No,No
P08768,45,Female,25.0,114,138,135,High,Yes,Yes,No,No
P08769,45,Female,25.1,154,82,98,Low,No,No,Yes,No
P08770,77,Male,24.9,155,186,119,Low,No,Yes,Yes,No
P08771,76,Female,16.0,174,121,135,Medium,No,No,Yes,Yes
P08772,50,Male,29.5,100,124,127,Medium,No,No,No,No
P08773,36,Female,26.5,105,147,180,Low,Yes,Yes,No,No
P08774,45,Female,27.3,141,162,167,Medium,No,Yes,Yes,No
P08775,76,Female,16.5,119,107,70,Low,No,Yes,No,No
P08776,69,Female,26.9,112,149,203,Low,No,Yes,No,No
P08777,78,Male,24.8,118,151,113,Medium,No,No,No,No
P08778,79,Male,27.6,124,176,124,Low,No,No,No,No
P08779,66,Female,26.6,137,109,148,Medium,No,No,No,No
P08780,54,Male,24.6,92,151,62,High,No,No,No,No
P08781,43,Male,29.8,132,145,184,Low,Yes,No,No,No
P08782,52,Female,32.1,122,140,120,Low,Yes,No,No,No
P08783,51,Male,25.0,111,65,169,High,No,No,No,No
P08784,80,Male,19.8,150,169,104,Medium,No,No,Yes,Yes
P08785,52,Male,20.1,117,161,68,Medium,No,No,No,No
P08786,57,Male,29.1,119,148,137,Medium,No,No,No,No
P08787,33,Female,33.5,120,104,66,Medium,No,No,No,No
P08788,55,Female,17.9,153,183,90,High,No,No,Yes,Yes
P08789,30,Male,21.9,127,123,20,Low,Yes,Yes,No,No
P08790,79,Female,25.3,124,142,172,Medium,No,Yes,No,No
P08791,40,Female,16.8,141,85,87,Medium,No,Yes,Yes,No
P08792,77,Female,26.5,85,114,97,Medium,Yes,Yes,No,No
P08793,71,Male,28.8,129,127,112,Low,No,No,No,No
P08794,39,Male,29.4,129,94,135,High,No,No,No,No
P08795,33,Female,25.0,140,102,53,High,No,Yes,Yes,No
P08796,45,Female,25.2,130,144,46,Low,No,No,No,No
P08797,65,Male,21.9,105,162,160,Medium,No,No,No,No
P08798,52,Female,18.1,95,74,86,Low,No,No,No,No
P08799,77,Male,26.1,136,205,125,Medium,No,Yes,No,Yes
P08800,62,Female,29.0,116,95,88,Medium,No,Yes,No,No
P08801,63,Male,27.1,119,89,139,Medium,No,No,No,No
P08802,25,Male,32.5,110,179,88,Medium,No,No,No,No
P08803,61,Male,28.7,125,149,119,Medium,No,No,No,No
P08804,72,Male,30.3,124,159,133,Medium,No,No,No,No
P08805,72,Female,27.8,103,95,118,Low,No,No,No,No
P08806,39,Male,36.3,139,141,125,Low,No,Yes,No,No
P08807,38,Female,24.6,112,214,104,Medium,Yes,No,No,No
P08808,43,Male,30.4,151,95,43,Medium,No,No,Yes,No
P08809,57,Male,28.2,129,151,35,Medium,Yes,No,No,Yes
P08810,38,Female,30.7,123,98,51,Medium,No,No,No,No
P08811,42,Female,28.7,98,88,73,High,Yes,Yes,No,No
P08812,58,Female,26.8,135,116,148,Medium,No,No,No,No
P08813,18,Male,28.9,124,124,20,High,No,No,No,No
P08814,23,Male,29.5,128,119,126,Low,No,No,No,No
P08815,40,Female,30.2,149,122,76,Medium,No,Yes,Yes,No
P08816,68,Male,34.3,141,202,127,Medium,No,No,Yes,Yes
P08817,40,Female,28.0,145,185,175,Medium,No,Yes,Yes,Yes
P08818,60,Male,21.5,85,131,114,High,No,No,No,No
P08819,60,Male,27.8,121,128,146,Low,No,No,No,Yes
P08820,40,Male,24.8,96,176,75,Low,No,No,No,No
P08821,49,Female,24.6,133,151,78,Medium,No,Yes,No,No
P08822,47,Male,25.4,91,134,156,Low,No,No,No,No
P08823,30,Female,22.5,144,204,200,Low,No,No,Yes,No
P08824,60,Female,16.0,153,95,142,High,No,No,Yes,No
P08825,35,Male,34.4,122,125,24,Low,Yes,No,No,No
P08826,40,Female,24.6,131,120,57,Low,No,No,No,No
P08827,32,Female,18.4,153,141,89,Low,No,No,Yes,No
P08828,50,Male,27.9,163,88,124,Medium,No,No,Yes,No
P08829,38,Female,30.1,155,142,78,Medium,Yes,No,Yes,Yes
P08830,74,Female,26.1,135,115,132,Low,Yes,No,No,No
P08831,56,Male,20.6,154,161,57,Low,Yes,Yes,Yes,Yes
P08832,40,Male,19.9,108,114,150,Low,No,No,No,No
P08833,44,Male,38.4,113,105,113,Low,No,No,No,No
P08834,62,Female,19.9,142,149,136,High,No,No,Yes,Yes
P08835,61,Female,18.9,125,129,22,Low,No,No,No,No
P08836,35,Male,25.5,137,116,119,High,No,Yes,No,Yes
P08837,41,Female,31.1,141,118,71,Low,No,No,Yes,No
P08838,68,Male,35.3,142,108,106,High,No,Yes,Yes,No
P08839,64,Male,25.9,92,197,85,Medium,No,Yes,No,Yes
P08840,57,Male,25.9,137,144,71,Medium,No,No,No,No
P08841,68,Female,20.6,114,152,103,Medium,No,No,No,No
P08842,59,Female,32.4,130,143,134,Low,No,No,No,No
P08843,24,Male,26.7,117,135,167,Low,No,Yes,No,No
P08844,67,Male,26.8,117,110,82,High,No,No,No,No
P08845,65,Female,29.2,114,101,153,Low,Yes,Yes,No,No
P08846,37,Male,28.5,139,110,162,Low,Yes,No,No,No
P08847,44,Female,26.3,122,148,61,Medium,Yes,Yes,No,No
P08848,23,Male,33.6,121,110,118,High,No,Yes,No,No
P08849,44,Male,19.0,119,170,142,Medium,No,No,No,No
P08850,26,Female,28.1,136,184,95,Medium,No,No,No,No
P08851,70,Female,29.0,110,65,101,High,Yes,No,No,No
P08852,62,Female,24.9,154,181,129,Medium,No,Yes,Yes,Yes
P08853,74,Female,30.1,113,86,105,High,Yes,No,No,No
P08854,48,Female,30.3,117,116,101,Low,Yes,No,No,No
P08855,38,Male,32.5,125,130,76,Medium,Yes,No,No,No
P08856,43,Male,26.4,134,65,79,High,No,Yes,No,No
P08857,57,Female,25.9,122,101,76,Medium,No,No,No,No
P08858,65,Female,29.7,121,131,88,Medium,Yes,No,No,No
P08859,62,Male,26.0,144,82,102,Low,No,Yes,Yes,No
P08860,30,Male,19.4,85,81,78,Medium,Yes,Yes,No,No
P08861,66,Female,31.3,115,190,65,Low,No,No,No,Yes
P08862,40,Female,17.8,110,130,66,Medium,No,No,No,No
P08863,37,Male,29.0,118,160,104,Medium,No,Yes,No,No
P08864,54,Female,39.7,150,193,36,Medium,No,No,Yes,Yes
P08865,71,Male,29.7,113,153,143,Medium,No,No,No,No
P08866,70,Male,23.5,123,107,162,Medium,Yes,Yes,No,No
P08867,45,Female,24.7,135,104,162,Low,Yes,No,No,No
P08868,34,Male,28.9,111,144,90,Low,Yes,No,No,No
P08869,45,Male,26.9,85,149,81,Medium,No,No,No,No
P08870,58,Male,30.8,85,134,79,High,No,No,No,No
P08871,19,Female,34.3,149,152,61,Low,Yes,No,Yes,No
P08872,42,Male,33.6,133,121,136,Medium,No,No,No,No
P08873,75,Female,21.2,119,126,20,Medium,No,Yes,No,No
P08874,67,Male,27.1,119,110,81,Low,Yes,Yes,No,No
P08875,58,Male,29.5,110,95,79,Low,No,No,No,No
P08876,23,Male,34.6,128,94,85,Medium,Yes,Yes,No,No
P08877,28,Male,28.8,138,112,79,Low,No,No,No,No
P08878,74,Male,23.6,109,151,112,Low,Yes,No,No,Yes
P08879,78,Female,29.2,130,126,133,Medium,No,Yes,No,No
P08880,55,Female,36.1,109,110,119,Medium,No,No,No,No
P08881,23,Male,25.7,123,116,61,Medium,Yes,Yes,No,No
P08882,62,Female,23.5,115,65,25,Medium,No,Yes,No,No
P08883,28,Female,26.8,141,106,183,Medium,No,No,Yes,No
P08884,31,Male,23.7,125,152,147,Low,No,No,No,No
P08885,19,Female,31.1,104,85,190,Medium,No,Yes,No,No
P08886,57,Female,23.8,124,70,125,Medium,Yes,Yes,No,No
P08887,20,Female,33.5,143,82,169,Medium,No,No,Yes,No
P08888,72,Female,29.5,103,108,25,Low,No,No,No,No
P08889,70,Male,30.5,120,123,45,Low,Yes,No,No,No
P08890,52,Female,30.4,118,133,77,Low,No,No,No,No
P08891,50,Male,31.3,129,150,111,Low,No,No,No,Yes
P08892,41,Male,25.5,121,116,74,Medium,Yes,No,No,No
P08893,36,Female,22.1,132,151,151,High,No,No,No,No
P08894,35,Male,24.6,112,83,147,High,No,No,No,No
P08895,66,Female,31.6,122,167,148,Medium,No,Yes,No,No
P08896,69,Male,18.2,121,138,136,Low,No,Yes,No,Yes
P08897,78,Female,17.0,157,65,119,Low,No,No,Yes,No
P08898,41,Female,28.1,131,129,179,High,No,No,No,No
P08899,62,Male,31.2,140,206,185,High,No,No,Yes,Yes
P08900,52,Female,31.9,158,197,94,Low,No,No,Yes,Yes
P08901,79,Female,22.2,130,124,66,Medium,No,No,No,No
P08902,18,Female,21.1,121,146,160,Medium,No,No,No,No
P08903,53,Female,23.6,107,86,190,Low,No,Yes,No,No
P08904,42,Male,25.0,103,80,217,High,No,No,No,No
P08905,62,Male,25.3,86,118,134,High,No,No,No,No
P08906,66,Male,27.6,141,108,97,High,No,No,Yes,No
P08907,77,Female,34.0,133,130,54,Medium,No,Yes,No,Yes
P08908,79,Male,26.7,121,147,102,Medium,No,No,No,No
P08909,60,Female,31.7,120,146,64,Medium,No,No,No,No
P08910,51,Female,30.3,107,161,56,High,Yes,No,No,No
P08911,42,Female,23.4,134,143,148,High,No,No,No,No
P08912,33,Male,30.2,114,164,84,Medium,Yes,Yes,No,No
P08913,51,Male,29.9,120,161,104,Medium,Yes,No,No,No
P08914,46,Male,27.0,105,118,177,High,No,Yes,No,No
P08915,36,Male,27.9,108,65,20,Low,No,No,No,No
P08916,40,Female,26.7,142,82,62,Low,No,No,Yes,No
P08917,36,Male,21.5,145,146,141,Medium,Yes,Yes,Yes,No
P08918,42,Male,38.8,103,131,83,High,No,Yes,No,No
P08919,33,Male,32.3,136,197,81,Low,No,No,No,No
P08920,71,Male,29.6,112,70,120,Medium,No,No,No,No
P08921,68,Female,25.0,116,156,98,High,No,Yes,No,No
P08922,26,Male,26.5,147,124,20,Medium,Yes,Yes,Yes,No
P08923,18,Male,21.1,120,97,77,Low,Yes,No,No,No
P08924,59,Male,29.3,120,187,37,Medium,Yes,No,No,No
P08925,36,Female,28.7,95,87,144,Low,No,No,No,No
P08926,50,Male,26.0,119,137,43,Medium,No,No,No,No
P08927,51,Male,27.1,114,169,42,Medium,No,No,No,No
P08928,33,Male,25.5,133,96,48,Medium,No,Yes,No,No
P08929,61,Female,24.5,115,65,143,Medium,No,No,No,No
P08930,57,Female,23.1,147,147,76,Medium,Yes,No,Yes,No
P08931,72,Male,21.9,132,165,165,Low,No,Yes,No,Yes
P08932,35,Male,23.5,129,107,145,Low,No,Yes,No,No
P08933,51,Female,23.9,138,70,155,Medium,No,Yes,No,No
P08934,42,Female,32.4,129,134,89,Medium,No,Yes,No,Yes
P08935,78,Female,23.9,138,115,50,Medium,No,No,No,No
P08936,62,Female,16.8,122,65,91,Low,Yes,Yes,No,No
P08937,23,Female,28.5,123,145,20,Low,Yes,No,No,No
P08938,38,Male,30.1,111,100,130,High,Yes,No,No,No
P08939,75,Male,31.8,112,146,117,Medium,No,No,No,No
P08940,23,Male,27.8,148,206,75,High,No,No,Yes,Yes
P08941,49,Male,21.3,133,124,82,High,No,Yes,No,No
P08942,58,Female,23.0,97,128,155,Medium,Yes,No,No,No
P08943,65,Female,30.0,144,129,127,Medium,No,No,Yes,No
P08944,60,Female,34.3,127,121,171,Low,No,No,No,No
P08945,56,Female,21.3,111,84,66,Medium,Yes,No,No,No
P08946,48,Female,28.1,157,136,48,Medium,No,No,Yes,No
P08947,59,Male,24.2,148,105,121,High,No,No,Yes,No
P08948,27,Male,22.9,139,109,141,Medium,Yes,No,No,No
P08949,47,Male,27.2,128,99,119,Medium,No,No,No,No
P08950,74,Male,26.3,131,141,85,High,No,Yes,No,No
P08951,69,Male,16.9,86,98,238,Low,No,No,No,No
P08952,35,Female,28.0,138,138,197,Medium,No,No,No,No
P08953,77,Female,28.6,128,142,72,Medium,No,Yes,No,No
P08954,41,Female,30.7,129,127,78,Low,No,No,No,No
P08955,69,Female,24.1,129,76,71,Medium,No,Yes,No,No
P08956,78,Female,19.1,117,104,168,Low,Yes,No,No,No
P08957,26,Male,24.9,108,122,146,Low,No,Yes,No,No
P08958,48,Male,30.5,127,79,138,Medium,No,No,No,No
P08959,32,Male,26.6,101,136,98,Low,No,No,No,No
P08960,21,Female,31.2,130,175,145,Medium,Yes,No,No,No
P08961,80,Female,20.5,106,143,121,Low,Yes,No,No,No
P08962,57,Female,31.1,142,82,97,Medium,No,No,Yes,No
P08963,26,Female,28.2,99,210,122,Medium,Yes,No,No,No
P08964,62,Male,25.2,124,107,177,High,No,No,No,No
P08965,26,Female,32.4,126,134,141,Medium,Yes,No,No,No
P08966,43,Male,28.2,147,101,61,High,No,Yes,Yes,No
P08967,21,Female,22.1,130,132,67,Medium,No,No,No,No
P08968,34,Male,31.9,110,173,139,Medium,No,No,No,No
P08969,33,Female,25.8,109,88,75,High,No,No,No,No
P08970,32,Female,27.2,151,109,121,Low,No,No,Yes,No
P08971,52,Male,22.7,124,131,78,Medium,No,Yes,No,No
P08972,74,Male,26.7,122,65,142,High,No,No,No,No
P08973,69,Female,22.3,112,154,58,Low,No,No,No,No
P08974,22,Male,26.1,103,100,119,Low,Yes,No,No,No
P08975,72,Female,27.2,159,127,85,Medium,No,No,Yes,No
P08976,22,Female,30.0,126,86,103,High,No,No,No,No
P08977,37,Male,20.0,105,85,111,Medium,No,No,No,No
P08978,32,Female,32.0,138,125,156,Medium,No,Yes,No,No
P08979,35,Female,32.2,136,180,101,Medium,Yes,Yes,No,No
P08980,64,Male,26.1,103,92,149,Medium,No,Yes,No,Yes
P08981,19,Female,27.6,114,157,65,Medium,Yes,No,No,No
P08982,46,Female,28.5,133,171,31,Medium,Yes,No,No,No
P08983,30,Female,27.4,138,159,126,Medium,No,No,No,No
P08984,21,Female,30.0,111,119,91,High,No,No,No,No
P08985,59,Male,25.1,91,133,58,Low,Yes,Yes,No,No
P08986,62,Male,23.2,129,179,59,High,No,No,No,Yes
P08987,27,Male,29.1,140,158,65,High,No,Yes,Yes,No
P08988,78,Female,19.4,124,126,119,Low,Yes,No,No,No
P08989,48,Male,30.1,119,84,89,Medium,No,Yes,No,No
P08990,58,Male,30.6,154,189,40,High,No,No,Yes,Yes
P08991,25,Male,23.1,89,129,79,Medium,Yes,No,No,No
P08992,20,Female,34.1,138,106,71,Low,No,No,No,No
P08993,65,Male,25.2,139,143,57,High,No,No,No,No
P08994,80,Male,24.8,111,65,149,Medium,Yes,Yes,No,No
P08995,63,Female,23.7,85,149,101,Medium,No,Yes,No,No
P08996,26,Female,29.2,139,146,207,Medium,No,No,No,No
P08997,47,Female,25.0,131,137,139,High,No,No,No,No
P08998,70,Female,19.8,151,158,142,High,No,Yes,Yes,Yes
P08999,28,Female,28.7,115,135,112,Medium,No,No,No,No
P09000,52,Female,25.5,128,146,168,High,Yes,Yes,No,No
P09001,54,Male,32.4,95,149,161,Low,No,No,No,No
P09002,78,Male,28.5,138,162,115,High,No,Yes,No,Yes
P09003,59,Female,28.3,97,114,20,Low,No,Yes,No,No
P09004,30,Female,32.1,124,140,20,High,No,Yes,No,No
P09005,53,Male,27.8,106,109,72,Low,No,No,No,No
P09006,73,Female,30.9,131,136,115,Medium,No,No,No,No
P09007,30,Female,23.8,122,124,41,High,No,No,No,No
P09008,29,Male,35.2,121,93,124,Medium,Yes,No,No,No
P09009,54,Female,28.4,124,145,110,Low,No,Yes,No,No
P09010,27,Female,21.0,126,65,99,Medium,Yes,No,No,No
P09011,77,Male,27.7,150,87,108,Low,No,No,Yes,No
P09012,73,Male,27.9,133,150,20,Medium,No,No,No,No
P09013,26,Male,27.6,113,102,177,Medium,No,No,No,No
P09014,69,Male,16.0,114,144,89,Low,No,No,No,No
P09015,24,Male,24.3,143,205,113,Medium,No,No,Yes,Yes
P09016,19,Female,20.1,106,65,110,Low,No,No,No,No
P09017,71,Female,20.2,125,135,78,Low,No,Yes,No,No
P09018,73,Female,27.8,95,190,109,Medium,No,No,No,No
P09019,77,Female,24.2,123,134,60,Medium,Yes,No,No,No
P09020,40,Female,25.2,105,125,101,Low,No,No,No,No
P09021,56,Male,22.5,113,111,108,Medium,No,Yes,No,No
P09022,57,Female,33.9,128,97,92,High,Yes,No,No,No
P09023,56,Female,27.2,136,65,108,Medium,No,Yes,No,No
P09024,38,Female,19.4,112,108,134,Medium,No,Yes,No,No
P09025,40,Female,30.2,145,127,157,Low,No,No,Yes,No
P09026,46,Female,25.3,104,130,196,Medium,No,No,No,No
P09027,31,Male,33.0,139,158,134,Medium,No,Yes,No,No
P09028,43,Female,27.0,117,156,92,Medium,Yes,No,No,No
P09029,68,Female,23.5,142,133,54,Medium,No,Yes,Yes,No
P09030,22,Female,24.3,117,136,82,Medium,No,Yes,No,No
P09031,72,Female,25.0,112,123,44,Low,Yes,Yes,No,No
P09032,48,Female,29.4,136,99,92,Low,No,No,No,No
P09033,42,Female,23.1,133,158,118,High,No,No,No,No
P09034,48,Male,33.2,115,119,122,Medium,Yes,Yes,No,No
P09035,67,Female,28.8,135,134,114,Medium,Yes,No,No,No
P09036,37,Male,28.1,123,215,114,Medium,Yes,No,No,No
P09037,61,Male,27.4,128,157,119,Low,No,Yes,No,No
P09038,72,Female,26.9,131,118,160,Medium,No,Yes,No,No
P09039,34,Female,20.7,100,72,63,Medium,No,Yes,No,No
P09040,62,Female,28.5,125,164,74,High,No,No,No,No
P09041,19,Male,36.6,99,65,175,High,No,No,No,No
P09042,42,Female,30.5,106,110,75,Low,No,No,No,No
P09043,30,Female,29.2,123,65,166,Low,No,No,No,No
P09044,75,Female,19.3,143,108,163,Medium,Yes,Yes,Yes,No
P09045,56,Male,32.4,121,107,79,Low,Yes,No,No,No
P09046,45,Male,31.0,119,130,116,Medium,No,No,No,No
P09047,59,Female,32.8,117,118,132,Low,Yes,No,No,No
P09048,72,Male,22.5,132,158,191,Low,No,Yes,No,Yes
P09049,23,Female,25.0,105,147,103,Low,No,No,No,No
P09050,20,Male,19.6,100,154,101,Low,No,Yes,No,No
P09051,75,Female,19.1,149,76,139,Low,No,Yes,Yes,Yes
P09052,52,Male,24.1,132,120,72,High,No,No,No,No
P09053,35,Female,29.3,112,147,105,Low,No,No,No,No
P09054,28,Female,24.9,113,128,20,Medium,No,No,No,No
P09055,71,Male,23.7,115,104,210,Medium,No,Yes,No,No
P09056,37,Male,28.7,101,99,177,Low,No,No,No,No
P09057,22,Male,16.0,119,190,104,High,Yes,No,No,No
P09058,36,Male,24.3,125,141,63,Medium,No,Yes,No,No
P09059,39,Male,28.7,149,65,61,Low,No,Yes,Yes,No
P09060,76,Female,25.0,127,81,131,Low,Yes,Yes,No,No
P09061,77,Female,33.5,138,65,64,Medium,No,No,No,No
P09062,36,Male,23.7,120,76,51,High,No,Yes,No,No
P09063,79,Female,24.0,117,84,44,Low,No,No,No,No
P09064,64,Female,22.1,125,168,110,Medium,No,No,No,No
P09065,79,Male,23.2,140,144,116,Medium,No,No,Yes,No
P09066,33,Female,28.4,114,95,193,Medium,No,No,No,No
P09067,41,Female,31.0,129,97,75,Medium,No,No,No,No
P09068,58,Male,37.8,129,104,130,Medium,No,Yes,No,No
P09069,21,Male,29.9,125,94,74,Low,No,Yes,No,No
P09070,32,Female,21.1,141,115,66,Medium,No,No,Yes,No
P09071,42,Male,33.2,126,96,125,Medium,No,No,No,No
P09072,61,Female,29.4,122,117,151,Medium,No,Yes,No,No
P09073,72,Male,27.1,124,79,98,Medium,No,No,No,No
P09074,52,Male,32.3,87,123,47,Medium,No,No,No,No
P09075,72,Male,38.8,122,133,140,Medium,Yes,No,No,No
P09076,31,Male,26.1,106,89,129,High,No,No,No,No
P09077,66,Female,22.8,121,100,133,Low,Yes,Yes,No,Yes
P09078,36,Male,33.6,125,118,185,Medium,No,Yes,No,No
P09079,55,Male,40.3,133,155,66,Medium,No,No,No,No
P09080,53,Female,27.7,161,165,139,Medium,No,Yes,Yes,Yes
P09081,24,Female,27.2,149,121,134,High,Yes,No,Yes,No
P09082,47,Female,27.9,125,135,104,Medium,No,Yes,No,No
P09083,36,Female,29.2,135,120,109,Medium,No,No,No,No
P09084,66,Male,20.0,118,168,125,Medium,No,No,No,No
P09085,42,Female,28.5,128,183,133,Low,No,Yes,No,No
P09086,33,Male,28.4,129,153,69,Low,No,No,No,No
P09087,64,Female,28.1,107,140,149,High,No,No,No,No
P09088,71,Male,27.8,117,140,130,Low,Yes,Yes,No,Yes
P09089,57,Female,27.5,94,130,78,Medium,No,No,No,No
P09090,68,Male,16.5,122,98,124,Medium,No,Yes,No,No
P09091,25,Male,23.4,124,106,127,Low,No,No,No,No
P09092,35,Female,31.3,124,134,125,Medium,No,Yes,No,No
P09093,45,Male,32.5,107,107,104,Low,No,No,No,No
P09094,33,Male,24.9,124,78,63,Medium,No,Yes,No,No
P09095,69,Male,22.2,128,118,68,Medium,No,No,No,No
P09096,36,Male,30.6,133,69,180,High,No,No,No,No
P09097,59,Female,28.4,130,192,108,High,Yes,No,No,No
P09098,34,Male,26.4,119,105,150,Medium,No,No,No,No
P09099,80,Male,31.3,122,124,109,Low,No,Yes,No,No
P09100,62,Female,21.1,130,167,58,Medium,No,Yes,No,No
P09101,30,Female,32.8,117,211,131,Medium,Yes,No,No,No
P09102,24,Female,19.5,110,118,109,Low,No,No,No,No
P09103,44,Male,22.9,118,97,147,High,No,Yes,No,No
P09104,27,Male,21.8,132,148,97,Low,No,Yes,No,No
P09105,51,Female,24.1,138,124,82,High,No,Yes,No,No
P09106,53,Male,28.5,142,120,20,Medium,No,No,Yes,No
P09107,42,Female,30.4,110,132,138,High,No,No,No,No
P09108,23,Male,26.6,160,140,120,Medium,No,No,Yes,No
P09109,41,Female,20.6,112,196,80,Medium,No,Yes,No,No
P09110,35,Male,17.0,121,78,125,Medium,No,Yes,No,No
P09111,40,Female,31.2,146,193,60,Medium,No,Yes,Yes,Yes
P09112,23,Male,30.6,95,117,197,Low,No,Yes,No,No
P09113,46,Female,32.4,127,156,24,Medium,No,No,No,No
P09114,79,Male,26.3,120,130,84,High,No,Yes,No,No
P09115,42,Male,30.3,100,126,91,High,Yes,No,No,No
P09116,72,Male,23.8,100,132,90,High,No,Yes,No,No
P09117,34,Female,29.4,145,97,101,Medium,Yes,Yes,Yes,Yes
P09118,63,Male,24.6,134,181,104,Medium,No,Yes,No,No
P09119,41,Male,22.9,142,145,112,High,Yes,No,Yes,No
P09120,28,Male,28.2,106,138,91,Low,Yes,No,No,No
P09121,43,Female,27.9,130,114,69,Medium,No,Yes,No,No
P09122,80,Male,31.6,166,77,116,Medium,No,Yes,Yes,No
P09123,68,Female,20.6,121,149,194,Low,Yes,No,No,No
P09124,79,Male,31.6,126,151,49,Medium,No,No,No,Yes
P09125,51,Female,27.6,125,146,86,Low,No,No,No,Yes
P09126,45,Female,32.3,123,128,130,Medium,No,Yes,No,No
P09127,20,Male,32.3,111,117,166,Medium,No,No,No,No
P09128,28,Female,16.0,126,168,254,Medium,No,No,No,No
P09129,55,Female,32.2,154,142,158,Medium,No,No,Yes,No
P09130,78,Male,32.5,124,135,71,Medium,No,No,No,No
P09131,31,Female,20.7,147,74,145,High,No,No,Yes,No
P09132,68,Female,19.2,176,65,122,Medium,No,No,Yes,No
P09133,43,Female,30.9,110,206,62,Medium,No,Yes,No,No
P09134,65,Female,27.6,135,154,85,Low,Yes,No,No,Yes
P09135,38,Male,23.8,104,170,23,High,Yes,No,No,No
P09136,71,Female,34.2,122,68,28,Medium,No,Yes,No,No
P09137,73,Female,28.5,170,160,74,Low,No,No,Yes,No
P09138,56,Male,16.6,137,115,111,Medium,No,No,No,No
P09139,47,Male,21.9,131,129,152,Low,No,No,No,No
P09140,76,Female,32.2,104,144,90,Medium,No,Yes,No,No
P09141,25,Male,27.2,114,131,65,Low,No,Yes,No,No
P09142,68,Male,23.4,110,131,193,Low,No,No,No,No
P09143,37,Male,29.3,106,94,55,Low,Yes,No,No,No
P09144,65,Male,24.0,140,146,62,Medium,No,No,Yes,No
P09145,49,Male,20.8,137,94,85,High,No,Yes,No,No
P09146,39,Male,32.1,122,96,175,Low,No,Yes,No,No
P09147,76,Male,32.8,115,129,138,Medium,Yes,No,No,Yes
P09148,24,Male,29.4,138,81,79,Low,No,No,No,No
P09149,26,Male,19.3,155,166,97,Low,Yes,No,Yes,Yes
P09150,62,Female,36.3,143,166,101,Low,Yes,Yes,Yes,Yes
P09151,18,Female,36.1,127,110,27,Low,No,No,No,No
P09152,46,Female,33.4,142,116,122,Medium,Yes,No,Yes,No
P09153,80,Female,28.5,142,126,105,High,No,Yes,Yes,No
P09154,25,Female,27.5,128,65,96,High,Yes,No,No,No
P09155,73,Male,29.2,128,73,118,Low,No,Yes,No,No
P09156,71,Male,21.3,115,150,140,Medium,No,Yes,No,No
P09157,21,Female,24.3,140,139,103,High,Yes,No,Yes,No
P09158,52,Female,24.1,122,112,98,Low,No,No,No,Yes
P09159,76,Male,30.0,107,110,140,Low,No,Yes,No,No
P09160,20,Female,28.2,108,150,53,Medium,No,No,No,No
P09161,71,Male,22.2,124,65,48,Low,Yes,No,No,No
P09162,62,Female,19.0,108,191,97,High,No,Yes,No,No
P09163,57,Male,28.8,174,157,139,Low,Yes,No,Yes,No
P09164,24,Female,21.7,134,111,102,Medium,No,No,No,No
P09165,44,Male,20.7,116,138,151,Medium,No,No,No,No
P09166,18,Female,37.5,128,173,94,Medium,Yes,No,No,No
P09167,44,Female,38.5,138,88,178,Low,Yes,No,No,Yes
P09168,33,Male,24.8,129,170,98,Low,No,No,No,Yes
P09169,55,Male,17.9,108,124,136,High,No,No,No,No
P09170,24,Female,33.1,123,149,139,Medium,No,Yes,No,No
P09171,61,Female,28.7,121,156,125,Low,No,No,No,Yes
P09172,40,Male,30.9,117,131,111,Low,No,Yes,No,No
P09173,58,Male,23.8,110,163,96,Low,No,Yes,No,Yes
P09174,76,Male,21.8,141,110,125,Medium,No,No,Yes,No
P09175,28,Female,25.8,133,124,153,Medium,No,Yes,No,No
P09176,59,Female,27.9,133,98,161,Low,Yes,No,No,No
P09177,70,Male,23.3,92,101,76,Low,Yes,No,No,No
P09178,50,Female,33.5,118,132,68,Low,No,No,No,No
P09179,67,Female,18.3,147,155,56,Low,No,Yes,Yes,Yes
P09180,80,Male,29.0,132,80,50,Medium,No,No,No,No
P09181,53,Female,27.6,104,139,124,Medium,No,No,No,No
P09182,54,Male,33.1,155,166,132,Low,No,No,Yes,Yes
P09183,58,Male,22.2,85,171,162,Medium,Yes,No,No,No
P09184,76,Female,30.5,127,121,107,Low,Yes,No,No,No
P09185,80,Female,29.4,156,88,90,High,No,Yes,Yes,Yes
P09186,34,Male,28.2,97,148,190,High,Yes,No,No,No
P09187,52,Male,22.6,116,141,91,Low,Yes,No,No,No
P09188,65,Male,23.1,100,125,45,Medium,No,Yes,No,No
P09189,22,Female,25.5,150,115,75,Medium,No,Yes,Yes,Yes
P09190,65,Male,24.5,110,137,64,High,Yes,Yes,No,No
P09191,49,Male,33.3,143,140,148,Low,No,No,Yes,Yes
P09192,20,Male,27.7,150,111,69,Medium,Yes,No,Yes,No
P09193,69,Male,31.0,102,117,171,Medium,Yes,Yes,No,No
P09194,64,Female,19.7,98,76,107,Medium,No,Yes,No,No
P09195,79,Female,17.8,134,136,117,Low,No,No,No,No
P09196,52,Male,26.1,139,140,147,Medium,No,No,No,No
P09197,69,Female,20.6,124,82,153,Low,Yes,Yes,No,No
P09198,31,Female,27.2,125,121,92,Low,No,No,No,No
P09199,80,Female,22.8,152,107,155,Low,No,Yes,Yes,No
P09200,65,Male,28.5,121,165,114,Medium,No,No,No,No
P09201,78,Female,23.1,150,81,126,Medium,No,No,Yes,No
P09202,78,Female,29.8,115,164,32,Medium,Yes,No,No,No
P09203,48,Male,22.6,168,170,135,Low,No,Yes,Yes,Yes
P09204,48,Male,17.7,109,65,61,Medium,Yes,No,No,No
P09205,34,Female,31.3,146,147,166,Low,No,No,Yes,Yes
P09206,77,Female,23.2,108,143,200,High,No,Yes,No,No
P09207,41,Male,33.9,139,72,45,Medium,No,No,No,No
P09208,69,Male,23.8,125,114,172,Medium,Yes,Yes,No,No
P09209,40,Male,22.9,130,110,129,Low,No,No,No,No
P09210,35,Male,25.6,137,92,81,Medium,Yes,Yes,No,No
P09211,67,Female,24.2,129,103,31,High,Yes,Yes,No,No
P09212,71,Male,27.6,128,155,20,Low,No,No,No,No
P09213,31,Female,29.0,92,128,157,Medium,Yes,Yes,No,No
P09214,67,Female,29.8,150,104,161,Medium,Yes,No,Yes,No
P09215,32,Female,26.6,153,85,79,Low,No,Yes,Yes,No
P09216,32,Male,19.5,123,154,69,Medium,No,No,No,No
P09217,23,Male,35.6,135,184,106,Medium,No,No,No,Yes
P09218,44,Female,25.2,150,117,101,Low,No,Yes,Yes,No
P09219,32,Female,24.9,136,122,149,Medium,No,No,No,No
P09220,67,Female,26.6,115,214,105,Medium,No,No,No,No
P09221,53,Female,25.7,103,154,149,High,No,No,No,No
P09222,72,Female,18.3,136,164,74,Low,No,No,No,Yes
P09223,25,Male,29.9,128,105,114,High,No,Yes,No,No
P09224,32,Male,22.9,125,95,136,Medium,No,No,No,No
P09225,20,Male,25.4,111,170,90,Medium,No,Yes,No,No
P09226,79,Female,35.8,119,141,101,Medium,No,No,No,No
P09227,64,Female,31.7,131,132,193,Medium,No,No,No,No
P09228,30,Male,35.1,120,140,167,Medium,No,No,No,No
P09229,58,Male,23.6,126,185,52,Low,Yes,Yes,No,No
P09230,51,Female,30.7,124,99,118,High,No,Yes,No,No
P09231,41,Male,29.0,137,131,20,High,No,No,No,No
P09232,57,Male,26.7,99,101,126,High,No,Yes,No,No
P09233,49,Male,23.2,119,135,67,Low,Yes,Yes,No,No
P09234,78,Female,32.4,105,153,96,High,No,No,No,No
P09235,49,Female,24.4,128,136,131,High,Yes,No,No,No
P09236,47,Male,27.7,110,186,117,Medium,No,Yes,No,Yes
P09237,69,Female,31.6,142,107,68,High,No,Yes,Yes,No
P09238,66,Male,22.1,118,144,45,Low,No,Yes,No,No
P09239,30,Male,21.6,115,170,124,Low,No,No,No,No
P09240,18,Female,39.6,110,112,73,Low,No,No,No,No
P09241,51,Female,22.7,130,109,94,Low,No,Yes,No,No
P09242,79,Female,35.1,102,120,50,Medium,No,No,No,No
P09243,32,Male,26.7,123,74,20,High,Yes,Yes,No,No
P09244,61,Male,24.9,123,165,133,Low,No,No,No,No
P09245,31,Male,25.4,116,131,84,Medium,No,No,No,No
P09246,74,Female,26.7,129,66,70,Medium,Yes,No,No,No
P09247,46,Male,33.7,117,110,167,Low,Yes,No,No,No
P09248,51,Male,30.8,130,171,141,High,No,Yes,No,No
P09249,35,Male,25.9,115,114,123,High,Yes,No,No,No
P09250,71,Male,17.7,112,180,109,Low,No,No,No,No
P09251,24,Female,27.1,130,115,45,Medium,No,No,No,No
P09252,46,Female,27.7,140,74,130,Low,No,No,Yes,No
P09253,72,Female,33.3,176,65,162,Medium,No,Yes,Yes,Yes
P09254,48,Male,19.6,119,198,103,Medium,No,Yes,No,No
P09255,78,Male,24.5,139,96,158,Low,No,Yes,No,Yes
P09256,42,Male,24.4,117,104,66,Medium,No,No,No,No
P09257,55,Female,26.7,139,121,38,High,No,No,No,No
P09258,31,Female,27.5,148,134,77,Medium,No,Yes,Yes,No
P09259,25,Female,29.2,127,90,115,Medium,No,No,No,No
P09260,44,Female,17.5,138,170,105,Low,No,No,No,No
P09261,71,Female,27.9,133,136,92,Low,No,No,No,Yes
P09262,19,Male,28.2,125,168,129,Medium,No,Yes,No,No
P09263,34,Female,27.4,117,65,100,Medium,No,No,No,No
P09264,54,Female,26.1,119,142,42,Medium,No,No,No,No
P09265,31,Female,16.0,101,139,128,Medium,No,No,No,No
P09266,42,Male,29.8,144,124,76,Low,No,No,Yes,No
P09267,73,Female,22.1,159,107,112,Low,No,No,Yes,Yes
P09268,47,Female,30.1,100,73,88,High,Yes,No,No,No
P09269,46,Female,33.3,144,77,41,Low,No,No,Yes,No
P09270,37,Male,18.6,124,170,121,High,No,No,No,Yes
P09271,38,Male,29.9,113,138,75,Low,No,No,No,No
P09272,78,Female,20.8,128,118,63,Medium,No,No,No,No
P09273,70,Female,26.8,111,116,85,Low,Yes,No,No,No
P09274,39,Female,26.4,129,161,122,Medium,No,No,No,No
P09275,52,Female,30.8,120,159,106,High,Yes,No,No,Yes
P09276,54,Male,30.0,119,96,57,High,No,No,No,No
P09277,33,Female,28.3,146,75,89,Medium,No,Yes,Yes,No
P09278,67,Male,18.8,94,138,126,Medium,Yes,Yes,No,No
P09279,75,Female,16.0,115,168,104,High,No,No,No,No
P09280,66,Male,31.6,89,149,61,Low,No,Yes,No,No
P09281,60,Male,30.7,127,183,138,Medium,No,Yes,No,No
P09282,34,Female,22.0,116,119,170,Medium,No,No,No,No
P09283,33,Male,28.7,112,135,82,Low,No,No,No,No
P09284,75,Female,26.0,130,123,101,Low,No,No,No,Yes
P09285,72,Male,32.4,136,152,127,Low,No,Yes,No,Yes
P09286,19,Male,27.4,146,100,94,Medium,No,Yes,Yes,No
P09287,21,Female,31.5,178,132,129,Medium,Yes,No,Yes,No
P09288,38,Female,23.9,115,183,45,Low,No,No,No,No
P09289,56,Male,28.4,113,99,104,Medium,No,No,No,No
P09290,51,Male,24.9,125,65,146,Medium,No,Yes,No,No
P09291,47,Female,23.9,127,143,55,Low,Yes,No,No,No
P09292,23,Female,16.0,156,203,97,High,No,Yes,Yes,Yes
P09293,34,Female,31.6,134,101,47,Low,No,No,No,No
P09294,56,Male,35.7,108,170,102,Medium,No,No,No,No
P09295,42,Female,20.1,107,125,142,Medium,No,No,No,No
P09296,22,Female,30.5,137,91,91,Medium,No,No,No,No
P09297,22,Male,30.3,121,149,140,Low,No,Yes,No,Yes
P09298,37,Female,24.4,150,75,151,Medium,No,Yes,Yes,No
P09299,33,Female,23.3,134,178,25,Low,No,Yes,No,Yes
P09300,68,Female,32.9,106,129,72,Medium,Yes,Yes,No,No
P09301,58,Female,32.4,104,65,46,Low,No,No,No,No
P09302,54,Male,29.3,131,190,110,Low,No,No,No,No
P09303,57,Female,24.4,119,155,152,Low,No,Yes,No,No
P09304,26,Female,32.4,146,136,118,Medium,No,Yes,Yes,No
P09305,22,Female,22.8,131,156,123,Medium,No,Yes,No,No
P09306,59,Female,34.1,131,65,87,High,Yes,Yes,No,No
P09307,74,Female,35.2,103,103,134,Low,No,Yes,No,No
P09308,19,Female,32.9,116,213,114,Medium,No,No,No,No
P09309,26,Male,28.7,124,130,161,Medium,No,Yes,No,No
P09310,60,Male,16.0,91,103,113,High,No,Yes,No,No
P09311,53,Male,26.1,136,131,39,Medium,No,No,No,No
P09312,39,Female,35.8,140,87,50,Low,No,No,Yes,No
P09313,39,Female,31.7,115,180,55,Medium,No,No,No,No
P09314,39,Female,29.2,148,109,79,Low,No,Yes,Yes,Yes
P09315,51,Male,23.6,147,70,173,Low,Yes,No,Yes,No
P09316,72,Female,32.1,134,131,157,Low,No,No,No,No
P09317,46,Male,19.1,124,160,124,Medium,No,Yes,No,No
P09318,55,Female,26.1,143,149,141,Low,No,Yes,Yes,No
P09319,76,Female,35.7,98,76,137,High,No,No,No,No
P09320,63,Male,23.0,126,92,152,Medium,Yes,No,No,No
P09321,50,Male,30.0,110,65,58,Medium,No,No,No,No
P09322,35,Male,18.2,113,150,163,Medium,Yes,No,No,No
P09323,24,Male,23.7,133,141,109,Low,Yes,No,No,No
P09324,18,Male,27.9,111,145,119,Low,No,No,No,No
P09325,80,Male,28.8,97,110,155,High,No,Yes,No,No
P09326,50,Female,37.3,165,65,118,High,No,Yes,Yes,Yes
P09327,18,Male,24.5,114,97,66,Medium,Yes,Yes,No,No
P09328,41,Female,30.0,110,164,97,Low,No,Yes,No,Yes
P09329,21,Female,29.8,146,138,137,Low,No,No,Yes,No
P09330,21,Female,24.1,114,65,78,Medium,Yes,No,No,No
P09331,78,Female,31.8,102,115,79,Low,No,No,No,No
P09332,35,Female,30.3,109,145,121,Medium,Yes,Yes,No,No
P09333,44,Male,25.6,117,121,113,Low,No,Yes,No,No
P09334,60,Male,28.0,106,75,76,Low,No,Yes,No,No
P09335,76,Male,22.2,110,108,165,Low,No,No,No,No
P09336,49,Female,22.6,117,99,114,Medium,No,No,No,No
P09337,50,Male,26.9,142,126,20,High,No,No,Yes,No
P09338,45,Female,30.7,162,135,124,Medium,No,Yes,Yes,Yes
P09339,59,Female,25.3,145,102,134,High,No,Yes,Yes,No
P09340,58,Female,23.9,121,148,137,High,Yes,Yes,No,No
P09341,72,Female,25.8,100,182,86,Medium,Yes,No,No,No
P09342,53,Male,31.1,138,234,63,Low,No,No,No,Yes
P09343,77,Male,20.2,107,92,107,Medium,No,No,No,No
P09344,23,Male,31.3,118,128,114,Medium,No,Yes,No,No
P09345,79,Male,29.6,154,65,139,Low,No,No,Yes,No
P09346,33,Male,20.2,156,108,120,Medium,Yes,Yes,Yes,No
P09347,51,Female,25.8,128,170,155,Low,No,No,No,Yes
P09348,40,Male,30.2,147,65,157,Medium,No,No,Yes,No
P09349,67,Female,17.4,146,110,106,Medium,No,Yes,Yes,No
P09350,59,Female,21.8,137,124,61,Low,No,No,No,No
P09351,41,Female,19.4,120,70,151,Medium,No,No,No,No
P09352,73,Male,24.1,115,138,131,Medium,No,No,No,No
P09353,66,Female,32.2,126,134,60,Medium,No,No,No,No
P09354,30,Female,31.0,102,104,95,Medium,No,No,No,No
P09355,73,Male,24.5,116,148,59,High,Yes,No,No,No
P09356,35,Female,32.1,136,96,20,Medium,No,No,No,No
P09357,71,Female,30.3,114,141,61,Medium,Yes,No,No,No
P09358,30,Female,33.4,153,125,20,High,No,Yes,Yes,No
P09359,66,Male,26.6,129,133,126,Low,No,Yes,No,No
P09360,54,Female,29.7,139,116,107,Low,No,No,No,No
P09361,60,Female,43.9,121,78,67,Low,No,Yes,No,No
P09362,56,Male,25.5,136,76,138,Medium,No,Yes,No,No
P09363,78,Male,26.7,105,98,41,High,No,No,No,No
P09364,59,Female,26.2,133,106,161,High,No,No,No,No
P09365,34,Male,26.5,134,135,84,Medium,No,No,No,No
P09366,32,Male,29.8,148,124,124,Low,No,No,Yes,No
P09367,35,Male,27.3,89,109,58,High,No,Yes,No,No
P09368,40,Male,20.2,113,65,110,High,Yes,No,No,No
P09369,71,Male,27.1,93,101,100,Low,No,Yes,No,No
P09370,68,Male,24.4,110,84,92,High,Yes,Yes,No,No
P09371,47,Male,18.4,123,186,84,Medium,No,No,No,No
P09372,75,Female,32.7,136,128,123,Low,No,No,No,No
P09373,51,Male,24.3,165,180,65,High,No,Yes,Yes,Yes
P09374,75,Male,28.9,149,128,20,Low,Yes,Yes,Yes,Yes
P09375,21,Male,16.0,116,190,102,Low,No,No,No,No
P09376,20,Female,29.5,138,136,153,High,No,No,No,No
P09377,24,Male,25.4,147,137,29,Low,No,Yes,Yes,No
P09378,73,Male,19.2,123,193,109,Medium,No,Yes,No,No
P09379,35,Female,24.2,124,100,105,High,No,No,No,No
P09380,59,Male,23.6,121,102,129,High,No,No,No,No
P09381,24,Female,30.8,134,129,109,Low,No,Yes,No,No
P09382,57,Female,27.5,132,227,74,Medium,No,No,No,Yes
P09383,23,Male,19.4,128,112,32,Low,Yes,No,No,No
P09384,39,Female,29.2,156,136,109,Low,No,Yes,Yes,Yes
P09385,75,Male,16.6,143,157,75,High,No,Yes,Yes,No
P09386,18,Male,21.4,96,181,66,Medium,Yes,Yes,No,No
P09387,21,Female,27.1,93,156,109,Low,No,No,No,No
P09388,63,Female,23.9,133,177,56,Medium,No,No,No,No
P09389,66,Male,33.0,123,152,110,Low,No,No,No,No
P09390,69,Male,27.8,94,129,129,High,No,Yes,No,No
P09391,67,Female,30.1,91,87,37,Medium,No,Yes,No,No
P09392,60,Male,30.3,121,107,148,Medium,No,No,No,No
P09393,46,Male,24.8,130,112,104,Medium,No,No,No,No
P09394,38,Male,21.7,130,135,151,High,No,No,No,No
P09395,43,Female,26.8,114,143,91,High,No,Yes,No,No
P09396,31,Male,31.3,115,192,188,High,No,No,No,No
P09397,26,Male,25.8,116,65,171,Medium,No,No,No,No
P09398,76,Male,30.0,134,123,105,High,No,Yes,No,Yes
P09399,64,Female,26.9,97,192,98,Medium,Yes,No,No,No
P09400,29,Female,19.2,125,77,20,Medium,No,Yes,No,No
P09401,59,Female,19.7,143,100,96,Medium,No,Yes,Yes,No
P09402,68,Male,34.8,119,141,117,Medium,No,No,No,No
P09403,73,Female,21.2,128,155,104,Medium,Yes,Yes,No,No
P09404,68,Male,23.8,132,77,113,Low,No,Yes,No,No
P09405,23,Female,31.6,113,179,127,Low,No,No,No,No
P09406,37,Male,21.0,123,145,92,High,No,No,No,No
P09407,41,Female,23.6,102,76,115,Medium,Yes,Yes,No,No
P09408,44,Male,25.9,134,165,76,High,No,No,No,Yes
P09409,55,Male,25.3,128,161,50,Medium,No,No,No,No
P09410,25,Female,22.1,146,125,180,Low,No,No,Yes,No
P09411,18,Male,26.0,141,109,51,Low,Yes,Yes,Yes,No
P09412,71,Female,30.4,146,84,93,Medium,No,No,Yes,No
P09413,66,Female,26.4,147,111,139,Low,No,No,Yes,Yes
P09414,66,Male,23.7,112,161,93,Low,No,No,No,No
P09415,41,Male,31.7,134,65,131,Low,Yes,No,No,No
P09416,64,Female,35.5,137,96,153,Medium,No,No,No,No
P09417,24,Female,31.8,114,135,108,Low,No,Yes,No,No
P09418,36,Female,21.4,147,150,126,Low,No,Yes,Yes,Yes
P09419,39,Male,21.5,123,148,130,Medium,No,No,No,No
P09420,80,Female,29.2,137,98,67,High,No,No,No,No
P09421,74,Male,27.9,145,121,42,High,Yes,No,Yes,No
P09422,72,Male,20.9,133,109,196,High,No,No,No,No
P09423,77,Female,28.4,158,134,125,Low,No,No,Yes,Yes
P09424,52,Female,27.5,169,145,66,Low,No,Yes,Yes,Yes
P09425,79,Male,34.4,125,119,199,Low,No,Yes,No,No
P09426,47,Male,24.8,142,129,38,Medium,Yes,No,Yes,Yes
P09427,46,Male,33.9,168,125,66,High,Yes,Yes,Yes,No
P09428,39,Male,34.2,114,70,84,Medium,Yes,Yes,No,No
P09429,28,Female,23.6,85,170,149,Low,No,No,No,No
P09430,37,Male,28.8,142,161,87,High,No,No,Yes,No
P09431,79,Female,25.9,118,65,100,Medium,No,No,No,No
P09432,46,Female,25.7,103,199,50,Low,No,No,No,No
P09433,68,Female,28.2,112,139,97,Medium,Yes,Yes,No,No
P09434,58,Male,23.1,97,144,93,Low,Yes,No,No,No
P09435,59,Male,19.0,156,107,33,Low,No,Yes,Yes,Yes
P09436,51,Female,24.3,151,129,91,Medium,No,No,Yes,No
P09437,18,Female,32.9,121,144,65,Medium,No,Yes,No,No
P09438,48,Female,26.0,122,189,170,Low,No,No,No,No
P09439,47,Female,26.9,129,87,117,Medium,No,No,No,No
P09440,65,Male,31.0,155,164,171,Medium,No,No,Yes,Yes
P09441,35,Female,19.0,106,110,20,High,No,No,No,No
P09442,72,Male,29.2,122,175,58,Medium,Yes,Yes,No,Yes
P09443,75,Male,35.3,147,74,72,Low,No,Yes,Yes,Yes
P09444,34,Male,27.5,119,122,68,Low,No,No,No,No
P09445,55,Male,17.4,110,65,119,High,Yes,No,No,No
P09446,31,Female,26.6,128,102,92,Low,No,No,No,No
P09447,40,Male,30.1,93,108,60,High,Yes,No,No,No
P09448,42,Female,27.6,132,140,233,Medium,No,No,No,No
P09449,32,Male,28.4,120,70,114,Medium,No,No,No,No
P09450,63,Female,29.0,136,183,20,Medium,Yes,Yes,No,No
P09451,73,Female,22.3,112,189,138,Low,No,No,No,Yes
P09452,39,Female,23.0,133,130,213,Medium,No,Yes,No,No
P09453,20,Female,25.2,129,79,138,Low,No,Yes,No,No
P09454,73,Female,29.0,104,75,58,Medium,No,No,No,No
P09455,72,Male,21.1,108,128,85,Low,Yes,No,No,No
P09456,36,Female,37.3,147,97,142,Low,No,No,Yes,No
P09457,74,Male,16.0,142,170,63,Low,Yes,Yes,Yes,Yes
P09458,61,Female,18.5,94,113,98,Low,No,Yes,No,No
P09459,51,Male,29.8,117,141,64,Low,No,No,No,Yes
P09460,52,Male,29.3,131,123,132,Low,Yes,No,No,No
P09461,67,Male,26.6,135,106,141,High,No,Yes,No,No
P09462,78,Female,30.4,130,98,165,Medium,No,No,No,No
P09463,18,Male,29.8,132,85,151,High,No,No,No,No
P09464,69,Female,27.0,119,112,169,High,No,No,No,No
P09465,38,Female,28.3,128,127,178,Medium,No,No,No,No
P09466,46,Male,16.0,107,133,42,Medium,Yes,Yes,No,Yes
P09467,23,Male,26.3,118,126,70,Medium,No,No,No,No
P09468,54,Female,26.8,87,118,64,Medium,No,Yes,No,No
P09469,18,Female,36.6,106,65,112,Medium,No,No,No,No
P09470,68,Female,22.9,109,166,77,Medium,No,No,No,No
P09471,18,Female,26.8,110,71,88,Medium,Yes,Yes,No,No
P09472,44,Female,34.1,138,143,153,High,No,Yes,No,No
P09473,38,Female,29.8,97,168,130,Medium,No,Yes,No,No
P09474,70,Male,27.1,114,167,83,Low,No,No,No,No
P09475,33,Female,31.8,137,153,141,Low,No,Yes,No,No
P09476,61,Female,23.0,101,128,118,Medium,No,No,No,No
P09477,76,Male,35.6,148,93,118,Low,No,Yes,Yes,No
P09478,78,Male,30.2,128,76,135,High,Yes,No,No,No
P09479,71,Male,18.9,137,126,20,Medium,No,No,No,No
P09480,57,Female,24.0,108,101,65,Medium,No,No,No,No
P09481,43,Male,16.2,111,107,59,Low,No,Yes,No,No
P09482,33,Male,31.0,122,149,106,Medium,Yes,Yes,No,No
P09483,45,Female,29.8,140,119,140,Medium,No,No,Yes,No
P09484,18,Female,24.7,139,99,82,High,No,Yes,No,No
P09485,53,Female,33.0,132,230,63,High,No,No,No,Yes
P09486,27,Female,26.6,121,113,20,Medium,No,No,No,No
P09487,60,Male,40.1,111,152,122,Low,No,No,No,No
P09488,34,Female,21.0,144,149,52,Medium,Yes,Yes,Yes,Yes
P09489,74,Male,30.2,119,110,119,Low,No,No,No,No
P09490,76,Female,25.0,97,101,65,Medium,No,No,No,No
P09491,40,Male,23.6,108,68,130,Medium,No,No,No,No
P09492,24,Female,26.1,112,134,121,Medium,No,Yes,No,No
P09493,61,Female,28.8,119,126,25,Low,No,No,No,No
P09494,70,Female,27.3,124,83,144,Medium,No,No,No,No
P09495,24,Male,30.4,100,169,118,Low,Yes,No,No,No
P09496,61,Male,30.0,116,147,154,Low,No,Yes,No,Yes
P09497,32,Male,34.3,119,126,43,Medium,No,No,No,No
P09498,51,Female,21.0,121,112,55,Medium,Yes,No,No,No
P09499,63,Male,19.2,111,118,88,Medium,Yes,Yes,No,No
P09500,62,Female,26.7,170,84,98,High,No,No,Yes,No
P09501,21,Female,23.0,119,104,93,Medium,No,No,No,No
P09502,31,Female,31.4,114,150,20,Low,No,No,No,No
P09503,31,Male,21.7,105,119,117,Low,No,No,No,No
P09504,33,Female,24.3,139,200,92,Medium,No,No,No,No
P09505,24,Male,25.3,92,104,88,High,Yes,Yes,No,No
P09506,49,Female,35.8,93,122,106,Low,No,No,No,No
P09507,36,Female,37.5,124,142,116,Low,No,No,No,No
P09508,19,Female,21.3,133,147,100,Medium,Yes,Yes,No,No
P09509,27,Male,16.0,123,116,61,Low,Yes,No,No,No
P09510,67,Male,24.1,162,100,43,Medium,No,No,Yes,Yes
P09511,78,Female,26.8,116,115,145,Low,No,Yes,No,No
P09512,34,Male,26.8,120,140,61,Low,No,Yes,No,No
P09513,54,Male,26.6,124,116,49,High,No,No,No,No
P09514,29,Female,31.1,126,210,106,Medium,No,No,No,Yes
P09515,23,Female,25.0,123,115,127,Low,No,No,No,No
P09516,39,Male,28.1,122,134,162,Medium,No,No,No,No
P09517,49,Female,30.2,101,126,66,Low,No,Yes,No,No
P09518,58,Female,28.1,137,118,72,Medium,No,No,No,No
P09519,37,Male,30.4,143,156,114,High,No,No,Yes,No
P09520,18,Male,18.5,117,90,134,Medium,No,Yes,No,No
P09521,71,Female,27.6,124,208,79,Medium,No,No,No,No
P09522,64,Male,28.1,153,101,135,Low,No,Yes,Yes,Yes
P09523,70,Male,26.2,111,142,78,Low,No,Yes,No,No
P09524,75,Female,24.0,129,132,110,Medium,Yes,No,No,No
P09525,23,Female,29.3,127,124,46,Medium,Yes,No,No,No
P09526,36,Female,27.6,154,171,124,Low,No,Yes,Yes,Yes
P09527,35,Female,26.7,158,193,128,Medium,No,No,Yes,Yes
P09528,23,Male,25.4,139,98,114,Medium,No,No,No,No
P09529,62,Male,25.6,189,98,20,Low,Yes,Yes,Yes,Yes
P09530,50,Female,23.2,126,144,87,Medium,No,No,No,No
P09531,40,Female,24.6,85,123,121,Low,No,No,No,No
P09532,40,Female,22.3,116,108,69,Medium,No,Yes,No,No
P09533,43,Female,25.1,117,115,159,Medium,No,No,No,No
P09534,30,Male,28.8,153,108,207,High,No,Yes,Yes,Yes
P09535,24,Male,31.1,122,86,65,Medium,No,No,No,No
P09536,32,Female,26.7,149,135,133,Low,No,Yes,Yes,No
P09537,61,Female,26.6,139,127,98,Low,No,Yes,No,No
P09538,44,Male,27.7,130,109,125,Low,No,Yes,No,Yes
P09539,43,Male,31.9,132,65,100,Medium,No,Yes,No,No
P09540,50,Male,25.9,130,113,97,High,No,Yes,No,No
P09541,32,Male,29.3,145,194,84,Medium,Yes,Yes,Yes,Yes
P09542,53,Female,28.9,120,113,128,High,No,Yes,No,No
P09543,62,Male,23.9,118,114,37,Medium,No,Yes,No,No
P09544,72,Male,30.5,132,108,73,Medium,No,Yes,No,No
P09545,44,Male,16.6,129,147,109,High,No,Yes,No,No
P09546,74,Female,32.3,121,163,78,Low,No,Yes,No,Yes
P09547,22,Female,21.0,164,102,160,Low,Yes,No,Yes,Yes
P09548,78,Male,26.3,138,72,129,High,No,Yes,No,No
P09549,19,Male,31.1,115,113,57,Medium,No,Yes,No,No
P09550,72,Female,24.9,136,107,94,Medium,No,No,No,No
P09551,75,Female,28.2,108,118,140,Medium,No,No,No,No
P09552,50,Male,31.2,104,167,119,Medium,Yes,No,No,No
P09553,33,Female,36.2,139,89,99,Medium,No,No,No,No
P09554,40,Male,26.9,110,140,98,Medium,Yes,No,No,No
P09555,55,Female,27.9,126,140,158,Low,No,No,No,No
P09556,72,Male,27.2,106,143,45,Low,No,No,No,No
P09557,33,Male,25.9,120,149,187,Medium,No,No,No,No
P09558,31,Female,20.3,117,65,114,Medium,No,No,No,No
P09559,46,Male,21.4,123,146,182,Low,No,No,No,No
P09560,43,Female,26.9,167,125,104,High,No,No,Yes,No
P09561,52,Female,28.7,148,101,217,Low,Yes,Yes,Yes,Yes
P09562,32,Female,33.3,123,183,77,Medium,No,Yes,No,Yes
P09563,20,Male,26.0,121,156,108,Medium,No,No,No,No
P09564,40,Male,34.6,112,97,142,Low,No,No,No,No
P09565,46,Male,21.0,106,108,140,Low,No,Yes,No,No
P09566,51,Female,28.1,122,163,66,High,No,Yes,No,No
P09567,50,Male,25.7,149,124,40,Low,No,No,Yes,No
P09568,58,Male,20.4,85,80,67,Low,Yes,Yes,No,No
P09569,58,Male,18.5,143,187,94,High,No,No,Yes,No
P09570,40,Male,24.8,146,116,98,Low,No,No,Yes,Yes
P09571,24,Female,25.2,87,126,110,Medium,Yes,Yes,No,No
P09572,20,Male,22.6,126,141,138,Low,No,Yes,No,No
P09573,75,Female,30.8,117,96,100,Medium,Yes,No,No,No
P09574,49,Female,25.0,122,170,20,Medium,Yes,No,No,No
P09575,48,Female,22.1,129,93,149,Medium,No,No,No,No
P09576,35,Female,25.8,131,133,157,High,No,Yes,No,No
P09577,60,Male,23.8,100,107,120,Medium,No,No,No,No
P09578,24,Male,35.2,154,162,92,Medium,No,No,Yes,No
P09579,58,Male,25.4,116,145,116,Medium,No,No,No,No
P09580,18,Female,22.4,172,119,157,Low,No,Yes,Yes,No
P09581,78,Male,35.2,108,71,55,Medium,No,No,No,No
P09582,31,Female,30.6,106,138,77,Medium,No,Yes,No,No
P09583,69,Male,27.5,131,130,77,Medium,No,No,No,No
P09584,49,Male,23.0,141,71,54,Low,No,Yes,Yes,No
P09585,23,Male,30.8,148,132,225,High,Yes,Yes,Yes,No
P09586,56,Female,19.7,107,148,111,Medium,Yes,Yes,No,No
P09587,27,Male,30.5,119,127,54,Low,Yes,No,No,No
P09588,24,Female,28.3,159,108,43,Low,No,Yes,Yes,No
P09589,43,Female,32.0,118,173,143,Medium,Yes,No,No,No
P09590,51,Female,16.0,141,189,156,Medium,No,Yes,Yes,Yes
P09591,47,Male,22.4,91,86,148,High,No,No,No,No
P09592,53,Male,22.0,96,161,189,Low,No,Yes,No,No
P09593,38,Female,21.4,142,140,85,Medium,No,No,Yes,No
P09594,79,Female,29.1,122,104,47,High,No,No,No,No
P09595,77,Female,25.5,139,118,221,High,No,No,No,No
P09596,34,Female,22.6,114,119,74,Medium,No,No,No,No
P09597,50,Female,21.5,95,162,134,Medium,No,No,No,No
P09598,27,Male,22.2,127,109,67,High,Yes,No,No,No
P09599,68,Male,31.3,100,65,153,Low,No,No,No,No
P09600,80,Male,26.7,127,118,47,High,No,Yes,No,No
P09601,64,Female,31.2,108,158,220,High,No,Yes,No,No
P09602,59,Female,40.3,137,167,122,High,No,No,No,No
P09603,68,Male,26.9,120,111,44,High,Yes,No,No,No
P09604,29,Male,19.9,120,142,20,Low,No,Yes,No,No
P09605,73,Female,26.3,131,167,102,Low,No,No,No,No
P09606,33,Female,36.4,142,148,155,Low,No,No,Yes,No
P09607,58,Female,32.4,128,197,84,Low,No,Yes,No,No
P09608,49,Male,23.8,157,174,163,Medium,No,Yes,Yes,Yes
P09609,32,Female,25.5,156,110,59,Medium,No,Yes,Yes,No
P09610,79,Female,30.9,112,122,139,High,No,Yes,No,No
P09611,44,Female,29.4,105,184,92,Low,Yes,No,No,No
P09612,45,Male,30.9,103,84,138,Medium,No,Yes,No,No
P09613,34,Female,25.8,157,123,68,Medium,No,No,Yes,No
P09614,63,Male,28.9,103,192,79,Medium,No,No,No,Yes
P09615,76,Female,25.5,118,196,43,Low,Yes,No,No,Yes
P09616,67,Female,34.0,125,135,158,Low,No,No,No,No
P09617,75,Male,19.4,157,67,83,Low,No,Yes,Yes,No
P09618,19,Female,19.4,101,112,83,Medium,No,No,No,No
P09619,80,Male,23.4,145,150,82,High,Yes,No,Yes,Yes
P09620,53,Female,23.6,125,97,130,Medium,No,Yes,No,No
P09621,67,Male,19.4,123,207,20,Medium,No,No,No,No
P09622,24,Female,18.5,125,117,47,Medium,No,No,No,No
P09623,30,Male,32.3,112,172,166,Medium,No,Yes,No,No
P09624,32,Male,26.2,118,121,115,Medium,No,No,No,No
P09625,42,Female,25.8,112,136,78,High,No,Yes,No,No
P09626,40,Male,27.3,101,125,145,High,Yes,Yes,No,No
P09627,77,Female,35.0,104,105,114,Medium,No,Yes,No,No
P09628,39,Male,27.6,146,111,166,High,Yes,No,Yes,No
P09629,80,Female,26.4,119,150,78,High,No,Yes,No,No
P09630,43,Female,23.8,137,118,69,Medium,Yes,No,No,No
P09631,50,Female,30.0,122,110,43,Low,No,No,No,No
P09632,28,Female,26.7,121,146,154,Medium,No,No,No,No
P09633,27,Male,35.3,124,179,153,Low,No,No,No,No
P09634,42,Female,26.2,138,185,136,High,No,No,No,No
P09635,54,Female,32.0,113,90,61,Low,Yes,No,No,No
P09636,65,Female,23.4,122,98,41,High,No,No,No,No
P09637,60,Female,23.4,141,170,145,Medium,Yes,Yes,Yes,Yes
P09638,70,Female,17.9,145,108,116,Medium,No,No,Yes,No
P09639,55,Male,31.0,152,117,64,High,No,Yes,Yes,No
P09640,58,Female,26.8,108,78,133,High,No,No,No,No
P09641,62,Male,30.2,113,150,189,Low,No,No,No,No
P09642,41,Male,35.5,121,124,89,Low,No,No,No,No
P09643,57,Female,22.8,101,162,101,Medium,No,No,No,No
P09644,63,Female,22.0,141,153,147,Low,No,Yes,Yes,Yes
P09645,73,Male,23.1,130,162,161,Medium,Yes,No,No,Yes
P09646,50,Male,16.5,122,162,108,Low,No,No,No,No
P09647,34,Male,26.0,144,111,26,Medium,No,No,Yes,No
P09648,41,Female,31.4,111,125,153,Low,Yes,No,No,No
P09649,54,Male,27.2,145,132,76,Medium,No,Yes,Yes,No
P09650,74,Male,19.1,156,129,124,Medium,Yes,Yes,Yes,Yes
P09651,19,Female,25.2,131,149,156,High,No,No,No,No
P09652,49,Male,27.6,125,109,136,Medium,No,Yes,No,No
P09653,74,Female,31.8,128,136,110,Medium,No,Yes,No,No
P09654,77,Male,31.0,100,105,103,Low,No,Yes,No,No
P09655,79,Female,25.3,121,134,71,Medium,No,Yes,No,No
P09656,41,Male,25.3,162,138,117,Low,No,No,Yes,No
P09657,26,Female,30.0,163,84,57,High,No,No,Yes,No
P09658,21,Female,24.0,127,137,143,High,No,No,No,No
P09659,34,Male,31.3,115,173,147,Medium,No,No,No,No
P09660,34,Female,23.7,144,162,102,Low,No,No,Yes,Yes
P09661,70,Male,34.8,124,84,74,Medium,Yes,Yes,No,No
P09662,67,Female,28.2,142,81,26,Low,Yes,Yes,Yes,No
P09663,65,Female,17.2,112,143,68,Low,No,Yes,No,No
P09664,47,Female,30.2,131,130,73,Medium,No,No,No,No
P09665,57,Female,28.3,118,120,108,Medium,Yes,No,No,No
P09666,75,Female,29.4,125,65,65,Medium,No,No,No,No
P09667,28,Female,38.3,115,89,145,High,No,No,No,No
P09668,38,Female,25.7,122,170,169,Medium,No,Yes,No,Yes
P09669,38,Male,19.2,130,140,110,High,No,No,No,No
P09670,35,Male,33.3,138,195,44,Low,No,Yes,No,No
P09671,72,Female,18.1,122,155,20,Low,No,No,No,No
P09672,46,Female,23.3,151,137,108,Medium,No,Yes,Yes,No
P09673,41,Female,27.2,102,70,87,High,No,No,No,No
P09674,27,Male,22.5,98,137,59,Low,Yes,Yes,No,No
P09675,62,Female,26.7,114,122,92,Medium,No,No,No,No
P09676,34,Male,26.3,125,86,215,Low,No,Yes,No,No
P09677,35,Female,34.7,154,170,187,Medium,Yes,No,Yes,No
P09678,59,Female,16.0,122,127,184,Low,No,No,No,No
P09679,65,Female,27.4,108,140,85,Medium,No,Yes,No,Yes
P09680,37,Female,22.4,113,96,92,High,Yes,No,No,No
P09681,54,Female,24.2,126,138,149,Low,No,Yes,No,No
P09682,62,Male,30.4,106,119,107,High,Yes,No,No,No
P09683,35,Female,29.6,160,205,132,Medium,Yes,No,Yes,Yes
P09684,34,Male,28.7,85,106,48,Low,No,Yes,No,No
P09685,26,Male,20.7,111,101,125,Low,No,Yes,No,No
P09686,31,Female,32.9,115,134,38,Medium,No,No,No,No
P09687,66,Female,22.6,107,117,20,High,No,Yes,No,No
P09688,46,Female,33.9,137,133,88,Medium,No,No,No,No
P09689,48,Male,23.8,113,182,148,Medium,No,No,No,No
P09690,21,Male,32.2,136,91,122,Low,No,Yes,No,No
P09691,35,Male,27.5,153,129,97,Low,No,No,Yes,No
P09692,76,Female,18.6,147,103,20,Low,No,No,Yes,No
P09693,37,Male,25.2,128,102,32,Low,No,Yes,No,No
P09694,73,Male,35.5,125,120,92,Medium,No,No,No,No
P09695,73,Male,31.1,141,125,89,Low,No,No,Yes,No
P09696,64,Female,24.8,120,187,102,Medium,No,No,No,No
P09697,60,Male,33.5,116,107,186,Medium,Yes,Yes,No,No
P09698,61,Male,28.4,107,116,111,Low,Yes,No,No,No
P09699,26,Female,35.2,131,65,165,Medium,No,No,No,No
P09700,30,Female,26.6,106,141,73,High,Yes,No,No,No
P09701,32,Female,25.5,112,129,20,Low,Yes,No,No,No
P09702,44,Male,31.9,163,146,153,Low,Yes,No,Yes,No
P09703,32,Male,28.3,137,133,165,Low,No,No,No,No
P09704,45,Male,29.8,132,65,171,Medium,No,Yes,No,No
P09705,54,Female,22.7,112,186,63,Medium,No,No,No,No
P09706,72,Male,32.9,139,136,79,Medium,No,Yes,No,No
P09707,36,Female,31.9,107,138,80,Medium,No,No,No,No
P09708,43,Female,33.8,98,187,128,Medium,No,Yes,No,No
P09709,69,Male,20.2,115,108,62,Medium,Yes,Yes,No,No
P09710,43,Male,21.2,104,77,120,High,No,No,No,No
P09711,42,Male,23.3,133,87,146,Medium,No,No,No,No
P09712,43,Female,25.8,132,124,137,Low,No,No,No,No
P09713,43,Female,20.3,129,121,60,Medium,No,No,No,No
P09714,63,Male,30.2,136,182,148,Medium,No,Yes,No,Yes
P09715,45,Female,24.8,135,139,108,High,Yes,Yes,No,No
P09716,66,Male,33.3,113,74,79,Medium,No,No,No,No
P09717,35,Male,37.5,134,101,151,High,No,No,No,No
P09718,49,Male,24.0,131,104,108,High,No,No,No,No
P09719,70,Female,23.2,114,116,169,Medium,No,No,No,No
P09720,20,Female,30.7,119,100,153,Medium,No,Yes,No,No
P09721,19,Male,27.5,140,82,136,Low,Yes,No,Yes,No
P09722,50,Male,28.8,101,130,103,Medium,No,No,No,No
P09723,59,Female,33.6,131,109,41,Medium,Yes,No,No,Yes
P09724,36,Male,25.6,123,81,38,Low,Yes,No,No,No
P09725,34,Female,21.7,124,181,221,Medium,No,No,No,No
P09726,61,Male,20.8,120,123,129,High,No,Yes,No,No
P09727,50,Female,26.1,133,195,165,Low,No,No,No,Yes
P09728,29,Male,25.2,97,164,112,Low,No,No,No,No
P09729,66,Female,31.3,130,109,100,Medium,Yes,Yes,No,No
P09730,73,Male,34.0,106,190,109,Low,No,No,No,No
P09731,80,Female,33.9,144,164,115,High,No,No,Yes,Yes
P09732,20,Female,23.5,102,105,107,Medium,No,No,No,No
P09733,60,Female,23.0,85,114,178,Low,No,No,No,No
P09734,66,Female,17.9,94,135,144,Medium,No,No,No,No
P09735,72,Male,27.0,124,117,123,Medium,No,No,No,No
P09736,43,Female,31.4,97,161,144,Medium,No,Yes,No,No
P09737,52,Female,23.5,101,139,149,Low,No,Yes,No,No
P09738,25,Male,19.6,112,162,121,Low,No,No,No,No
P09739,69,Female,36.4,135,147,132,Medium,No,Yes,No,Yes
P09740,53,Male,23.5,111,101,139,Low,No,No,No,No
P09741,70,Female,26.4,121,68,136,Medium,No,Yes,No,No
P09742,71,Female,24.7,121,99,104,Medium,No,Yes,No,No
P09743,24,Female,20.3,99,199,142,Medium,No,No,No,No
P09744,63,Female,31.5,132,159,57,Medium,Yes,Yes,No,No
P09745,63,Female,18.3,166,129,112,Low,No,No,Yes,No
P09746,53,Female,32.6,94,174,105,Medium,No,No,No,No
P09747,33,Male,28.3,109,126,139,Low,No,No,No,No
P09748,41,Male,25.7,102,129,74,Low,Yes,No,No,No
P09749,78,Female,25.7,121,138,81,Low,No,No,No,No
P09750,71,Female,29.3,99,111,68,High,No,Yes,No,No
P09751,79,Male,23.8,148,94,134,High,No,No,Yes,No
P09752,18,Male,27.9,150,140,29,Medium,No,No,Yes,No
P09753,66,Female,22.6,137,126,64,Medium,Yes,Yes,No,No
P09754,42,Female,16.2,142,117,20,High,No,No,Yes,No
P09755,27,Female,30.1,127,144,74,Medium,No,No,No,No
P09756,71,Female,39.2,144,112,107,Medium,No,Yes,Yes,Yes
P09757,33,Female,29.8,120,153,159,Medium,No,Yes,No,Yes
P09758,33,Female,26.8,115,83,165,Low,No,No,No,No
P09759,75,Male,25.0,137,80,42,Low,No,No,No,No
P09760,25,Female,25.2,118,79,88,Low,No,Yes,No,No
P09761,46,Female,25.0,163,125,124,High,No,No,Yes,No
P09762,56,Male,28.0,144,78,90,High,No,No,Yes,No
P09763,45,Male,16.0,115,186,68,Low,No,Yes,No,Yes
P09764,23,Male,16.0,122,185,26,Low,Yes,Yes,No,Yes
P09765,33,Male,29.3,122,139,55,Low,No,No,No,No
P09766,37,Female,26.0,111,157,163,High,No,No,No,No
P09767,33,Male,22.1,141,95,156,Low,No,Yes,Yes,No
P09768,24,Male,21.9,109,166,226,High,No,No,No,No
P09769,58,Female,24.2,123,114,145,High,Yes,No,No,No
P09770,31,Male,24.9,111,123,61,High,No,No,No,No
P09771,60,Male,34.1,115,118,126,Medium,Yes,Yes,No,No
P09772,43,Female,21.6,139,100,130,High,No,Yes,No,No
P09773,43,Female,30.8,137,145,135,Medium,No,Yes,No,No
P09774,31,Female,30.0,119,106,98,High,No,Yes,No,No
P09775,24,Female,26.0,145,116,92,Medium,No,No,Yes,Yes
P09776,50,Female,30.8,135,65,127,Medium,No,No,No,No
P09777,43,Female,29.2,127,138,67,High,No,Yes,No,No
P09778,74,Female,20.7,141,121,154,High,Yes,Yes,Yes,No
P09779,62,Male,24.0,151,92,57,Medium,No,No,Yes,No
P09780,37,Male,28.9,133,117,52,Medium,No,Yes,No,No
P09781,80,Female,24.0,130,109,87,Low,No,No,No,No
P09782,20,Male,30.1,90,71,130,High,No,No,No,No
P09783,69,Female,32.8,130,182,151,Medium,No,No,No,Yes
P09784,21,Male,26.9,133,175,126,Medium,Yes,No,No,No
P09785,78,Female,24.0,131,150,78,Low,No,Yes,No,Yes
P09786,43,Male,23.4,109,169,98,Medium,No,No,No,No
P09787,28,Female,25.2,113,108,85,High,Yes,No,No,No
P09788,19,Male,24.8,138,125,153,Low,Yes,Yes,No,No
P09789,31,Female,31.3,118,106,114,High,No,Yes,No,No
P09790,61,Male,24.1,128,134,168,Medium,No,No,No,No
P09791,47,Male,26.1,87,158,140,High,No,No,No,No
P09792,66,Female,30.9,125,122,93,Medium,No,No,No,No
P09793,29,Male,25.4,140,80,99,Medium,Yes,No,Yes,No
P09794,43,Male,24.8,130,140,109,High,Yes,No,No,No
P09795,61,Male,31.4,122,104,102,Medium,No,No,No,No
P09796,50,Male,32.8,106,158,139,Medium,Yes,No,No,No
P09797,30,Male,27.2,93,191,124,Medium,No,No,No,No
P09798,31,Female,35.3,111,162,80,Low,Yes,No,No,No
P09799,41,Female,27.8,144,117,197,High,No,No,Yes,No
P09800,79,Male,31.4,124,129,114,Low,No,No,No,No
P09801,51,Female,36.8,137,122,62,High,Yes,No,No,No
P09802,61,Male,23.9,151,94,133,High,No,No,Yes,No
P09803,43,Female,24.4,127,106,58,Low,No,Yes,No,No
P09804,38,Male,31.0,140,120,119,Low,Yes,No,Yes,No
P09805,45,Male,26.2,145,117,103,Medium,No,No,Yes,No
P09806,65,Male,22.3,100,82,108,Low,Yes,No,No,No
P09807,53,Male,25.3,111,127,67,Medium,No,No,No,No
P09808,57,Female,19.9,95,123,100,Medium,No,Yes,No,No
P09809,19,Female,27.1,92,65,100,Low,No,No,No,No
P09810,59,Female,27.8,116,121,105,Medium,No,Yes,No,No
P09811,26,Male,32.4,120,65,188,Medium,No,No,No,No
P09812,40,Female,32.9,91,89,80,Medium,No,No,No,No
P09813,32,Female,25.4,133,84,115,Low,Yes,No,No,No
P09814,30,Male,37.5,116,117,46,High,No,No,No,No
P09815,40,Male,21.6,151,101,20,Low,Yes,Yes,Yes,Yes
P09816,34,Male,20.0,128,113,91,Low,Yes,Yes,No,No
P09817,79,Female,20.8,128,191,169,High,Yes,No,No,No
P09818,65,Female,21.1,121,91,48,Low,No,No,No,No
P09819,77,Male,30.8,123,163,137,Low,No,No,No,Yes
P09820,19,Female,35.4,132,146,158,High,No,No,No,No
P09821,37,Male,35.6,141,138,169,Medium,No,No,Yes,No
P09822,37,Female,17.6,101,168,135,Medium,Yes,No,No,No
P09823,76,Male,31.3,110,109,69,Medium,No,No,No,No
P09824,63,Female,34.6,130,120,50,Low,No,Yes,No,No
P09825,20,Female,32.0,124,95,20,Medium,No,No,No,No
P09826,72,Female,23.8,139,65,189,Medium,No,Yes,No,No
P09827,29,Male,27.8,113,129,144,Medium,No,Yes,No,No
P09828,57,Male,22.2,148,185,134,Medium,No,No,Yes,No
P09829,19,Male,30.7,116,77,20,Low,No,No,No,No
P09830,53,Female,19.7,119,80,133,Medium,No,Yes,No,No
P09831,31,Male,30.4,145,135,114,Medium,No,No,Yes,No
P09832,33,Female,23.4,135,117,120,High,No,Yes,No,No
P09833,36,Male,28.8,161,178,86,High,No,No,Yes,No
P09834,51,Male,25.7,142,107,112,Medium,No,No,Yes,No
P09835,61,Female,25.2,148,179,58,Medium,No,No,Yes,Yes
P09836,78,Female,31.7,120,141,108,Low,No,No,No,No
P09837,63,Male,34.6,148,165,48,High,No,Yes,Yes,No
P09838,23,Male,22.7,126,97,151,Medium,No,No,No,No
P09839,30,Female,27.9,85,117,143,Medium,Yes,Yes,No,No
P09840,53,Female,21.6,134,131,138,High,No,No,No,No
P09841,39,Male,24.7,135,137,37,Medium,No,Yes,No,No
P09842,35,Female,23.4,105,99,109,Medium,Yes,Yes,No,No
P09843,29,Male,20.7,131,107,138,Medium,No,No,No,No
P09844,69,Male,32.3,127,179,139,High,No,Yes,No,No
P09845,76,Male,27.5,147,157,185,Medium,No,Yes,Yes,Yes
P09846,71,Female,24.3,133,82,62,Medium,Yes,No,No,No
P09847,47,Male,26.7,125,134,91,Medium,Yes,No,No,No
P09848,70,Male,33.0,101,167,125,Low,No,No,No,No
P09849,68,Female,32.1,90,99,113,High,No,No,No,No
P09850,57,Female,29.8,148,144,144,Medium,No,Yes,Yes,No
P09851,24,Female,23.7,132,145,22,High,No,Yes,No,No
P09852,49,Male,27.6,121,66,90,Low,No,No,No,No
P09853,65,Female,21.5,135,98,91,Low,No,Yes,No,No
P09854,36,Female,26.6,121,107,140,High,Yes,No,No,No
P09855,23,Male,31.9,89,125,159,Low,No,Yes,No,No
P09856,37,Male,32.8,143,106,120,Medium,No,No,Yes,No
P09857,44,Male,23.8,146,139,195,High,No,No,Yes,No
P09858,70,Male,31.2,119,114,102,Medium,Yes,No,No,No
P09859,60,Female,30.1,124,70,77,Low,No,Yes,No,No
P09860,54,Male,25.8,114,65,178,Medium,No,No,No,No
P09861,65,Female,30.7,158,106,97,Medium,No,Yes,Yes,No
P09862,24,Male,33.1,147,130,72,Low,Yes,Yes,Yes,No
P09863,76,Male,31.3,110,125,151,High,No,No,No,No
P09864,22,Female,21.7,136,87,73,Medium,No,No,No,No
P09865,28,Female,25.6,109,154,130,Medium,No,No,No,No
P09866,32,Female,29.0,110,111,167,Medium,No,Yes,No,No
P09867,20,Male,23.0,117,155,105,Medium,No,No,No,No
P09868,75,Male,34.8,114,156,164,Medium,Yes,Yes,No,Yes
P09869,22,Female,28.6,97,154,124,Low,No,No,No,No
P09870,40,Female,24.7,149,147,36,Medium,No,Yes,Yes,No
P09871,70,Male,24.4,129,83,148,High,No,No,No,No
P09872,54,Female,23.5,153,118,175,Medium,No,No,Yes,No
P09873,26,Female,30.5,122,177,128,High,No,No,No,No
P09874,32,Male,31.1,99,116,90,Medium,Yes,No,No,No
P09875,20,Female,23.7,143,71,119,Low,No,Yes,Yes,No
P09876,46,Male,34.3,130,150,82,Low,No,Yes,No,No
P09877,23,Male,25.1,120,144,169,High,No,Yes,No,No
P09878,34,Male,23.0,147,121,118,Medium,No,Yes,Yes,No
P09879,43,Female,29.4,101,115,122,Medium,Yes,Yes,No,No
P09880,38,Female,21.0,143,133,99,Medium,No,No,Yes,No
P09881,25,Female,20.2,138,151,155,Medium,Yes,Yes,No,No
P09882,38,Female,22.2,129,128,66,High,Yes,Yes,No,No
P09883,74,Male,23.1,98,145,213,High,No,No,No,No
P09884,28,Male,30.7,142,183,109,Medium,Yes,No,Yes,No
P09885,55,Female,20.5,138,116,117,High,No,No,No,No
P09886,25,Female,28.8,130,219,64,Medium,Yes,Yes,No,No
P09887,59,Female,31.2,124,189,182,High,No,Yes,No,No
P09888,41,Female,34.2,105,108,127,High,Yes,No,No,No
P09889,78,Male,24.5,105,196,142,Low,No,No,No,No
P09890,52,Female,24.9,111,106,81,High,No,Yes,No,No
P09891,72,Male,37.2,97,210,168,Medium,No,Yes,No,Yes
P09892,31,Female,33.8,97,116,79,Medium,No,No,No,No
P09893,72,Female,25.6,117,143,148,Medium,No,No,No,No
P09894,31,Female,32.7,101,142,89,Low,No,No,No,No
P09895,27,Male,28.2,121,112,53,Low,Yes,No,No,No
P09896,29,Female,27.1,126,141,84,Low,Yes,No,No,No
P09897,55,Male,39.4,99,166,55,Medium,No,No,No,No
P09898,61,Male,32.4,140,128,103,High,No,No,Yes,No
P09899,72,Female,36.4,143,134,177,Medium,No,No,Yes,No
P09900,63,Male,21.7,86,153,187,Medium,No,No,No,No
P09901,51,Male,36.0,149,86,217,Low,No,No,Yes,No
P09902,58,Male,26.2,135,128,95,High,No,Yes,No,No
P09903,27,Female,26.2,127,169,102,Medium,No,No,No,No
P09904,75,Male,28.9,151,115,118,Medium,No,No,Yes,Yes
P09905,34,Male,29.6,127,146,32,High,No,Yes,No,No
P09906,34,Female,32.3,111,67,80,Low,No,No,No,No
P09907,20,Female,31.4,98,129,79,Medium,No,No,No,No
P09908,79,Male,23.7,123,120,66,Low,No,No,No,No
P09909,48,Male,22.0,123,127,90,High,Yes,No,No,No
P09910,68,Male,26.0,94,119,41,Low,Yes,No,No,No
P09911,18,Male,26.9,119,168,110,Low,Yes,No,No,No
P09912,29,Female,27.4,153,93,34,Low,No,No,Yes,No
P09913,56,Female,33.8,134,113,78,Low,No,Yes,No,Yes
P09914,21,Male,27.9,101,98,29,Medium,No,No,No,No
P09915,59,Female,40.2,130,79,157,Medium,No,No,No,No
P09916,30,Male,34.2,138,123,195,Low,No,No,No,No
P09917,51,Female,25.5,144,92,81,High,Yes,Yes,Yes,No
P09918,59,Female,18.1,136,134,66,Medium,No,Yes,No,Yes
P09919,38,Male,38.9,146,135,135,Low,Yes,No,Yes,Yes
P09920,39,Male,25.6,139,131,77,Medium,Yes,No,No,No
P09921,74,Male,31.6,121,145,51,Medium,Yes,No,No,No
P09922,21,Male,23.7,131,65,27,Low,No,No,No,No
P09923,35,Female,35.0,121,177,49,Medium,Yes,No,No,Yes
P09924,22,Female,31.2,132,123,158,Low,Yes,Yes,No,No
P09925,36,Male,21.6,138,149,160,Medium,Yes,No,No,No
P09926,19,Female,17.2,124,90,82,High,No,No,No,No
P09927,29,Female,27.9,130,80,126,Low,No,Yes,No,No
P09928,34,Male,29.5,116,143,163,High,No,No,No,No
P09929,27,Male,30.8,120,150,47,Low,No,No,No,No
P09930,51,Female,23.1,124,82,116,Low,No,No,No,No
P09931,23,Male,23.8,115,146,26,Medium,No,Yes,No,No
P09932,25,Male,17.6,149,150,96,Low,No,No,Yes,No
P09933,78,Female,24.2,136,147,140,Low,No,No,No,Yes
P09934,68,Female,18.8,138,130,168,Medium,No,Yes,No,No
P09935,28,Male,23.4,135,136,134,Low,No,Yes,No,No
P09936,80,Female,28.6,128,185,20,Medium,No,No,No,No
P09937,74,Male,28.6,103,105,55,Medium,No,No,No,No
P09938,80,Male,23.6,145,156,94,Low,Yes,Yes,Yes,Yes
P09939,29,Female,28.4,162,140,117,High,No,No,Yes,No
P09940,26,Female,34.4,137,77,113,Low,No,No,No,No
P09941,19,Male,25.6,111,75,73,Low,No,No,No,No
P09942,25,Male,20.6,136,131,150,High,Yes,No,No,No
P09943,75,Male,30.9,111,69,108,Medium,No,Yes,No,No
P09944,28,Female,32.5,116,65,54,Medium,No,No,No,No
P09945,77,Male,23.5,85,241,79,Low,No,Yes,No,Yes
P09946,70,Female,23.6,150,91,227,Medium,No,No,Yes,Yes
P09947,53,Male,17.1,131,157,164,Medium,No,No,No,No
P09948,27,Female,24.7,135,133,147,Low,No,Yes,No,No
P09949,38,Male,22.4,139,206,119,High,Yes,No,No,No
P09950,37,Female,19.4,134,191,60,Medium,Yes,Yes,No,Yes
P09951,65,Male,25.2,143,145,102,High,No,Yes,Yes,No
P09952,25,Male,27.0,150,75,76,High,No,No,Yes,No
P09953,53,Male,26.1,124,179,100,Low,No,No,No,Yes
P09954,46,Male,25.4,95,82,64,Low,Yes,Yes,No,No
P09955,59,Female,34.6,110,163,130,Low,Yes,No,No,Yes
P09956,29,Female,28.5,136,90,71,Low,No,Yes,No,No
P09957,78,Female,30.3,107,108,75,High,No,No,No,No
P09958,31,Female,36.1,124,206,125,High,No,No,No,No
P09959,65,Female,31.9,170,134,194,High,Yes,Yes,Yes,Yes
P09960,71,Male,25.6,144,98,58,Medium,No,No,Yes,No
P09961,67,Female,17.7,89,117,74,Medium,No,Yes,No,No
P09962,38,Female,25.1,167,133,108,Medium,No,No,Yes,No
P09963,39,Female,34.3,150,95,83,High,No,No,Yes,No
P09964,38,Female,31.9,137,148,20,Low,No,Yes,No,No
P09965,61,Male,25.2,127,96,177,Medium,No,Yes,No,No
P09966,67,Male,26.6,100,65,57,Medium,No,No,No,No
P09967,47,Male,27.6,118,117,120,High,No,No,No,No
P09968,56,Male,23.9,89,104,139,Low,No,No,No,No
P09969,37,Female,24.2,142,130,56,Medium,Yes,No,Yes,No
P09970,41,Female,23.8,128,118,118,High,No,No,No,No
P09971,40,Male,29.5,112,155,134,Medium,No,No,No,No
P09972,24,Male,21.7,143,150,20,Low,No,No,Yes,No
P09973,26,Female,34.2,131,65,97,Medium,No,No,No,No
P09974,18,Female,27.0,155,123,123,Low,No,No,Yes,No
P09975,43,Male,21.5,117,109,148,Medium,No,No,No,No
P09976,55,Male,32.1,150,114,26,Medium,Yes,No,Yes,Yes
P09977,55,Male,34.5,129,65,110,High,Yes,No,No,No
P09978,71,Male,42.7,111,65,147,Low,No,Yes,No,No
P09979,78,Female,33.9,136,177,120,Low,No,No,No,Yes
P09980,61,Female,22.6,126,117,138,Medium,Yes,No,No,No
P09981,39,Female,28.1,133,135,138,Low,No,Yes,No,No
P09982,61,Male,39.6,107,101,65,Medium,No,No,No,No
P09983,27,Female,23.1,85,75,147,High,No,No,No,No
P09984,72,Female,20.7,116,106,139,Medium,No,Yes,No,No
P09985,79,Male,25.1,135,90,83,Low,Yes,No,No,No
P09986,75,Male,21.9,135,146,102,Medium,No,No,No,Yes
P09987,23,Male,24.0,117,137,142,Low,No,Yes,No,No
P09988,34,Male,23.7,129,148,163,Medium,No,No,No,No
P09989,68,Male,30.6,118,139,97,Medium,No,No,No,No
P09990,67,Male,20.5,123,65,123,High,No,No,No,No
P09991,55,Female,27.7,148,112,166,High,No,No,Yes,No
P09992,41,Female,23.2,101,96,82,High,Yes,Yes,No,No
P09993,68,Female,29.7,159,131,175,Low,No,No,Yes,Yes
P09994,27,Female,30.3,128,102,66,High,No,No,No,No
P09995,73,Female,31.5,161,136,97,High,Yes,Yes,Yes,Yes
P09996,25,Female,31.5,159,137,139,Medium,No,No,Yes,Yes
P09997,38,Male,23.9,85,116,159,High,Yes,No,No,No
P09998,73,Male,27.0,128,135,115,Low,No,No,No,No
P09999,23,Male,34.3,107,138,22,Medium,No,No,No,No
P10000,38,Female,29.2,123,129,96,Low,No,Yes,No,No
